Symbol,Name,Sector,Industry,Type,MarketCap,Analyst Rating,Rating Source,Rating Updated ET,Source,SourceSymbol
NVDA,NVIDIA Corporation Common Stock,Technology,Semiconductors,Stock,5084136000000.0,Strong Buy,Nasdaq Stock Screener analyst consensus,"Sep 14, 2026 08:06:46 PM EDT",Nasdaq Stock Screener,NVDA
AAPL,Apple Inc. Common Stock,Technology,Computer Manufacturing,Stock,4861029474400.0,Buy,Nasdaq Stock Screener analyst consensus,"Sep 14, 2026 08:06:46 PM EDT",Nasdaq Stock Screener,AAPL
GOOGL,Alphabet Inc. Class A Common Stock,Technology,Computer Software: Programming Data Processing,Stock,4273039700000.0,Strong Buy,Nasdaq Stock Screener analyst consensus,"Sep 14, 2026 08:06:46 PM EDT",Nasdaq Stock Screener,GOOGL
GOOG,Alphabet Inc. Class C Capital Stock,Technology,Computer Software: Programming Data Processing,Stock,4228033300000.0,Strong Buy,Nasdaq Stock Screener analyst consensus,"Sep 14, 2026 08:06:46 PM EDT",Nasdaq Stock Screener,GOOG
MSFT,Microsoft Corporation Common Stock,Technology,Computer Software: Prepackaged Software,Stock,3752944946606.0,Strong Buy,Nasdaq Stock Screener analyst consensus,"Sep 14, 2026 08:06:46 PM EDT",Nasdaq Stock Screener,MSFT
AMZN,Amazon.com Inc. Common Stock,Consumer Discretionary,Catalog/Specialty Distribution,Stock,2734761943045.0,Strong Buy,Nasdaq Stock Screener analyst consensus,"Sep 14, 2026 08:06:46 PM EDT",Nasdaq Stock Screener,AMZN
TSM,Taiwan Semiconductor Manufacturing Company Ltd.,Technology,Semiconductors,Stock,2168010914921.0,Strong Buy,Nasdaq Stock Screener analyst consensus,"Sep 14, 2026 08:06:46 PM EDT",Nasdaq Stock Screener,TSM
SPCX,Space Exploration Technologies Corp. Class A Common Stock,Technology,Computer Software: Programming Data Processing,Stock,2010813523744.0,Strong Buy,Nasdaq Stock Screener analyst consensus,"Sep 14, 2026 08:06:46 PM EDT",Nasdaq Stock Screener,SPCX
META,Meta Platforms Inc. Class A Common Stock,Technology,Computer Software: Programming Data Processing,Stock,1695620143360.0,Strong Buy,Nasdaq Stock Screener analyst consensus,"Sep 14, 2026 08:06:46 PM EDT",Nasdaq Stock Screener,META
AVGO,Broadcom Inc. Common Stock,Technology,Semiconductors,Stock,1645565687063.0,Strong Buy,Nasdaq Stock Screener analyst consensus,"Sep 14, 2026 08:06:46 PM EDT",Nasdaq Stock Screener,AVGO
TSLA,Tesla Inc. Common Stock,Industrials,Auto Manufacturing,Stock,1417769028024.0,Buy,Nasdaq Stock Screener analyst consensus,"Sep 14, 2026 08:06:46 PM EDT",Nasdaq Stock Screener,TSLA
SKHY,SK hynix Inc. American Depositary Shares,Technology,Semiconductors,Stock,1280106477650.0,Strong Buy,Nasdaq Stock Screener analyst consensus,"Sep 14, 2026 08:06:46 PM EDT",Nasdaq Stock Screener,SKHY
BRK-B,Berkshire Hathaway Inc.,,,Stock,1136140040496.0,Not Rated,Nasdaq Stock Screener — no consensus rating returned,"Sep 14, 2026 08:06:46 PM EDT",Nasdaq Stock Screener,BRK/B
BRK-A,Berkshire Hathaway Inc.,,,Stock,1135176456397.0,Not Rated,Nasdaq Stock Screener — no consensus rating returned,"Sep 14, 2026 08:06:46 PM EDT",Nasdaq Stock Screener,BRK/A
LLY,Eli Lilly and Company Common Stock,Health Care,Biotechnology: Pharmaceutical Preparations,Stock,1071527919948.0,Strong Buy,Nasdaq Stock Screener analyst consensus,"Sep 14, 2026 08:06:46 PM EDT",Nasdaq Stock Screener,LLY
MU,Micron Technology Inc. Common Stock,Technology,Semiconductors,Stock,1043593153319.0,Strong Buy,Nasdaq Stock Screener analyst consensus,"Sep 14, 2026 08:06:46 PM EDT",Nasdaq Stock Screener,MU
JPM,JP Morgan Chase & Co. Common Stock,Finance,Major Banks,Stock,930710732455.0,Strong Buy,Nasdaq Stock Screener analyst consensus,"Sep 14, 2026 08:06:46 PM EDT",Nasdaq Stock Screener,JPM
WMT,Walmart Inc. Common Stock,Consumer Discretionary,Department/Specialty Retail Stores,Stock,865413039968.0,Strong Buy,Nasdaq Stock Screener analyst consensus,"Sep 14, 2026 08:06:46 PM EDT",Nasdaq Stock Screener,WMT
AMD,Advanced Micro Devices Inc. Common Stock,Technology,Semiconductors,Stock,805479510473.0,Strong Buy,Nasdaq Stock Screener analyst consensus,"Sep 14, 2026 08:06:46 PM EDT",Nasdaq Stock Screener,AMD
XOM,ExxonMobil Holdings Corporation Common Stock,Energy,Integrated oil Companies,Stock,678794426357.0,Buy,Nasdaq Stock Screener analyst consensus,"Sep 14, 2026 08:06:46 PM EDT",Nasdaq Stock Screener,XOM
V,Visa Inc.,Consumer Discretionary,Business Services,Stock,670533500838.0,Strong Buy,Nasdaq Stock Screener analyst consensus,"Sep 14, 2026 08:06:46 PM EDT",Nasdaq Stock Screener,V
JNJ,Johnson & Johnson Common Stock,Health Care,Biotechnology: Pharmaceutical Preparations,Stock,641804194353.0,Strong Buy,Nasdaq Stock Screener analyst consensus,"Sep 14, 2026 08:06:46 PM EDT",Nasdaq Stock Screener,JNJ
ASML,ASML Holding N.V. New York Registry Shares,Technology,Industrial Machinery/Components,Stock,607090635025.0,Strong Buy,Nasdaq Stock Screener analyst consensus,"Sep 14, 2026 08:06:46 PM EDT",Nasdaq Stock Screener,ASML
INTC,Intel Corporation Common Stock,Technology,Semiconductors,Stock,513655905774.0,Buy,Nasdaq Stock Screener analyst consensus,"Sep 14, 2026 08:06:46 PM EDT",Nasdaq Stock Screener,INTC
MA,Mastercard Incorporated Common Stock,Consumer Discretionary,Business Services,Stock,503197629735.0,Strong Buy,Nasdaq Stock Screener analyst consensus,"Sep 14, 2026 08:06:46 PM EDT",Nasdaq Stock Screener,MA
ABBV,AbbVie Inc. Common Stock,Health Care,Biotechnology: Pharmaceutical Preparations,Stock,462578291694.0,Strong Buy,Nasdaq Stock Screener analyst consensus,"Sep 14, 2026 08:06:46 PM EDT",Nasdaq Stock Screener,ABBV
CSCO,Cisco Systems Inc. Common Stock (DE),Telecommunications,Computer Communications Equipment,Stock,433921111242.0,Strong Buy,Nasdaq Stock Screener analyst consensus,"Sep 14, 2026 08:06:46 PM EDT",Nasdaq Stock Screener,CSCO
CVX,Chevron Corporation Common Stock,Energy,Integrated oil Companies,Stock,419199391205.0,Strong Buy,Nasdaq Stock Screener analyst consensus,"Sep 14, 2026 08:06:46 PM EDT",Nasdaq Stock Screener,CVX
ORCL,Oracle Corporation Common Stock,Technology,Computer Software: Prepackaged Software,Stock,417063396090.0,Strong Buy,Nasdaq Stock Screener analyst consensus,"Sep 14, 2026 08:06:46 PM EDT",Nasdaq Stock Screener,ORCL
PLTR,Palantir Technologies Inc. Class A Common Stock,Technology,Computer Software: Prepackaged Software,Stock,416299888619.0,Strong Buy,Nasdaq Stock Screener analyst consensus,"Sep 14, 2026 08:06:46 PM EDT",Nasdaq Stock Screener,PLTR
BAC,Bank of America Corporation Common Stock,Finance,Major Banks,Stock,415858745267.0,Strong Buy,Nasdaq Stock Screener analyst consensus,"Sep 14, 2026 08:06:46 PM EDT",Nasdaq Stock Screener,BAC
COST,Costco Wholesale Corporation Common Stock,Consumer Discretionary,Department/Specialty Retail Stores,Stock,407517107784.0,Strong Buy,Nasdaq Stock Screener analyst consensus,"Sep 14, 2026 08:06:46 PM EDT",Nasdaq Stock Screener,COST
KO,Coca-Cola Company (The) Common Stock,Consumer Staples,Beverages (Production/Distribution),Stock,384432774862.0,Strong Buy,Nasdaq Stock Screener analyst consensus,"Sep 14, 2026 08:06:46 PM EDT",Nasdaq Stock Screener,KO
CAT,Caterpillar Inc. Common Stock,Industrials,Construction/Ag Equipment/Trucks,Stock,360385112976.0,Strong Buy,Nasdaq Stock Screener analyst consensus,"Sep 14, 2026 08:06:46 PM EDT",Nasdaq Stock Screener,CAT
MRK,Merck & Company Inc. Common Stock (new),Health Care,Biotechnology: Pharmaceutical Preparations,Stock,357369811764.0,Strong Buy,Nasdaq Stock Screener analyst consensus,"Sep 14, 2026 08:06:46 PM EDT",Nasdaq Stock Screener,MRK
HSBC,HSBC Holdings plc. Common Stock,Finance,Savings Institutions,Stock,356861188827.0,Buy,Nasdaq Stock Screener analyst consensus,"Sep 14, 2026 08:06:46 PM EDT",Nasdaq Stock Screener,HSBC
UNH,UnitedHealth Group Incorporated Common Stock (DE),Health Care,Medical Specialities,Stock,344272503567.0,Strong Buy,Nasdaq Stock Screener analyst consensus,"Sep 14, 2026 08:06:46 PM EDT",Nasdaq Stock Screener,UNH
LRCX,Lam Research Corporation Common Stock,Technology,Industrial Machinery/Components,Stock,342223780290.0,Strong Buy,Nasdaq Stock Screener analyst consensus,"Sep 14, 2026 08:06:46 PM EDT",Nasdaq Stock Screener,LRCX
DELL,Dell Technologies Inc. Class C Common Stock,Technology,Computer Manufacturing,Stock,339702036070.0,Strong Buy,Nasdaq Stock Screener analyst consensus,"Sep 14, 2026 08:06:46 PM EDT",Nasdaq Stock Screener,DELL
PG,Procter & Gamble Company (The) Common Stock,Consumer Discretionary,Package Goods/Cosmetics,Stock,339669403058.0,Buy,Nasdaq Stock Screener analyst consensus,"Sep 14, 2026 08:06:46 PM EDT",Nasdaq Stock Screener,PG
AMAT,Applied Materials Inc. Common Stock,Technology,Semiconductors,Stock,336651971295.0,Strong Buy,Nasdaq Stock Screener analyst consensus,"Sep 14, 2026 08:06:46 PM EDT",Nasdaq Stock Screener,AMAT
NFLX,Netflix Inc. Common Stock,Consumer Discretionary,Consumer Electronics/Video Chains,Stock,334447634776.0,Strong Buy,Nasdaq Stock Screener analyst consensus,"Sep 14, 2026 08:06:46 PM EDT",Nasdaq Stock Screener,NFLX
GE,GE Aerospace Common Stock,Technology,Consumer Electronics/Appliances,Stock,329488351628.0,Strong Buy,Nasdaq Stock Screener analyst consensus,"Sep 14, 2026 08:06:46 PM EDT",Nasdaq Stock Screener,GE
MS,Morgan Stanley Common Stock,Finance,Investment Bankers/Brokers/Service,Stock,324447584601.0,Buy,Nasdaq Stock Screener analyst consensus,"Sep 14, 2026 08:06:46 PM EDT",Nasdaq Stock Screener,MS
HD,Home Depot Inc. (The) Common Stock,Consumer Discretionary,RETAIL: Building Materials,Stock,310151774035.0,Strong Buy,Nasdaq Stock Screener analyst consensus,"Sep 14, 2026 08:06:46 PM EDT",Nasdaq Stock Screener,HD
PANW,Palo Alto Networks Inc. Common Stock,Technology,Computer peripheral equipment,Stock,305882920000.0,Strong Buy,Nasdaq Stock Screener analyst consensus,"Sep 14, 2026 08:06:46 PM EDT",Nasdaq Stock Screener,PANW
PM,Philip Morris International Inc Common Stock,Health Care,Medicinal Chemicals and Botanical Products,Stock,303711414724.0,Strong Buy,Nasdaq Stock Screener analyst consensus,"Sep 14, 2026 08:06:46 PM EDT",Nasdaq Stock Screener,PM
GS,Goldman Sachs Group Inc. (The) Common Stock,Finance,Investment Bankers/Brokers/Service,Stock,287808378238.0,Buy,Nasdaq Stock Screener analyst consensus,"Sep 14, 2026 08:06:46 PM EDT",Nasdaq Stock Screener,GS
RY,Royal Bank Of Canada Common Stock,Finance,Commercial Banks,Stock,284029617563.0,Strong Buy,Nasdaq Stock Screener analyst consensus,"Sep 14, 2026 08:06:46 PM EDT",Nasdaq Stock Screener,RY
MUFG,Mitsubishi UFJ Financial Group Inc. Common Stock,Finance,Commercial Banks,Stock,283519613879.0,Strong Buy,Nasdaq Stock Screener analyst consensus,"Sep 14, 2026 08:06:46 PM EDT",Nasdaq Stock Screener,MUFG
WFC,Wells Fargo & Company Common Stock,Finance,Major Banks,Stock,268258981097.0,Strong Buy,Nasdaq Stock Screener analyst consensus,"Sep 14, 2026 08:06:46 PM EDT",Nasdaq Stock Screener,WFC
SAP,SAP  SE ADS,Technology,Computer Software: Prepackaged Software,Stock,268157903761.0,Strong Buy,Nasdaq Stock Screener analyst consensus,"Sep 14, 2026 08:06:46 PM EDT",Nasdaq Stock Screener,SAP
SHEL,Shell PLC American Depositary Shares (each representing two (2) Ordinary Shares),Energy,Oil & Gas Production,Stock,266787725322.0,Buy,Nasdaq Stock Screener analyst consensus,"Sep 14, 2026 08:06:46 PM EDT",Nasdaq Stock Screener,SHEL
NVS,Novartis AG Common Stock,Health Care,Biotechnology: Pharmaceutical Preparations,Stock,265214001864.0,Buy,Nasdaq Stock Screener analyst consensus,"Sep 14, 2026 08:06:46 PM EDT",Nasdaq Stock Screener,NVS
BABA,Alibaba Group Holding Limited American Depositary Shares each representing eight Ordinary share,Consumer Discretionary,Business Services,Stock,264608147746.0,Strong Buy,Nasdaq Stock Screener analyst consensus,"Sep 14, 2026 08:06:46 PM EDT",Nasdaq Stock Screener,BABA
RTX,RTX Corporation Common Stock,Industrials,Aerospace,Stock,263271075849.0,Strong Buy,Nasdaq Stock Screener analyst consensus,"Sep 14, 2026 08:06:46 PM EDT",Nasdaq Stock Screener,RTX
TM,Toyota Motor Corporation Common Stock,Industrials,Auto Manufacturing,Stock,257498359999.0,Strong Buy,Nasdaq Stock Screener analyst consensus,"Sep 14, 2026 08:06:46 PM EDT",Nasdaq Stock Screener,TM
ARM,Arm Holdings plc American Depositary Shares,Technology,Semiconductors,Stock,254319845781.0,Strong Buy,Nasdaq Stock Screener analyst consensus,"Sep 14, 2026 08:06:46 PM EDT",Nasdaq Stock Screener,ARM
AZN,AstraZeneca PLC Ordinary Shares,Health Care,Biotechnology: Pharmaceutical Preparations,Stock,253977882825.0,Strong Buy,Nasdaq Stock Screener analyst consensus,"Sep 14, 2026 08:06:46 PM EDT",Nasdaq Stock Screener,AZN
CRWD,CrowdStrike Holdings Inc. Class A Common Stock,Technology,Computer Software: Prepackaged Software,Stock,241013783110.0,Strong Buy,Nasdaq Stock Screener analyst consensus,"Sep 14, 2026 08:06:46 PM EDT",Nasdaq Stock Screener,CRWD
TXN,Texas Instruments Incorporated Common Stock,Technology,Semiconductors,Stock,240567705446.0,Strong Buy,Nasdaq Stock Screener analyst consensus,"Sep 14, 2026 08:06:46 PM EDT",Nasdaq Stock Screener,TXN
ANET,Arista Networks Inc. Common Stock,Telecommunications,Computer Communications Equipment,Stock,236870601141.0,Strong Buy,Nasdaq Stock Screener analyst consensus,"Sep 14, 2026 08:06:46 PM EDT",Nasdaq Stock Screener,ANET
IBM,International Business Machines Corporation Common Stock,Technology,Computer Manufacturing,Stock,234676255205.0,Buy,Nasdaq Stock Screener analyst consensus,"Sep 14, 2026 08:06:46 PM EDT",Nasdaq Stock Screener,IBM
GEV,GE Vernova Inc. Common Stock,Technology,Consumer Electronics/Appliances,Stock,232977963316.0,Strong Buy,Nasdaq Stock Screener analyst consensus,"Sep 14, 2026 08:06:46 PM EDT",Nasdaq Stock Screener,GEV
C,Citigroup Inc. Common Stock,Finance,Major Banks,Stock,228433341109.0,Strong Buy,Nasdaq Stock Screener analyst consensus,"Sep 14, 2026 08:06:46 PM EDT",Nasdaq Stock Screener,C
SNDK,Sandisk Corporation Common Stock,Technology,Electronic Components,Stock,227240825362.0,Strong Buy,Nasdaq Stock Screener analyst consensus,"Sep 14, 2026 08:06:46 PM EDT",Nasdaq Stock Screener,SNDK
TMO,Thermo Fisher Scientific Inc Common Stock,Industrials,Industrial Machinery/Components,Stock,226884329635.0,Strong Buy,Nasdaq Stock Screener analyst consensus,"Sep 14, 2026 08:06:46 PM EDT",Nasdaq Stock Screener,TMO
AXP,American Express Company Common Stock,Finance,Finance: Consumer Services,Stock,221353057061.0,Buy,Nasdaq Stock Screener analyst consensus,"Sep 14, 2026 08:06:46 PM EDT",Nasdaq Stock Screener,AXP
KLAC,KLA Corporation Common Stock,Technology,Electronic Components,Stock,220923995537.0,Strong Buy,Nasdaq Stock Screener analyst consensus,"Sep 14, 2026 08:06:46 PM EDT",Nasdaq Stock Screener,KLAC
BHP,BHP Group Limited American Depositary Shares (Each representing two Ordinary Shares),Energy,Coal Mining,Stock,215416808712.0,Buy,Nasdaq Stock Screener analyst consensus,"Sep 14, 2026 08:06:46 PM EDT",Nasdaq Stock Screener,BHP
LIN,Linde plc Ordinary Shares,Basic Materials,Major Chemicals,Stock,214083797499.0,Strong Buy,Nasdaq Stock Screener analyst consensus,"Sep 14, 2026 08:06:46 PM EDT",Nasdaq Stock Screener,LIN
CRM,Salesforce Inc. Common Stock,Technology,Computer Software: Prepackaged Software,Stock,213510890000.0,Strong Buy,Nasdaq Stock Screener analyst consensus,"Sep 14, 2026 08:06:46 PM EDT",Nasdaq Stock Screener,CRM
SAN,Banco Santander S.A. Sponsored ADR (Spain),Finance,Commercial Banks,Stock,213357202332.0,Strong Buy,Nasdaq Stock Screener analyst consensus,"Sep 14, 2026 08:06:46 PM EDT",Nasdaq Stock Screener,SAN
VZ,Verizon Communications Inc. Common Stock,Telecommunications,Telecommunications Equipment,Stock,213098420111.0,Buy,Nasdaq Stock Screener analyst consensus,"Sep 14, 2026 08:06:46 PM EDT",Nasdaq Stock Screener,VZ
AMGN,Amgen Inc. Common Stock,Health Care,Biotechnology: Biological Products (No Diagnostic Substances),Stock,206251109908.0,Buy,Nasdaq Stock Screener analyst consensus,"Sep 14, 2026 08:06:46 PM EDT",Nasdaq Stock Screener,AMGN
TTE,TotalEnergies SE Ordinary Shares,Energy,Oil & Gas Production,Stock,198854884817.0,Strong Buy,Nasdaq Stock Screener analyst consensus,"Sep 14, 2026 08:06:46 PM EDT",Nasdaq Stock Screener,TTE
TD,Toronto Dominion Bank (The) Common Stock,Finance,Commercial Banks,Stock,198131349210.0,Buy,Nasdaq Stock Screener analyst consensus,"Sep 14, 2026 08:06:46 PM EDT",Nasdaq Stock Screener,TD
TMUS,T-Mobile US Inc. Common Stock,Telecommunications,Telecommunications Equipment,Stock,196191638018.0,Strong Buy,Nasdaq Stock Screener analyst consensus,"Sep 14, 2026 08:06:46 PM EDT",Nasdaq Stock Screener,TMUS
APH,Amphenol Corporation Common Stock,Technology,Electrical Products,Stock,193701701095.0,Strong Buy,Nasdaq Stock Screener analyst consensus,"Sep 14, 2026 08:06:46 PM EDT",Nasdaq Stock Screener,APH
NVO,Novo Nordisk A/S Common Stock,Health Care,Biotechnology: Pharmaceutical Preparations,Stock,192393581094.0,Hold,Nasdaq Stock Screener analyst consensus,"Sep 14, 2026 08:06:46 PM EDT",Nasdaq Stock Screener,NVO
MRVL,Marvell Technology Inc. Common Stock,Technology,Semiconductors,Stock,191883258000.0,Strong Buy,Nasdaq Stock Screener analyst consensus,"Sep 14, 2026 08:06:46 PM EDT",Nasdaq Stock Screener,MRVL
QCOM,QUALCOMM Incorporated Common Stock,Technology,Radio And Television Broadcasting And Communications Equipment,Stock,189199640868.0,Buy,Nasdaq Stock Screener analyst consensus,"Sep 14, 2026 08:06:46 PM EDT",Nasdaq Stock Screener,QCOM
DIS,Walt Disney Company (The) Common Stock,Consumer Discretionary,Services-Misc. Amusement & Recreation,Stock,187500930688.0,Strong Buy,Nasdaq Stock Screener analyst consensus,"Sep 14, 2026 08:06:46 PM EDT",Nasdaq Stock Screener,DIS
PEP,PepsiCo Inc. Common Stock,Consumer Staples,Beverages (Production/Distribution),Stock,186089315018.0,Buy,Nasdaq Stock Screener analyst consensus,"Sep 14, 2026 08:06:46 PM EDT",Nasdaq Stock Screener,PEP
SCHW,Charles Schwab Corporation (The) Common Stock,Finance,Investment Bankers/Brokers/Service,Stock,185575015469.0,Strong Buy,Nasdaq Stock Screener analyst consensus,"Sep 14, 2026 08:06:46 PM EDT",Nasdaq Stock Screener,SCHW
STX,Seagate Technology Holdings PLC Ordinary Shares (Ireland),Technology,Electronic Components,Stock,184244228758.0,Strong Buy,Nasdaq Stock Screener analyst consensus,"Sep 14, 2026 08:06:46 PM EDT",Nasdaq Stock Screener,STX
DE,Deere & Company Common Stock,Industrials,Industrial Machinery/Components,Stock,183738933262.0,Strong Buy,Nasdaq Stock Screener analyst consensus,"Sep 14, 2026 08:06:46 PM EDT",Nasdaq Stock Screener,DE
MCD,McDonald's Corporation Common Stock,Consumer Discretionary,Restaurants,Stock,182210617817.0,Strong Buy,Nasdaq Stock Screener analyst consensus,"Sep 14, 2026 08:06:46 PM EDT",Nasdaq Stock Screener,MCD
T,AT&T Inc.,Telecommunications,Telecommunications Equipment,Stock,181656743582.0,Strong Buy,Nasdaq Stock Screener analyst consensus,"Sep 14, 2026 08:06:46 PM EDT",Nasdaq Stock Screener,T
GILD,Gilead Sciences Inc. Common Stock,Health Care,Biotechnology: Biological Products (No Diagnostic Substances),Stock,181541834244.0,Strong Buy,Nasdaq Stock Screener analyst consensus,"Sep 14, 2026 08:06:46 PM EDT",Nasdaq Stock Screener,GILD
ABT,Abbott Laboratories Common Stock,Health Care,Biotechnology: Pharmaceutical Preparations,Stock,178385213985.0,Strong Buy,Nasdaq Stock Screener analyst consensus,"Sep 14, 2026 08:06:46 PM EDT",Nasdaq Stock Screener,ABT
ADI,Analog Devices Inc. Common Stock,Technology,Semiconductors,Stock,174937824174.0,Strong Buy,Nasdaq Stock Screener analyst consensus,"Sep 14, 2026 08:06:46 PM EDT",Nasdaq Stock Screener,ADI
SHOP,Shopify Inc. Class A Subordinate Voting Shares,Technology,Computer Software: Prepackaged Software,Stock,173496138137.0,Strong Buy,Nasdaq Stock Screener analyst consensus,"Sep 14, 2026 08:06:46 PM EDT",Nasdaq Stock Screener,SHOP
NEE,NextEra Energy Inc. Common Stock,Utilities,Electric Utilities: Central,Stock,170278401201.0,Buy,Nasdaq Stock Screener analyst consensus,"Sep 14, 2026 08:06:46 PM EDT",Nasdaq Stock Screener,NEE
UNP,Union Pacific Corporation Common Stock,Industrials,Railroads,Stock,169359042970.0,Strong Buy,Nasdaq Stock Screener analyst consensus,"Sep 14, 2026 08:06:46 PM EDT",Nasdaq Stock Screener,UNP
WELL,Welltower Inc. Common Stock,Real Estate,Real Estate Investment Trusts,Stock,168805674974.0,Strong Buy,Nasdaq Stock Screener analyst consensus,"Sep 14, 2026 08:06:46 PM EDT",Nasdaq Stock Screener,WELL
BA,Boeing Company (The) Common Stock,Industrials,Aerospace,Stock,166191104105.0,Strong Buy,Nasdaq Stock Screener analyst consensus,"Sep 14, 2026 08:06:46 PM EDT",Nasdaq Stock Screener,BA
BBVA,Banco Bilbao Vizcaya Argentaria S.A. Common Stock,Finance,Commercial Banks,Stock,166130989170.0,Buy,Nasdaq Stock Screener analyst consensus,"Sep 14, 2026 08:06:46 PM EDT",Nasdaq Stock Screener,BBVA
BLK,BlackRock Inc. Common Stock,Finance,Investment Bankers/Brokers/Service,Stock,165028682390.0,Strong Buy,Nasdaq Stock Screener analyst consensus,"Sep 14, 2026 08:06:46 PM EDT",Nasdaq Stock Screener,BLK
UBS,UBS Group AG Registered Ordinary Shares,Finance,Major Banks,Stock,164451034374.0,Buy,Nasdaq Stock Screener analyst consensus,"Sep 14, 2026 08:06:46 PM EDT",Nasdaq Stock Screener,UBS
COP,ConocoPhillips Common Stock,Energy,Integrated oil Companies,Stock,164186793255.0,Strong Buy,Nasdaq Stock Screener analyst consensus,"Sep 14, 2026 08:06:46 PM EDT",Nasdaq Stock Screener,COP
PFE,Pfizer Inc. Common Stock,Health Care,Biotechnology: Pharmaceutical Preparations,Stock,157994951887.0,Buy,Nasdaq Stock Screener analyst consensus,"Sep 14, 2026 08:06:46 PM EDT",Nasdaq Stock Screener,PFE
BUD,Anheuser-Busch Inbev SA Sponsored ADR (Belgium),Consumer Staples,Beverages (Production/Distribution),Stock,157415660370.0,Strong Buy,Nasdaq Stock Screener analyst consensus,"Sep 14, 2026 08:06:46 PM EDT",Nasdaq Stock Screener,BUD
SCCO,Southern Copper Corporation Common Stock,Basic Materials,Metal Mining,Stock,157146376825.0,Sell,Nasdaq Stock Screener analyst consensus,"Sep 14, 2026 08:06:46 PM EDT",Nasdaq Stock Screener,SCCO
WDC,Western Digital Corporation Common Stock,Technology,Electronic Components,Stock,153929350631.0,Strong Buy,Nasdaq Stock Screener analyst consensus,"Sep 14, 2026 08:06:46 PM EDT",Nasdaq Stock Screener,WDC
ETN,Eaton Corporation PLC Ordinary Shares,Technology,Industrial Machinery/Components,Stock,152703344000.0,Strong Buy,Nasdaq Stock Screener analyst consensus,"Sep 14, 2026 08:06:46 PM EDT",Nasdaq Stock Screener,ETN
UBER,Uber Technologies Inc. Common Stock,Consumer Discretionary,Business Services,Stock,148351141588.0,Strong Buy,Nasdaq Stock Screener analyst consensus,"Sep 14, 2026 08:06:46 PM EDT",Nasdaq Stock Screener,UBER
NOW,ServiceNow Inc. Common Stock,Technology,Computer Software: Prepackaged Software,Stock,147189900000.0,Strong Buy,Nasdaq Stock Screener analyst consensus,"Sep 14, 2026 08:06:46 PM EDT",Nasdaq Stock Screener,NOW
SONY,Sony Group Corporation American Depositary Shares,Consumer Staples,Consumer Electronics/Appliances,Stock,144276405996.0,Strong Buy,Nasdaq Stock Screener analyst consensus,"Sep 14, 2026 08:06:46 PM EDT",Nasdaq Stock Screener,SONY
DHR,Danaher Corporation Common Stock,Industrials,Industrial Machinery/Components,Stock,142881915476.0,Strong Buy,Nasdaq Stock Screener analyst consensus,"Sep 14, 2026 08:06:46 PM EDT",Nasdaq Stock Screener,DHR
MFG,Mizuho Financial Group Inc. Sponosred ADR (Japan),Finance,Major Banks,Stock,141049922850.0,Buy,Nasdaq Stock Screener analyst consensus,"Sep 14, 2026 08:06:46 PM EDT",Nasdaq Stock Screener,MFG
TJX,TJX Companies Inc. (The) Common Stock,Consumer Discretionary,Clothing/Shoe/Accessory Stores,Stock,138585731945.0,Strong Buy,Nasdaq Stock Screener analyst consensus,"Sep 14, 2026 08:06:46 PM EDT",Nasdaq Stock Screener,TJX
UL,Unilever PLC American Depositary Shares (each representing One Ordinary Share),Consumer Discretionary,Package Goods/Cosmetics,Stock,136950589258.0,Buy,Nasdaq Stock Screener analyst consensus,"Sep 14, 2026 08:06:46 PM EDT",Nasdaq Stock Screener,UL
PBR,Petroleo Brasileiro S.A. Petrobras ADS,Energy,Oil & Gas Production,Stock,136298348958.0,Strong Buy,Nasdaq Stock Screener analyst consensus,"Sep 14, 2026 08:06:46 PM EDT",Nasdaq Stock Screener,PBR
ISRG,Intuitive Surgical Inc. Common Stock,Health Care,Industrial Specialties,Stock,133517901682.0,Strong Buy,Nasdaq Stock Screener analyst consensus,"Sep 14, 2026 08:06:46 PM EDT",Nasdaq Stock Screener,ISRG
CB,Chubb Limited  Common Stock,Finance,Property-Casualty Insurers,Stock,131885681799.0,Buy,Nasdaq Stock Screener analyst consensus,"Sep 14, 2026 08:06:46 PM EDT",Nasdaq Stock Screener,CB
BKNG,Booking Holdings Inc. Common Stock,Consumer Discretionary,Transportation Services,Stock,131754570675.0,Strong Buy,Nasdaq Stock Screener analyst consensus,"Sep 14, 2026 08:06:46 PM EDT",Nasdaq Stock Screener,BKNG
VRTX,Vertex Pharmaceuticals Incorporated Common Stock,Health Care,Biotechnology: Pharmaceutical Preparations,Stock,131675484627.0,Strong Buy,Nasdaq Stock Screener analyst consensus,"Sep 14, 2026 08:06:46 PM EDT",Nasdaq Stock Screener,VRTX
BMY,Bristol-Myers Squibb Company Common Stock,Health Care,Biotechnology: Pharmaceutical Preparations,Stock,130938009450.0,Buy,Nasdaq Stock Screener analyst consensus,"Sep 14, 2026 08:06:46 PM EDT",Nasdaq Stock Screener,BMY
ACN,Accenture plc Class A Ordinary Shares (Ireland),Consumer Discretionary,Business Services,Stock,130164490950.0,Buy,Nasdaq Stock Screener analyst consensus,"Sep 14, 2026 08:06:46 PM EDT",Nasdaq Stock Screener,ACN
MNST,Monster Beverage Corporation,Consumer Staples,Beverages (Production/Distribution),Stock,129885261857.0,Strong Buy,Nasdaq Stock Screener analyst consensus,"Sep 14, 2026 08:06:46 PM EDT",Nasdaq Stock Screener,MNST
NEM,Newmont Corporation,Basic Materials,Precious Metals,Stock,129677907792.0,Strong Buy,Nasdaq Stock Screener analyst consensus,"Sep 14, 2026 08:06:46 PM EDT",Nasdaq Stock Screener,NEM
PGR,Progressive Corporation (The) Common Stock,Finance,Property-Casualty Insurers,Stock,128494788605.0,Buy,Nasdaq Stock Screener analyst consensus,"Sep 14, 2026 08:06:46 PM EDT",Nasdaq Stock Screener,PGR
PLD,Prologis Inc. Common Stock,Real Estate,Real Estate Investment Trusts,Stock,128170394440.0,Strong Buy,Nasdaq Stock Screener analyst consensus,"Sep 14, 2026 08:06:46 PM EDT",Nasdaq Stock Screener,PLD
COF,Capital One Financial Corporation Common Stock,Finance,Major Banks,Stock,126795045904.0,Strong Buy,Nasdaq Stock Screener analyst consensus,"Sep 14, 2026 08:06:46 PM EDT",Nasdaq Stock Screener,COF
FTNT,Fortinet Inc. Common Stock,Technology,Computer peripheral equipment,Stock,124863389468.0,Buy,Nasdaq Stock Screener analyst consensus,"Sep 14, 2026 08:06:46 PM EDT",Nasdaq Stock Screener,FTNT
SMFG,Sumitomo Mitsui Financial Group Inc Unsponsored American Depositary Shares (Japan),Finance,Commercial Banks,Stock,124251170513.0,Buy,Nasdaq Stock Screener analyst consensus,"Sep 14, 2026 08:06:46 PM EDT",Nasdaq Stock Screener,SMFG
BTI,British American Tobacco  Industries p.l.c. Common Stock ADR,Health Care,Medicinal Chemicals and Botanical Products,Stock,123765509366.0,Strong Buy,Nasdaq Stock Screener analyst consensus,"Sep 14, 2026 08:06:46 PM EDT",Nasdaq Stock Screener,BTI
GLW,Corning Incorporated Common Stock,Industrials,Telecommunications Equipment,Stock,123695364332.0,Strong Buy,Nasdaq Stock Screener analyst consensus,"Sep 14, 2026 08:06:46 PM EDT",Nasdaq Stock Screener,GLW
SPGI,S&P Global Inc. Common Stock,Finance,Finance: Consumer Services,Stock,123385592000.0,Strong Buy,Nasdaq Stock Screener analyst consensus,"Sep 14, 2026 08:06:46 PM EDT",Nasdaq Stock Screener,SPGI
RIO,Rio Tinto Plc Common Stock,Basic Materials,Metal Mining,Stock,122639607342.0,Buy,Nasdaq Stock Screener analyst consensus,"Sep 14, 2026 08:06:46 PM EDT",Nasdaq Stock Screener,RIO
CVS,CVS Health Corporation Common Stock,Consumer Staples,Retail-Drug Stores and Proprietary Stores,Stock,122205618758.0,Strong Buy,Nasdaq Stock Screener analyst consensus,"Sep 14, 2026 08:06:46 PM EDT",Nasdaq Stock Screener,CVS
LMT,Lockheed Martin Corporation Common Stock,Industrials,Military/Government/Technical,Stock,122176008823.0,Buy,Nasdaq Stock Screener analyst consensus,"Sep 14, 2026 08:06:46 PM EDT",Nasdaq Stock Screener,LMT
BMO,Bank Of Montreal Common Stock,Finance,Commercial Banks,Stock,121140675064.0,Buy,Nasdaq Stock Screener analyst consensus,"Sep 14, 2026 08:06:46 PM EDT",Nasdaq Stock Screener,BMO
BP,BP p.l.c. Common Stock,Energy,Integrated oil Companies,Stock,120241543318.0,Buy,Nasdaq Stock Screener analyst consensus,"Sep 14, 2026 08:06:46 PM EDT",Nasdaq Stock Screener,BP
MDT,Medtronic plc. Ordinary Shares,Health Care,Biotechnology: Electromedical & Electrotherapeutic Apparatus,Stock,119983134082.0,Strong Buy,Nasdaq Stock Screener analyst consensus,"Sep 14, 2026 08:06:46 PM EDT",Nasdaq Stock Screener,MDT
MO,Altria Group Inc.,Health Care,Medicinal Chemicals and Botanical Products,Stock,117900618615.0,Buy,Nasdaq Stock Screener analyst consensus,"Sep 14, 2026 08:06:46 PM EDT",Nasdaq Stock Screener,MO
NET,Cloudflare Inc. Class A Common Stock,Technology,Computer Software: Prepackaged Software,Stock,117634494647.0,Strong Buy,Nasdaq Stock Screener analyst consensus,"Sep 14, 2026 08:06:46 PM EDT",Nasdaq Stock Screener,NET
HDB,HDFC Bank Limited Common Stock,Finance,Commercial Banks,Stock,117451400343.0,Strong Buy,Nasdaq Stock Screener analyst consensus,"Sep 14, 2026 08:06:46 PM EDT",Nasdaq Stock Screener,HDB
SNOW,Snowflake Inc. Common Stock,Technology,Computer Software: Prepackaged Software,Stock,117253080000.0,Strong Buy,Nasdaq Stock Screener analyst consensus,"Sep 14, 2026 08:06:46 PM EDT",Nasdaq Stock Screener,SNOW
PH,Parker-Hannifin Corporation Common Stock,Industrials,Metal Fabrications,Stock,117076670631.0,Strong Buy,Nasdaq Stock Screener analyst consensus,"Sep 14, 2026 08:06:46 PM EDT",Nasdaq Stock Screener,PH
BNS,Bank Nova Scotia Halifax Pfd 3 Ordinary Shares,Finance,Major Banks,Stock,114618743045.0,Buy,Nasdaq Stock Screener analyst consensus,"Sep 14, 2026 08:06:46 PM EDT",Nasdaq Stock Screener,BNS
SPOT,Spotify Technology S.A. Ordinary Shares,Consumer Discretionary,Broadcasting,Stock,114506693095.0,Strong Buy,Nasdaq Stock Screener analyst consensus,"Sep 14, 2026 08:06:46 PM EDT",Nasdaq Stock Screener,SPOT
PDD,PDD Holdings Inc. American Depositary Shares,Consumer Discretionary,Business Services,Stock,112989211154.0,Buy,Nasdaq Stock Screener analyst consensus,"Sep 14, 2026 08:06:46 PM EDT",Nasdaq Stock Screener,PDD
SBUX,Starbucks Corporation Common Stock,Consumer Discretionary,Restaurants,Stock,112939800000.0,Buy,Nasdaq Stock Screener analyst consensus,"Sep 14, 2026 08:06:46 PM EDT",Nasdaq Stock Screener,SBUX
APP,Applovin Corporation Class A Common Stock,Technology,Computer Software: Programming Data Processing,Stock,111853750240.0,Strong Buy,Nasdaq Stock Screener analyst consensus,"Sep 14, 2026 08:06:46 PM EDT",Nasdaq Stock Screener,APP
EQNR,Equinor ASA,Energy,Integrated oil Companies,Stock,111362071676.0,Hold,Nasdaq Stock Screener analyst consensus,"Sep 14, 2026 08:06:46 PM EDT",Nasdaq Stock Screener,EQNR
MPC,Marathon Petroleum Corporation Common Stock,Energy,Integrated oil Companies,Stock,111332977291.0,Strong Buy,Nasdaq Stock Screener analyst consensus,"Sep 14, 2026 08:06:46 PM EDT",Nasdaq Stock Screener,MPC
LOW,Lowe's Companies Inc. Common Stock,Consumer Discretionary,RETAIL: Building Materials,Stock,111184074945.0,Strong Buy,Nasdaq Stock Screener analyst consensus,"Sep 14, 2026 08:06:46 PM EDT",Nasdaq Stock Screener,LOW
VLO,Valero Energy Corporation Common Stock,Energy,Integrated oil Companies,Stock,110261821190.0,Buy,Nasdaq Stock Screener analyst consensus,"Sep 14, 2026 08:06:46 PM EDT",Nasdaq Stock Screener,VLO
ADP,Automatic Data Processing Inc. Common Stock,Technology,EDP Services,Stock,109894790936.0,Buy,Nasdaq Stock Screener analyst consensus,"Sep 14, 2026 08:06:46 PM EDT",Nasdaq Stock Screener,ADP
SYK,Stryker Corporation Common Stock,Health Care,Medical/Dental Instruments,Stock,108117734476.0,Strong Buy,Nasdaq Stock Screener analyst consensus,"Sep 14, 2026 08:06:46 PM EDT",Nasdaq Stock Screener,SYK
ING,ING Group N.V. Common Stock,Finance,Commercial Banks,Stock,107274096948.0,Strong Buy,Nasdaq Stock Screener analyst consensus,"Sep 14, 2026 08:06:46 PM EDT",Nasdaq Stock Screener,ING
BNY,The Bank of New York Mellon Corporation Common Stock,Finance,Major Banks,Stock,106972963028.0,Strong Buy,Nasdaq Stock Screener analyst consensus,"Sep 14, 2026 08:06:46 PM EDT",Nasdaq Stock Screener,BNY
MCK,McKesson Corporation Common Stock,Health Care,Other Pharmaceuticals,Stock,106207991175.0,Strong Buy,Nasdaq Stock Screener analyst consensus,"Sep 14, 2026 08:06:46 PM EDT",Nasdaq Stock Screener,MCK
SNY,Sanofi ADS,Health Care,Biotechnology: Pharmaceutical Preparations,Stock,105675552139.0,Buy,Nasdaq Stock Screener analyst consensus,"Sep 14, 2026 08:06:46 PM EDT",Nasdaq Stock Screener,SNY
ADBE,Adobe Inc. Common Stock,Technology,Computer Software: Prepackaged Software,Stock,105576000000.0,Buy,Nasdaq Stock Screener analyst consensus,"Sep 14, 2026 08:06:46 PM EDT",Nasdaq Stock Screener,ADBE
ENB,Enbridge Inc Common Stock,Energy,Natural Gas Distribution,Stock,105186672054.0,Buy,Nasdaq Stock Screener analyst consensus,"Sep 14, 2026 08:06:46 PM EDT",Nasdaq Stock Screener,ENB
IBN,ICICI Bank Limited Common Stock,Finance,Commercial Banks,Stock,104752446899.0,Strong Buy,Nasdaq Stock Screener analyst consensus,"Sep 14, 2026 08:06:46 PM EDT",Nasdaq Stock Screener,IBN
CNQ,Canadian Natural Resources Limited Common Stock,Energy,Oil & Gas Production,Stock,104104028800.0,Buy,Nasdaq Stock Screener analyst consensus,"Sep 14, 2026 08:06:46 PM EDT",Nasdaq Stock Screener,CNQ
CM,Canadian Imperial Bank of Commerce Common Stock,Finance,Commercial Banks,Stock,103661352275.0,Buy,Nasdaq Stock Screener analyst consensus,"Sep 14, 2026 08:06:46 PM EDT",Nasdaq Stock Screener,CM
HOOD,Robinhood Markets Inc. Class A Common Stock,Finance,Investment Bankers/Brokers/Service,Stock,102792076272.0,Strong Buy,Nasdaq Stock Screener analyst consensus,"Sep 14, 2026 08:06:46 PM EDT",Nasdaq Stock Screener,HOOD
PSX,Phillips 66 Common Stock,Energy,Integrated oil Companies,Stock,102572316667.0,Strong Buy,Nasdaq Stock Screener analyst consensus,"Sep 14, 2026 08:06:46 PM EDT",Nasdaq Stock Screener,PSX
ABNB,Airbnb Inc. Class A Common Stock,Consumer Discretionary,Diversified Commercial Services,Stock,102182776633.0,Buy,Nasdaq Stock Screener analyst consensus,"Sep 14, 2026 08:06:46 PM EDT",Nasdaq Stock Screener,ABNB
GSK,GSK plc American Depositary Shares (Each representing two Ordinary Shares),Health Care,Biotechnology: Pharmaceutical Preparations,Stock,101236416431.0,Buy,Nasdaq Stock Screener analyst consensus,"Sep 14, 2026 08:06:46 PM EDT",Nasdaq Stock Screener,GSK
CME,CME Group Inc. Class A Common Stock,Finance,Investment Bankers/Brokers/Service,Stock,100847600101.0,Buy,Nasdaq Stock Screener analyst consensus,"Sep 14, 2026 08:06:46 PM EDT",Nasdaq Stock Screener,CME
AEM,Agnico Eagle Mines Limited Common Stock,Basic Materials,Precious Metals,Stock,100268675155.0,Strong Buy,Nasdaq Stock Screener analyst consensus,"Sep 14, 2026 08:06:46 PM EDT",Nasdaq Stock Screener,AEM
SO,Southern Company (The) Common Stock,Utilities,Electric Utilities: Central,Stock,100081578042.0,Buy,Nasdaq Stock Screener analyst consensus,"Sep 14, 2026 08:06:46 PM EDT",Nasdaq Stock Screener,SO
ACWI,ACWI,iShares MSCI ACWI ETF,ETF / Fund,ETF,,Not Rated,Nasdaq ETF Screener — no stock-style analyst consensus,—,User ETF allowlist,ACWI
AIA,AIA,iShares Asia 50 ETF,ETF / Fund,ETF,,Not Rated,Nasdaq ETF Screener — no stock-style analyst consensus,—,User ETF allowlist,AIA
AIRR,AIRR,First Trust RBA American Industrial RenaissanceTM ETF,ETF / Fund,ETF,,Not Rated,Nasdaq ETF Screener — no stock-style analyst consensus,—,User ETF allowlist,AIRR
BBLU,BBLU,Ea Bridgeway Blue Chip ETF,ETF / Fund,ETF,,Not Rated,Nasdaq ETF Screener — no stock-style analyst consensus,—,User ETF allowlist,BBLU
BBP,BBP,Virtus LifeSci Biotech Products ETF,ETF / Fund,ETF,,Not Rated,Nasdaq ETF Screener — no stock-style analyst consensus,—,User ETF allowlist,BBP
BEDY,BEDY,Bny Mellon Enhanced Dividend Income ETF,ETF / Fund,ETF,,Not Rated,Nasdaq ETF Screener — no stock-style analyst consensus,—,User ETF allowlist,BEDY
BFOR,BFOR,Barron's 400 ETF,ETF / Fund,ETF,,Not Rated,Nasdaq ETF Screener — no stock-style analyst consensus,—,User ETF allowlist,BFOR
BSVO,BSVO,EA Bridgeway Omni Small-Cap Value ETF,ETF / Fund,ETF,,Not Rated,Nasdaq ETF Screener — no stock-style analyst consensus,—,User ETF allowlist,BSVO
CLSE,CLSE,Convergence Long/Short Equity ETF,ETF / Fund,ETF,,Not Rated,Nasdaq ETF Screener — no stock-style analyst consensus,—,User ETF allowlist,CLSE
CRAK,CRAK,VanEck Oil Refiners ETF,ETF / Fund,ETF,,Not Rated,Nasdaq ETF Screener — no stock-style analyst consensus,—,User ETF allowlist,CRAK
CRBN,CRBN,iShares Low Carbon Optimized MSCI ACWI ETF,ETF / Fund,ETF,,Not Rated,Nasdaq ETF Screener — no stock-style analyst consensus,—,User ETF allowlist,CRBN
CSD,CSD,Invesco S&P Spin-Off ETF,ETF / Fund,ETF,,Not Rated,Nasdaq ETF Screener — no stock-style analyst consensus,—,User ETF allowlist,CSD
CSM,CSM,ProShares Large Cap Core Plus,ETF / Fund,ETF,,Not Rated,Nasdaq ETF Screener — no stock-style analyst consensus,—,User ETF allowlist,CSM
DBAW,DBAW,Xtrackers MSCI All World ex US Hedged Equity ETF,ETF / Fund,ETF,,Not Rated,Nasdaq ETF Screener — no stock-style analyst consensus,—,User ETF allowlist,DBAW
DBEF,DBEF,Xtrackers MSCI EAFE Hedged Equity ETF,ETF / Fund,ETF,,Not Rated,Nasdaq ETF Screener — no stock-style analyst consensus,—,User ETF allowlist,DBEF
DBEU,DBEU,Xtrackers MSCI Europe Hedged Equity ETF,ETF / Fund,ETF,,Not Rated,Nasdaq ETF Screener — no stock-style analyst consensus,—,User ETF allowlist,DBEU
DBEZ,DBEZ,Xtrackers MSCI Eurozone Hedged Equity ETF,ETF / Fund,ETF,,Not Rated,Nasdaq ETF Screener — no stock-style analyst consensus,—,User ETF allowlist,DBEZ
DBJP,DBJP,Xtrackers MSCI Japan Hedged Equity ETF,ETF / Fund,ETF,,Not Rated,Nasdaq ETF Screener — no stock-style analyst consensus,—,User ETF allowlist,DBJP
DDIV,DDIV,First Trust Dorsey Wright Momentum & Dividend ETF,ETF / Fund,ETF,,Not Rated,Nasdaq ETF Screener — no stock-style analyst consensus,—,User ETF allowlist,DDIV
DDWM,DDWM,WisdomTree Dynamic International Equity ETF,ETF / Fund,ETF,,Not Rated,Nasdaq ETF Screener — no stock-style analyst consensus,—,User ETF allowlist,DDWM
DFAT,DFAT,Dimensional U.S. Targeted Value ETF,ETF / Fund,ETF,,Not Rated,Nasdaq ETF Screener — no stock-style analyst consensus,—,User ETF allowlist,DFAT
DFIV,DFIV,Dimensional International Value ETF,ETF / Fund,ETF,,Not Rated,Nasdaq ETF Screener — no stock-style analyst consensus,—,User ETF allowlist,DFIV
DFMC,DFMC,DFA US Micro Cap Portfolio ETF Class,ETF / Fund,ETF,,Not Rated,Nasdaq ETF Screener — no stock-style analyst consensus,—,User ETF allowlist,DFMC
DFUS,DFUS,Dimensional U.S. Equity Market ETF,ETF / Fund,ETF,,Not Rated,Nasdaq ETF Screener — no stock-style analyst consensus,—,User ETF allowlist,DFUS
DGRO,DGRO,iShares Core Dividend Growth ETF,ETF / Fund,ETF,,Not Rated,Nasdaq ETF Screener — no stock-style analyst consensus,—,User ETF allowlist,DGRO
DGT,DGT,State Street® SPDR® Global Dow ETF,ETF / Fund,ETF,,Not Rated,Nasdaq ETF Screener — no stock-style analyst consensus,—,User ETF allowlist,DGT
DIA,DIA,State Street® SPDR® Dow Jones Industrial Average® ETF Trust,ETF / Fund,ETF,,Not Rated,Nasdaq ETF Screener — no stock-style analyst consensus,—,User ETF allowlist,DIA
DIVI,DIVI,Franklin International Core Dividend Tilt Index ETF,ETF / Fund,ETF,,Not Rated,Nasdaq ETF Screener — no stock-style analyst consensus,—,User ETF allowlist,DIVI
DJD,DJD,Invesco Dow Jones Industrial Average Dividend ETF,ETF / Fund,ETF,,Not Rated,Nasdaq ETF Screener — no stock-style analyst consensus,—,User ETF allowlist,DJD
DLN,DLN,WisdomTree U.S. LargeCap Dividend Fund,ETF / Fund,ETF,,Not Rated,Nasdaq ETF Screener — no stock-style analyst consensus,—,User ETF allowlist,DLN
DSI,DSI,iShares ESG MSCI KLD 400 ETF,ETF / Fund,ETF,,Not Rated,Nasdaq ETF Screener — no stock-style analyst consensus,—,User ETF allowlist,DSI
DTD,DTD,WisdomTree U.S. Total Dividend Fund,ETF / Fund,ETF,,Not Rated,Nasdaq ETF Screener — no stock-style analyst consensus,—,User ETF allowlist,DTD
DVY,DVY,iShares Select Dividend ETF,ETF / Fund,ETF,,Not Rated,Nasdaq ETF Screener — no stock-style analyst consensus,—,User ETF allowlist,DVY
DXJ,DXJ,WisdomTree Japan Hedged Equity Fund,ETF / Fund,ETF,,Not Rated,Nasdaq ETF Screener — no stock-style analyst consensus,—,User ETF allowlist,DXJ
EFV,EFV,iShares MSCI EAFE Value ETF,ETF / Fund,ETF,,Not Rated,Nasdaq ETF Screener — no stock-style analyst consensus,—,User ETF allowlist,EFV
EINC,EINC,VanEck Energy Income ETF,ETF / Fund,ETF,,Not Rated,Nasdaq ETF Screener — no stock-style analyst consensus,—,User ETF allowlist,EINC
ENFR,ENFR,Alerian Energy Infrastructure ETF,ETF / Fund,ETF,,Not Rated,Nasdaq ETF Screener — no stock-style analyst consensus,—,User ETF allowlist,ENFR
EPS,EPS,WisdomTree U.S. LargeCap Fund,ETF / Fund,ETF,,Not Rated,Nasdaq ETF Screener — no stock-style analyst consensus,—,User ETF allowlist,EPS
EQL,EQL,ALPS Equal Sector Weight ETF,ETF / Fund,ETF,,Not Rated,Nasdaq ETF Screener — no stock-style analyst consensus,—,User ETF allowlist,EQL
EQWL,EQWL,Invesco S&P 100 Equal Weight ETF,ETF / Fund,ETF,,Not Rated,Nasdaq ETF Screener — no stock-style analyst consensus,—,User ETF allowlist,EQWL
ESG,ESG,Northern Trust STOXX US ESG Select ETF,ETF / Fund,ETF,,Not Rated,Nasdaq ETF Screener — no stock-style analyst consensus,—,User ETF allowlist,ESG
ESGG,ESGG,Northern Trust STOXX Global ESG Select ETF,ETF / Fund,ETF,,Not Rated,Nasdaq ETF Screener — no stock-style analyst consensus,—,User ETF allowlist,ESGG
ESN,ESN,Essential 40 Stock ETF,ETF / Fund,ETF,,Not Rated,Nasdaq ETF Screener — no stock-style analyst consensus,—,User ETF allowlist,ESN
EUFN,EUFN,iShares MSCI Europe Financials ETF,ETF / Fund,ETF,,Not Rated,Nasdaq ETF Screener — no stock-style analyst consensus,—,User ETF allowlist,EUFN
EWT,EWT,iShares MSCI Taiwan ETF,ETF / Fund,ETF,,Not Rated,Nasdaq ETF Screener — no stock-style analyst consensus,—,User ETF allowlist,EWT
FDD,FDD,First Trust STOXX® European Select Dividend Index Fund,ETF / Fund,ETF,,Not Rated,Nasdaq ETF Screener — no stock-style analyst consensus,—,User ETF allowlist,FDD
FDM,FDM,First Trust Dow Jones Select MicroCap Index Fund,ETF / Fund,ETF,,Not Rated,Nasdaq ETF Screener — no stock-style analyst consensus,—,User ETF allowlist,FDM
FELC,FELC,Fidelity Enhanced Large Cap Core ETF,ETF / Fund,ETF,,Not Rated,Nasdaq ETF Screener — no stock-style analyst consensus,—,User ETF allowlist,FELC
FELG,FELG,Fidelity Enhanced Large Cap Growth ETF,ETF / Fund,ETF,,Not Rated,Nasdaq ETF Screener — no stock-style analyst consensus,—,User ETF allowlist,FELG
FELV,FELV,Fidelity Enhanced Large Cap Value ETF,ETF / Fund,ETF,,Not Rated,Nasdaq ETF Screener — no stock-style analyst consensus,—,User ETF allowlist,FELV
FENI,FENI,Fidelity Enhanced International ETF,ETF / Fund,ETF,,Not Rated,Nasdaq ETF Screener — no stock-style analyst consensus,—,User ETF allowlist,FENI
FESM,FESM,Fidelity Enhanced Small Cap Core ETF,ETF / Fund,ETF,,Not Rated,Nasdaq ETF Screener — no stock-style analyst consensus,—,User ETF allowlist,FESM
FEZ,FEZ,State Street® SPDR® EURO STOXX 50® ETF,ETF / Fund,ETF,,Not Rated,Nasdaq ETF Screener — no stock-style analyst consensus,—,User ETF allowlist,FEZ
FIDU,FIDU,Fidelity MSCI Industrials Index ETF,ETF / Fund,ETF,,Not Rated,Nasdaq ETF Screener — no stock-style analyst consensus,—,User ETF allowlist,FIDU
FMDE,FMDE,Fidelity Enhanced Mid Cap Core ETF,ETF / Fund,ETF,,Not Rated,Nasdaq ETF Screener — no stock-style analyst consensus,—,User ETF allowlist,FMDE
FNCL,FNCL,Fidelity MSCI Financials Index ETF,ETF / Fund,ETF,,Not Rated,Nasdaq ETF Screener — no stock-style analyst consensus,—,User ETF allowlist,FNCL
FNDB,FNDB,Schwab Fundamental U.S. Broad Market ETF,ETF / Fund,ETF,,Not Rated,Nasdaq ETF Screener — no stock-style analyst consensus,—,User ETF allowlist,FNDB
FNDE,FNDE,Schwab Fundamental Emerging Markets Equity ETF,ETF / Fund,ETF,,Not Rated,Nasdaq ETF Screener — no stock-style analyst consensus,—,User ETF allowlist,FNDE
FNDF,FNDF,Schwab Fundamental International Equity ETF,ETF / Fund,ETF,,Not Rated,Nasdaq ETF Screener — no stock-style analyst consensus,—,User ETF allowlist,FNDF
FNDX,FNDX,Schwab Fundamental U.S. Large Company ETF,ETF / Fund,ETF,,Not Rated,Nasdaq ETF Screener — no stock-style analyst consensus,—,User ETF allowlist,FNDX
FTA,FTA,First Trust Large Cap Value AlphaDEX® Fund,ETF / Fund,ETF,,Not Rated,Nasdaq ETF Screener — no stock-style analyst consensus,—,User ETF allowlist,FTA
FTEC,FTEC,Fidelity MSCI Information Technology Index ETF,ETF / Fund,ETF,,Not Rated,Nasdaq ETF Screener — no stock-style analyst consensus,—,User ETF allowlist,FTEC
FYC,FYC,First Trust Small Cap Growth AlphaDEX® Fund,ETF / Fund,ETF,,Not Rated,Nasdaq ETF Screener — no stock-style analyst consensus,—,User ETF allowlist,FYC
FYLD,FYLD,Cambria Foreign Shareholder Yield ETF,ETF / Fund,ETF,,Not Rated,Nasdaq ETF Screener — no stock-style analyst consensus,—,User ETF allowlist,FYLD
FYX,FYX,First Trust Small Cap Core AlphaDEX® Fund,ETF / Fund,ETF,,Not Rated,Nasdaq ETF Screener — no stock-style analyst consensus,—,User ETF allowlist,FYX
GLOF,GLOF,iShares Global Equity Factor ETF,ETF / Fund,ETF,,Not Rated,Nasdaq ETF Screener — no stock-style analyst consensus,—,User ETF allowlist,GLOF
GNR,GNR,State Street® SPDR® S&P® Global Natural Resources ETF,ETF / Fund,ETF,,Not Rated,Nasdaq ETF Screener — no stock-style analyst consensus,—,User ETF allowlist,GNR
GRID,GRID,First Trust NASDAQ® Clean Edge® Smart Grid Infrastructure Index Fund,ETF / Fund,ETF,,Not Rated,Nasdaq ETF Screener — no stock-style analyst consensus,—,User ETF allowlist,GRID
GSGO,GSGO,Goldman Sachs Growth Opportunities ETF,ETF / Fund,ETF,,Not Rated,Nasdaq ETF Screener — no stock-style analyst consensus,—,User ETF allowlist,GSGO
GUNR,GUNR,Northern Trust Morningstar Global Upstream Natural Resources ETF,ETF / Fund,ETF,,Not Rated,Nasdaq ETF Screener — no stock-style analyst consensus,—,User ETF allowlist,GUNR
GUSE,GUSE,Goldman Sachs Enhanced U.S. Equity ETF,ETF / Fund,ETF,,Not Rated,Nasdaq ETF Screener — no stock-style analyst consensus,—,User ETF allowlist,GUSE
GVAL,GVAL,Cambria Global Value ETF,ETF / Fund,ETF,,Not Rated,Nasdaq ETF Screener — no stock-style analyst consensus,—,User ETF allowlist,GVAL
GVLE,GVLE,Goldman Sachs Value Opportunities ETF,ETF / Fund,ETF,,Not Rated,Nasdaq ETF Screener — no stock-style analyst consensus,—,User ETF allowlist,GVLE
HAP,HAP,VanEck Natural Resources ETF,ETF / Fund,ETF,,Not Rated,Nasdaq ETF Screener — no stock-style analyst consensus,—,User ETF allowlist,HAP
HAWX,HAWX,iShares Currency Hedged MSCI ACWI ex U.S. ETF,ETF / Fund,ETF,,Not Rated,Nasdaq ETF Screener — no stock-style analyst consensus,—,User ETF allowlist,HAWX
HEDJ,HEDJ,WisdomTree Europe Hedged Equity Fund,ETF / Fund,ETF,,Not Rated,Nasdaq ETF Screener — no stock-style analyst consensus,—,User ETF allowlist,HEDJ
HEFA,HEFA,iShares Currency Hedged MSCI EAFE ETF,ETF / Fund,ETF,,Not Rated,Nasdaq ETF Screener — no stock-style analyst consensus,—,User ETF allowlist,HEFA
HEWJ,HEWJ,iShares Currency Hedged MSCI Japan ETF,ETF / Fund,ETF,,Not Rated,Nasdaq ETF Screener — no stock-style analyst consensus,—,User ETF allowlist,HEWJ
HEZU,HEZU,iShares Currency Hedged MSCI Eurozone ETF,ETF / Fund,ETF,,Not Rated,Nasdaq ETF Screener — no stock-style analyst consensus,—,User ETF allowlist,HEZU
HFXI,HFXI,NYLI FTSE International Equity Currency Neutral ETF,ETF / Fund,ETF,,Not Rated,Nasdaq ETF Screener — no stock-style analyst consensus,—,User ETF allowlist,HFXI
HSCZ,HSCZ,iShares Currency Hedged MSCI EAFE Small-Cap ETF,ETF / Fund,ETF,,Not Rated,Nasdaq ETF Screener — no stock-style analyst consensus,—,User ETF allowlist,HSCZ
HTUS,HTUS,Hull Tactical US ETF,ETF / Fund,ETF,,Not Rated,Nasdaq ETF Screener — no stock-style analyst consensus,—,User ETF allowlist,HTUS
HWO,HWO,Hotchkis & Wiley Opportunities Fund ETF Class,ETF / Fund,ETF,,Not Rated,Nasdaq ETF Screener — no stock-style analyst consensus,—,User ETF allowlist,HWO
IAK,IAK,iShares U.S. Insurance ETF,ETF / Fund,ETF,,Not Rated,Nasdaq ETF Screener — no stock-style analyst consensus,—,User ETF allowlist,IAK
IDEQ,IDEQ,Lazard International Dynamic Equity ETF,ETF / Fund,ETF,,Not Rated,Nasdaq ETF Screener — no stock-style analyst consensus,—,User ETF allowlist,IDEQ
IDMO,IDMO,Invesco S&P International Developed Momentum ETF,ETF / Fund,ETF,,Not Rated,Nasdaq ETF Screener — no stock-style analyst consensus,—,User ETF allowlist,IDMO
IDOG,IDOG,ALPS International Sector Dividend Dogs ETF,ETF / Fund,ETF,,Not Rated,Nasdaq ETF Screener — no stock-style analyst consensus,—,User ETF allowlist,IDOG
IGM,IGM,iShares Expanded Tech Sector ETF,ETF / Fund,ETF,,Not Rated,Nasdaq ETF Screener — no stock-style analyst consensus,—,User ETF allowlist,IGM
ILCG,ILCG,iShares Morningstar Growth ETF,ETF / Fund,ETF,,Not Rated,Nasdaq ETF Screener — no stock-style analyst consensus,—,User ETF allowlist,ILCG
ILCV,ILCV,iShares Morningstar Value ETF,ETF / Fund,ETF,,Not Rated,Nasdaq ETF Screener — no stock-style analyst consensus,—,User ETF allowlist,ILCV
IMCV,IMCV,iShares Morningstar Mid-Cap Value ETF,ETF / Fund,ETF,,Not Rated,Nasdaq ETF Screener — no stock-style analyst consensus,—,User ETF allowlist,IMCV
INEQ,INEQ,Columbia International Equity Income ETF,ETF / Fund,ETF,,Not Rated,Nasdaq ETF Screener — no stock-style analyst consensus,—,User ETF allowlist,INEQ
IOO,IOO,iShares Global 100 ETF,ETF / Fund,ETF,,Not Rated,Nasdaq ETF Screener — no stock-style analyst consensus,—,User ETF allowlist,IOO
IPKW,IPKW,Invesco International BuyBack Achievers™ ETF,ETF / Fund,ETF,,Not Rated,Nasdaq ETF Screener — no stock-style analyst consensus,—,User ETF allowlist,IPKW
IQDY,IQDY,Northern Trust International Quality Dividend Dynamic ETF,ETF / Fund,ETF,,Not Rated,Nasdaq ETF Screener — no stock-style analyst consensus,—,User ETF allowlist,IQDY
ITA,ITA,iShares U.S. Aerospace & Defense ETF,ETF / Fund,ETF,,Not Rated,Nasdaq ETF Screener — no stock-style analyst consensus,—,User ETF allowlist,ITA
IUSG,IUSG,iShares Core S&P U.S. Growth ETF,ETF / Fund,ETF,,Not Rated,Nasdaq ETF Screener — no stock-style analyst consensus,—,User ETF allowlist,IUSG
IVLU,IVLU,iShares Edge MSCI Intl Value Factor ETF,ETF / Fund,ETF,,Not Rated,Nasdaq ETF Screener — no stock-style analyst consensus,—,User ETF allowlist,IVLU
IVV,IVV,iShares Core S&P 500 ETF,ETF / Fund,ETF,,Not Rated,Nasdaq ETF Screener — no stock-style analyst consensus,—,User ETF allowlist,IVV
IVW,IVW,iShares S&P 500 Growth ETF,ETF / Fund,ETF,,Not Rated,Nasdaq ETF Screener — no stock-style analyst consensus,—,User ETF allowlist,IVW
IWB,IWB,iShares Russell 1000 ETF,ETF / Fund,ETF,,Not Rated,Nasdaq ETF Screener — no stock-style analyst consensus,—,User ETF allowlist,IWB
IWL,IWL,iShares Russell Top 200 ETF,ETF / Fund,ETF,,Not Rated,Nasdaq ETF Screener — no stock-style analyst consensus,—,User ETF allowlist,IWL
IWX,IWX,iShares Russell Top 200 Value ETF,ETF / Fund,ETF,,Not Rated,Nasdaq ETF Screener — no stock-style analyst consensus,—,User ETF allowlist,IWX
IXC,IXC,iShares Global Energy ETF,ETF / Fund,ETF,,Not Rated,Nasdaq ETF Screener — no stock-style analyst consensus,—,User ETF allowlist,IXC
IXG,IXG,iShares Global Financials ETF,ETF / Fund,ETF,,Not Rated,Nasdaq ETF Screener — no stock-style analyst consensus,—,User ETF allowlist,IXG
IXN,IXN,iShares Global Tech ETF,ETF / Fund,ETF,,Not Rated,Nasdaq ETF Screener — no stock-style analyst consensus,—,User ETF allowlist,IXN
IYF,IYF,iShares U.S. Financials ETF,ETF / Fund,ETF,,Not Rated,Nasdaq ETF Screener — no stock-style analyst consensus,—,User ETF allowlist,IYF
IYG,IYG,iShares U.S. Financial Services ETF,ETF / Fund,ETF,,Not Rated,Nasdaq ETF Screener — no stock-style analyst consensus,—,User ETF allowlist,IYG
IYW,IYW,iShares U.S. Technology ETF,ETF / Fund,ETF,,Not Rated,Nasdaq ETF Screener — no stock-style analyst consensus,—,User ETF allowlist,IYW
JPEF,JPEF,Jpmorgan Equity Focus ETF,ETF / Fund,ETF,,Not Rated,Nasdaq ETF Screener — no stock-style analyst consensus,—,User ETF allowlist,JPEF
JPUS,JPUS,JPMorgan Diversified Return U.S. Equity ETF,ETF / Fund,ETF,,Not Rated,Nasdaq ETF Screener — no stock-style analyst consensus,—,User ETF allowlist,JPUS
KBWP,KBWP,Invesco KBW Property & Casualty Insurance ETF,ETF / Fund,ETF,,Not Rated,Nasdaq ETF Screener — no stock-style analyst consensus,—,User ETF allowlist,KBWP
KIE,KIE,State Street® SPDR® S&P® Insurance ETF,ETF / Fund,ETF,,Not Rated,Nasdaq ETF Screener — no stock-style analyst consensus,—,User ETF allowlist,KIE
KNCT,KNCT,Invesco Next Gen Connectivity ETF,ETF / Fund,ETF,,Not Rated,Nasdaq ETF Screener — no stock-style analyst consensus,—,User ETF allowlist,KNCT
LCLG,LCLG,Logan Capital Broad Innovative Growth ETF,ETF / Fund,ETF,,Not Rated,Nasdaq ETF Screener — no stock-style analyst consensus,—,User ETF allowlist,LCLG
LGDS,LGDS,JPMorgan Fundamental Data Science Large Growth ETF,ETF / Fund,ETF,,Not Rated,Nasdaq ETF Screener — no stock-style analyst consensus,—,User ETF allowlist,LGDS
LRGF,LRGF,iShares U.S. Equity Factor ETF,ETF / Fund,ETF,,Not Rated,Nasdaq ETF Screener — no stock-style analyst consensus,—,User ETF allowlist,LRGF
LST,LST,Leuthold Select Industries ETF,ETF / Fund,ETF,,Not Rated,Nasdaq ETF Screener — no stock-style analyst consensus,—,User ETF allowlist,LST
LVDS,LVDS,JPMorgan Fundamental Data Science Large Value ETF,ETF / Fund,ETF,,Not Rated,Nasdaq ETF Screener — no stock-style analyst consensus,—,User ETF allowlist,LVDS
LVHI,LVHI,Franklin International Low Volatility High Dividend Index ETF,ETF / Fund,ETF,,Not Rated,Nasdaq ETF Screener — no stock-style analyst consensus,—,User ETF allowlist,LVHI
MAVF,MAVF,Matrix Advisors Value ETF,ETF / Fund,ETF,,Not Rated,Nasdaq ETF Screener — no stock-style analyst consensus,—,User ETF allowlist,MAVF
MGC,MGC,Vanguard Morningstar Mega Cap ETF,ETF / Fund,ETF,,Not Rated,Nasdaq ETF Screener — no stock-style analyst consensus,—,User ETF allowlist,MGC
MGK,MGK,Vanguard Morningstar Mega Cap Growth ETF,ETF / Fund,ETF,,Not Rated,Nasdaq ETF Screener — no stock-style analyst consensus,—,User ETF allowlist,MGK
MGV,MGV,Vanguard Morningstar Mega Cap Value ETF,ETF / Fund,ETF,,Not Rated,Nasdaq ETF Screener — no stock-style analyst consensus,—,User ETF allowlist,MGV
MLPX,MLPX,Global X MLP & Energy Infrastructure ETF,ETF / Fund,ETF,,Not Rated,Nasdaq ETF Screener — no stock-style analyst consensus,—,User ETF allowlist,MLPX
MTUM,MTUM,iShares MSCI USA Momentum Factor ETF,ETF / Fund,ETF,,Not Rated,Nasdaq ETF Screener — no stock-style analyst consensus,—,User ETF allowlist,MTUM
NANR,NANR,State Street® SPDR® S&P® North American Natural Resources ETF,ETF / Fund,ETF,,Not Rated,Nasdaq ETF Screener — no stock-style analyst consensus,—,User ETF allowlist,NANR
NXTG,NXTG,First Trust IndXX NextG ETF,ETF / Fund,ETF,,Not Rated,Nasdaq ETF Screener — no stock-style analyst consensus,—,User ETF allowlist,NXTG
OEF,OEF,iShares S&P 100 ETF,ETF / Fund,ETF,,Not Rated,Nasdaq ETF Screener — no stock-style analyst consensus,—,User ETF allowlist,OEF
ONEO,ONEO,State Street® SPDR® Russell 1000 Momentum Focus ETF,ETF / Fund,ETF,,Not Rated,Nasdaq ETF Screener — no stock-style analyst consensus,—,User ETF allowlist,ONEO
ONEQ,ONEQ,Fidelity Nasdaq Composite Index ETF,ETF / Fund,ETF,,Not Rated,Nasdaq ETF Screener — no stock-style analyst consensus,—,User ETF allowlist,ONEQ
ONEY,ONEY,State Street® SPDR® Russell 1000 Yield Focus ETF,ETF / Fund,ETF,,Not Rated,Nasdaq ETF Screener — no stock-style analyst consensus,—,User ETF allowlist,ONEY
OPPE,OPPE,WisdomTree European Opportunities Fund,ETF / Fund,ETF,,Not Rated,Nasdaq ETF Screener — no stock-style analyst consensus,—,User ETF allowlist,OPPE
OPPJ,OPPJ,WisdomTree Japan Opportunities Fund,ETF / Fund,ETF,,Not Rated,Nasdaq ETF Screener — no stock-style analyst consensus,—,User ETF allowlist,OPPJ
PFM,PFM,Invesco Dividend Achievers™ ETF,ETF / Fund,ETF,,Not Rated,Nasdaq ETF Screener — no stock-style analyst consensus,—,User ETF allowlist,PFM
PKW,PKW,Invesco BuyBack Achievers ETF,ETF / Fund,ETF,,Not Rated,Nasdaq ETF Screener — no stock-style analyst consensus,—,User ETF allowlist,PKW
PPA,PPA,Invesco Aerospace & Defense ETF,ETF / Fund,ETF,,Not Rated,Nasdaq ETF Screener — no stock-style analyst consensus,—,User ETF allowlist,PPA
PRF,PRF,Invesco RAFI US 1000 ETF,ETF / Fund,ETF,,Not Rated,Nasdaq ETF Screener — no stock-style analyst consensus,—,User ETF allowlist,PRF
PRN,PRN,Invesco Dorsey Wright Industrials Momentum ETF,ETF / Fund,ETF,,Not Rated,Nasdaq ETF Screener — no stock-style analyst consensus,—,User ETF allowlist,PRN
PSI,PSI,Invesco Semiconductors ETF,ETF / Fund,ETF,,Not Rated,Nasdaq ETF Screener — no stock-style analyst consensus,—,User ETF allowlist,PSI
PWB,PWB,Invesco Large Cap Growth ETF,ETF / Fund,ETF,,Not Rated,Nasdaq ETF Screener — no stock-style analyst consensus,—,User ETF allowlist,PWB
PWV,PWV,Invesco Large Cap Value ETF,ETF / Fund,ETF,,Not Rated,Nasdaq ETF Screener — no stock-style analyst consensus,—,User ETF allowlist,PWV
PXF,PXF,Invesco RAFI Developed Markets ex-U.S. ETF,ETF / Fund,ETF,,Not Rated,Nasdaq ETF Screener — no stock-style analyst consensus,—,User ETF allowlist,PXF
QDEF,QDEF,Northern Trust Quality Dividend Defensive ETF,ETF / Fund,ETF,,Not Rated,Nasdaq ETF Screener — no stock-style analyst consensus,—,User ETF allowlist,QDEF
QLC,QLC,Northern Trust US Quality Large Cap ETF,ETF / Fund,ETF,,Not Rated,Nasdaq ETF Screener — no stock-style analyst consensus,—,User ETF allowlist,QLC
QQQ,QQQ,Invesco QQQ Trust,ETF / Fund,ETF,,Not Rated,Nasdaq ETF Screener — no stock-style analyst consensus,—,User ETF allowlist,QQQ
QVAL,QVAL,Alpha Architect U.S. Quantitative Value ETF,ETF / Fund,ETF,,Not Rated,Nasdaq ETF Screener — no stock-style analyst consensus,—,User ETF allowlist,QVAL
RDIV,RDIV,Invesco S&P Ultra Dividend Revenue ETF,ETF / Fund,ETF,,Not Rated,Nasdaq ETF Screener — no stock-style analyst consensus,—,User ETF allowlist,RDIV
RDVY,RDVY,First Trust Rising Dividend Achievers ETF,ETF / Fund,ETF,,Not Rated,Nasdaq ETF Screener — no stock-style analyst consensus,—,User ETF allowlist,RDVY
REGS,REGS,Columbia Large Cap Growth ETF,ETF / Fund,ETF,,Not Rated,Nasdaq ETF Screener — no stock-style analyst consensus,—,User ETF allowlist,REGS
RFDA,RFDA,ALPS Dynamic US Dividend Advantage ETF,ETF / Fund,ETF,,Not Rated,Nasdaq ETF Screener — no stock-style analyst consensus,—,User ETF allowlist,RFDA
RING,RING,iShares MSCI Global Gold Miners ETF,ETF / Fund,ETF,,Not Rated,Nasdaq ETF Screener — no stock-style analyst consensus,—,User ETF allowlist,RING
RJCA,RJCA,RJ ClariVest Capital Appreciation ETF,ETF / Fund,ETF,,Not Rated,Nasdaq ETF Screener — no stock-style analyst consensus,—,User ETF allowlist,RJCA
ROUS,ROUS,Hartford Multifactor US Equity ETF,ETF / Fund,ETF,,Not Rated,Nasdaq ETF Screener — no stock-style analyst consensus,—,User ETF allowlist,ROUS
RSPN,RSPN,Invesco S&P 500® Equal Weight Industrials ETF,ETF / Fund,ETF,,Not Rated,Nasdaq ETF Screener — no stock-style analyst consensus,—,User ETF allowlist,RSPN
RSPT,RSPT,Invesco S&P 500® Equal Weight Technology ETF,ETF / Fund,ETF,,Not Rated,Nasdaq ETF Screener — no stock-style analyst consensus,—,User ETF allowlist,RSPT
RWJ,RWJ,Invesco S&P SmallCap 600 Revenue ETF,ETF / Fund,ETF,,Not Rated,Nasdaq ETF Screener — no stock-style analyst consensus,—,User ETF allowlist,RWJ
RWK,RWK,Invesco S&P MidCap 400 Revenue ETF,ETF / Fund,ETF,,Not Rated,Nasdaq ETF Screener — no stock-style analyst consensus,—,User ETF allowlist,RWK
RWL,RWL,Invesco S&P 500 Revenue ETF,ETF / Fund,ETF,,Not Rated,Nasdaq ETF Screener — no stock-style analyst consensus,—,User ETF allowlist,RWL
SCHF,SCHF,Schwab International Equity ETF™,ETF / Fund,ETF,,Not Rated,Nasdaq ETF Screener — no stock-style analyst consensus,—,User ETF allowlist,SCHF
SCHG,SCHG,Schwab U.S. Large-Cap Growth ETF™,ETF / Fund,ETF,,Not Rated,Nasdaq ETF Screener — no stock-style analyst consensus,—,User ETF allowlist,SCHG
SCHX,SCHX,Schwab U.S. Large-Cap ETF™,ETF / Fund,ETF,,Not Rated,Nasdaq ETF Screener — no stock-style analyst consensus,—,User ETF allowlist,SCHX
SLX,SLX,VanEck Steel ETF,ETF / Fund,ETF,,Not Rated,Nasdaq ETF Screener — no stock-style analyst consensus,—,User ETF allowlist,SLX
SMH,SMH,VanEck Semiconductor ETF,ETF / Fund,ETF,,Not Rated,Nasdaq ETF Screener — no stock-style analyst consensus,—,User ETF allowlist,SMH
SMLF,SMLF,iShares U.S. Small-Cap Equity Factor ETF,ETF / Fund,ETF,,Not Rated,Nasdaq ETF Screener — no stock-style analyst consensus,—,User ETF allowlist,SMLF
SMLV,SMLV,State Street® SPDR® US Small Cap Low Volatility Index ETF,ETF / Fund,ETF,,Not Rated,Nasdaq ETF Screener — no stock-style analyst consensus,—,User ETF allowlist,SMLV
SOXX,SOXX,iShares Semiconductor ETF,ETF / Fund,ETF,,Not Rated,Nasdaq ETF Screener — no stock-style analyst consensus,—,User ETF allowlist,SOXX
SPGM,SPGM,State Street® SPDR® Portfolio MSCI Global Stock Market ETF,ETF / Fund,ETF,,Not Rated,Nasdaq ETF Screener — no stock-style analyst consensus,—,User ETF allowlist,SPGM
SPHB,SPHB,Invesco S&P 500® High Beta ETF,ETF / Fund,ETF,,Not Rated,Nasdaq ETF Screener — no stock-style analyst consensus,—,User ETF allowlist,SPHB
SPHQ,SPHQ,Invesco S&P 500® Quality ETF,ETF / Fund,ETF,,Not Rated,Nasdaq ETF Screener — no stock-style analyst consensus,—,User ETF allowlist,SPHQ
SPIT,SPIT,F/m Emerald Special Situations ETF,ETF / Fund,ETF,,Not Rated,Nasdaq ETF Screener — no stock-style analyst consensus,—,User ETF allowlist,SPIT
SPMO,SPMO,Invesco S&P 500® Momentum ETF,ETF / Fund,ETF,,Not Rated,Nasdaq ETF Screener — no stock-style analyst consensus,—,User ETF allowlist,SPMO
SPTM,SPTM,State Street® SPDR® Portfolio S&P 1500 Composite Stock Market ETF,ETF / Fund,ETF,,Not Rated,Nasdaq ETF Screener — no stock-style analyst consensus,—,User ETF allowlist,SPTM
SPVM,SPVM,Invesco S&P 500 Value with Momentum ETF,ETF / Fund,ETF,,Not Rated,Nasdaq ETF Screener — no stock-style analyst consensus,—,User ETF allowlist,SPVM
SPXE,SPXE,ProShares S&P 500® ex-Energy ETF,ETF / Fund,ETF,,Not Rated,Nasdaq ETF Screener — no stock-style analyst consensus,—,User ETF allowlist,SPXE
SPXN,SPXN,ProShares S&P 500® ex-Financials ETF,ETF / Fund,ETF,,Not Rated,Nasdaq ETF Screener — no stock-style analyst consensus,—,User ETF allowlist,SPXN
SPXV,SPXV,ProShares S&P 500® ex-Health Care ETF,ETF / Fund,ETF,,Not Rated,Nasdaq ETF Screener — no stock-style analyst consensus,—,User ETF allowlist,SPXV
SPY,SPY,State Street® SPDR® S&P 500® ETF Trust,ETF / Fund,ETF,,Not Rated,Nasdaq ETF Screener — no stock-style analyst consensus,—,User ETF allowlist,SPY
SPYG,SPYG,State Street® SPDR® Portfolio S&P 500 Growth ETF,ETF / Fund,ETF,,Not Rated,Nasdaq ETF Screener — no stock-style analyst consensus,—,User ETF allowlist,SPYG
SPYM,SPYM,State Street® SPDR® Portfolio S&P 500® ETF,ETF / Fund,ETF,,Not Rated,Nasdaq ETF Screener — no stock-style analyst consensus,—,User ETF allowlist,SPYM
SPYX,SPYX,State Street® SPDR® S&P® 500 Fossil Fuel Reserves Free ETF,ETF / Fund,ETF,,Not Rated,Nasdaq ETF Screener — no stock-style analyst consensus,—,User ETF allowlist,SPYX
SURE,SURE,AdvisorShares Insider Advantage ETF,ETF / Fund,ETF,,Not Rated,Nasdaq ETF Screener — no stock-style analyst consensus,—,User ETF allowlist,SURE
TOK,TOK,iShares MSCI Kokusai ETF,ETF / Fund,ETF,,Not Rated,Nasdaq ETF Screener — no stock-style analyst consensus,—,User ETF allowlist,TOK
TPYP,TPYP,Tortoise North American Pipeline Fund,ETF / Fund,ETF,,Not Rated,Nasdaq ETF Screener — no stock-style analyst consensus,—,User ETF allowlist,TPYP
UDIV,UDIV,Franklin U.S. Core Dividend Tilt Index ETF,ETF / Fund,ETF,,Not Rated,Nasdaq ETF Screener — no stock-style analyst consensus,—,User ETF allowlist,UDIV
URTH,URTH,iShares MSCI World ETF,ETF / Fund,ETF,,Not Rated,Nasdaq ETF Screener — no stock-style analyst consensus,—,User ETF allowlist,URTH
VFH,VFH,Vanguard Financials Index Fund ETF Shares,ETF / Fund,ETF,,Not Rated,Nasdaq ETF Screener — no stock-style analyst consensus,—,User ETF allowlist,VFH
VGT,VGT,Vanguard Information Technology Index Fund ETF Shares,ETF / Fund,ETF,,Not Rated,Nasdaq ETF Screener — no stock-style analyst consensus,—,User ETF allowlist,VGT
VLU,VLU,State Street® SPDR® S&P® 1500 Value Tilt ETF,ETF / Fund,ETF,,Not Rated,Nasdaq ETF Screener — no stock-style analyst consensus,—,User ETF allowlist,VLU
VLUE,VLUE,iShares MSCI USA Value Factor ETF,ETF / Fund,ETF,,Not Rated,Nasdaq ETF Screener — no stock-style analyst consensus,—,User ETF allowlist,VLUE
VOE,VOE,Vanguard Morningstar Mid-Cap Value ETF,ETF / Fund,ETF,,Not Rated,Nasdaq ETF Screener — no stock-style analyst consensus,—,User ETF allowlist,VOE
VONE,VONE,Vanguard Russell 1000 Index Fund ETF Shares,ETF / Fund,ETF,,Not Rated,Nasdaq ETF Screener — no stock-style analyst consensus,—,User ETF allowlist,VONE
VOO,VOO,Vanguard S&P 500 ETF,ETF / Fund,ETF,,Not Rated,Nasdaq ETF Screener — no stock-style analyst consensus,—,User ETF allowlist,VOO
VOOG,VOOG,Vanguard S&P 500 Growth Index Fund ETF Shares,ETF / Fund,ETF,,Not Rated,Nasdaq ETF Screener — no stock-style analyst consensus,—,User ETF allowlist,VOOG
VT,VT,Vanguard Total World Stock Index Fund ETF Shares,ETF / Fund,ETF,,Not Rated,Nasdaq ETF Screener — no stock-style analyst consensus,—,User ETF allowlist,VT
VTV,VTV,Vanguard Morningstar Value ETF,ETF / Fund,ETF,,Not Rated,Nasdaq ETF Screener — no stock-style analyst consensus,—,User ETF allowlist,VTV
VUG,VUG,Vanguard Morningstar Growth ETF,ETF / Fund,ETF,,Not Rated,Nasdaq ETF Screener — no stock-style analyst consensus,—,User ETF allowlist,VUG
VV,VV,Vanguard Morningstar Large-Cap ETF,ETF / Fund,ETF,,Not Rated,Nasdaq ETF Screener — no stock-style analyst consensus,—,User ETF allowlist,VV
VYMI,VYMI,Vanguard International High Dividend Yield Index Fund ETF Shares,ETF / Fund,ETF,,Not Rated,Nasdaq ETF Screener — no stock-style analyst consensus,—,User ETF allowlist,VYMI
WTV,WTV,WisdomTree U.S. Value Fund,ETF / Fund,ETF,,Not Rated,Nasdaq ETF Screener — no stock-style analyst consensus,—,User ETF allowlist,WTV
XAR,XAR,State Street® SPDR® S&P® Aerospace & Defense ETF,ETF / Fund,ETF,,Not Rated,Nasdaq ETF Screener — no stock-style analyst consensus,—,User ETF allowlist,XAR
XCEM,XCEM,Columbia EM Core ex-China ETF,ETF / Fund,ETF,,Not Rated,Nasdaq ETF Screener — no stock-style analyst consensus,—,User ETF allowlist,XCEM
XLE,XLE,State Street® Energy Select Sector SPDR® ETF,ETF / Fund,ETF,,Not Rated,Nasdaq ETF Screener — no stock-style analyst consensus,—,User ETF allowlist,XLE
XLF,XLF,State Street® Financial Select Sector SPDR® ETF,ETF / Fund,ETF,,Not Rated,Nasdaq ETF Screener — no stock-style analyst consensus,—,User ETF allowlist,XLF
XLG,XLG,Invesco S&P 500® Top 50 ETF,ETF / Fund,ETF,,Not Rated,Nasdaq ETF Screener — no stock-style analyst consensus,—,User ETF allowlist,XLG
XLI,XLI,State Street® Industrial Select Sector SPDR® ETF,ETF / Fund,ETF,,Not Rated,Nasdaq ETF Screener — no stock-style analyst consensus,—,User ETF allowlist,XLI
XLK,XLK,State Street® Technology Select Sector SPDR® ETF,ETF / Fund,ETF,,Not Rated,Nasdaq ETF Screener — no stock-style analyst consensus,—,User ETF allowlist,XLK
XMHQ,XMHQ,Invesco S&P MidCap Quality ETF,ETF / Fund,ETF,,Not Rated,Nasdaq ETF Screener — no stock-style analyst consensus,—,User ETF allowlist,XMHQ
XMMO,XMMO,Invesco S&P MidCap Momentum ETF,ETF / Fund,ETF,,Not Rated,Nasdaq ETF Screener — no stock-style analyst consensus,—,User ETF allowlist,XMMO
XMVM,XMVM,Invesco S&P MidCap Value with Momentum ETF,ETF / Fund,ETF,,Not Rated,Nasdaq ETF Screener — no stock-style analyst consensus,—,User ETF allowlist,XMVM
XNTK,XNTK,State Street® SPDR® NYSE Technology ETF,ETF / Fund,ETF,,Not Rated,Nasdaq ETF Screener — no stock-style analyst consensus,—,User ETF allowlist,XNTK
XSMO,XSMO,Invesco S&P SmallCap Momentum ETF,ETF / Fund,ETF,,Not Rated,Nasdaq ETF Screener — no stock-style analyst consensus,—,User ETF allowlist,XSMO
XTL,XTL,State Street® SPDR® S&P® Telecom ETF,ETF / Fund,ETF,,Not Rated,Nasdaq ETF Screener — no stock-style analyst consensus,—,User ETF allowlist,XTL
