Rank,Combo,Strategy,Stock 1,Sector 1,Name 1,Stock 2,Sector 2,Name 2,Stock 3,Sector 3,Name 3,Stock 4,Sector 4,Name 4,2025,2024,2023,2022,2021,2020,2019,2018,2017,2016,Worst Year,Worst Year %,Best Year,Best Year %,2016 Ending Balance ($),2017 Ending Balance ($),2018 Ending Balance ($),2019 Ending Balance ($),2020 Ending Balance ($),2021 Ending Balance ($),2022 Ending Balance ($),2023 Ending Balance ($),2024 Ending Balance ($),2025 Ending Balance ($),Starting Value ($),Monthly Withdrawal ($),Total Withdrawn ($),Remaining Balance ($),Net Value incl. Withdrawals ($),Net Profit incl. Withdrawals ($),Positive Months,Months Funded,HWM Excluded,Monthly Return Method,Monthly Data Start,Monthly Data End
1,PBR + TSLA + NVDA + ANET,Not rebalanced monthly,PBR,Energy,Petroleo Brasileiro S.A. Petrobras ADS,TSLA,Industrials,Tesla Inc. Common Stock,NVDA,Technology,NVIDIA Corporation Common Stock,ANET,Telecommunications,Arista Networks Inc. Common Stock,32.07682728529859,127.02638802653192,165.77067477785602,-46.22780341313174,85.31808506246014,141.97694065859983,36.883827893838216,-11.063145965916576,63.35470315872016,93.85736219654497,2022,-46.22780341313174,2023,165.77067477785602,489026.3461512256,722724.8066088031,596300.7382355558,746950.0909525144,1705031.320437192,3070539.9370403853,1605074.5105704716,4184742.3588859797,9421424.091353912,12369071.405954435,300000.0,5000.0,600000.0,12369071.405954435,12969071.405954435,12669071.405954435,77,120,True,Actual adjusted month-end return from Yahoo/yfinance daily history,2016-01,2025-12
2,NEM + TSLA + NVDA + ANET,Not rebalanced monthly,NEM,Basic Materials,Newmont Corporation,TSLA,Industrials,Tesla Inc. Common Stock,NVDA,Technology,NVIDIA Corporation Common Stock,ANET,Telecommunications,Arista Networks Inc. Common Stock,35.18792321126034,136.43699619058992,161.55862594280487,-49.607542137444895,82.49973883404125,168.9293103094442,39.59153334453633,-17.71443348186953,69.52468484554366,82.60251443197315,2022,-49.607542137444895,2020,168.9293103094442,464195.10275798716,710651.891861895,539447.55186665,681347.0629267958,1732764.1275773116,3074739.9971883628,1504409.738378342,3855187.863538024,9034910.796738673,12138432.28875945,300000.0,5000.0,600000.0,12138432.28875945,12738432.28875945,12438432.28875945,78,120,True,Actual adjusted month-end return from Yahoo/yfinance daily history,2016-01,2025-12
3,AEM + TSLA + NVDA + ANET,Not rebalanced monthly,AEM,Basic Materials,Agnico Eagle Mines Limited Common Stock,TSLA,Industrials,Tesla Inc. Common Stock,NVDA,Technology,NVIDIA Corporation Common Stock,ANET,Telecommunications,Arista Networks Inc. Common Stock,34.91525362711465,138.4853990931315,167.01517277512465,-49.62474326792542,81.78335128729405,166.02050424761535,43.78479846770122,-18.814414515171805,71.92144028575447,75.43769265160726,2022,-49.62474326792542,2023,167.01517277512465,444105.2895407893,687568.5140221401,513095.97326720925,665914.3168663341,1669861.4200177176,2947720.3017781707,1439653.0581192006,3763801.818487367,8895656.257312672,11926232.190678388,300000.0,5000.0,600000.0,11926232.190678386,12526232.190678386,12226232.190678386,76,120,True,Actual adjusted month-end return from Yahoo/yfinance daily history,2016-01,2025-12
4,NEM + PBR + NVDA + ANET,Not rebalanced monthly,NEM,Basic Materials,Newmont Corporation,PBR,Energy,Petroleo Brasileiro S.A. Petrobras ADS,NVDA,Technology,NVIDIA Corporation Common Stock,ANET,Telecommunications,Arista Networks Inc. Common Stock,36.47780514226402,134.25382444824675,164.3892159194908,-36.173626876849355,94.48565009379311,61.354695105592796,37.12912322629256,-12.022044545839094,53.772423948849315,119.12315058141746,2022,-36.173626876849355,2023,164.3892159194908,568532.3828940615,798624.7430551597,655971.2001708379,831676.41377257,1264139.3329956941,2368606.2914265892,1457882.1081451196,3771615.638063296,8759000.4746642,11879364.469203796,300000.0,5000.0,600000.0,11879364.469203798,12479364.469203798,12179364.469203798,76,120,True,Actual adjusted month-end return from Yahoo/yfinance daily history,2016-01,2025-12
5,ISRG + TSLA + NVDA + ANET,Not rebalanced monthly,ISRG,Health Care,Intuitive Surgical Inc. Common Stock,TSLA,Industrials,Tesla Inc. Common Stock,NVDA,Technology,NVIDIA Corporation Common Stock,ANET,Telecommunications,Arista Networks Inc. Common Stock,32.56515863723828,135.9253282698735,159.83966404295487,-49.23607532790116,83.62534789432712,162.77321044848873,37.32707340442904,-11.709602530678943,87.05127403022269,64.10686058126642,2022,-49.23607532790116,2020,162.77321044848873,406680.5045721541,682084.6955280333,556216.7370475592,693455.5746248814,1720182.1636541286,3070699.2589811073,1512697.2916662123,3850491.9884536634,9004095.655887006,11861555.216516245,300000.0,5000.0,600000.0,11861555.216516247,12461555.216516247,12161555.216516247,80,120,True,Actual adjusted month-end return from Yahoo/yfinance daily history,2016-01,2025-12
6,NEM + PBR + TSLA + NVDA,Not rebalanced monthly,NEM,Basic Materials,Newmont Corporation,PBR,Energy,Petroleo Brasileiro S.A. Petrobras ADS,TSLA,Industrials,Tesla Inc. Common Stock,NVDA,Technology,NVIDIA Corporation Common Stock,35.36854140340433,128.1014088721101,163.09698742815658,-48.166878076933564,76.47004858599703,141.74212454582533,46.052801039622196,-10.31027220476588,39.666077572865575,110.30181792168148,2022,-48.166878076933564,2023,163.09698742815658,545123.104197809,690852.6170008893,572125.7234760703,760257.5912673483,1737840.4583496714,2980681.031271292,1500347.6945984378,3867599.6235543457,8743626.195250198,11760901.32724101,300000.0,5000.0,600000.0,11760901.32724101,12360901.32724101,12060901.32724101,73,120,True,Actual adjusted month-end return from Yahoo/yfinance daily history,2016-01,2025-12
7,PBR + DHR + NVDA + ANET,Not rebalanced monthly,PBR,Energy,Petroleo Brasileiro S.A. Petrobras ADS,DHR,Industrials,Danaher Corporation Common Stock,NVDA,Technology,NVIDIA Corporation Common Stock,ANET,Telecommunications,Arista Networks Inc. Common Stock,33.701619831132,129.689214403526,151.11534724844665,-34.91641988470737,97.51143767901738,61.283651891165334,40.56628178571353,-9.262742102411991,56.45563227880126,114.86711687087082,2022,-34.91641988470737,2023,151.11534724844665,548739.1061380121,782641.6659293568,662998.0450041015,864704.8211652203,1315338.8204434207,2507988.530153186,1577543.0731683292,3879350.7682012822,8834901.866804937,11738393.132504456,300000.0,5000.0,600000.0,11738393.132504456,12338393.132504456,12038393.132504456,77,120,True,Actual adjusted month-end return from Yahoo/yfinance daily history,2016-01,2025-12
8,PBR + ISRG + NVDA + ANET,Not rebalanced monthly,PBR,Energy,Petroleo Brasileiro S.A. Petrobras ADS,ISRG,Health Care,Intuitive Surgical Inc. Common Stock,NVDA,Technology,NVIDIA Corporation Common Stock,ANET,Telecommunications,Arista Networks Inc. Common Stock,33.61790684625055,133.77567060665513,162.4300551935338,-36.184615309654156,95.7249750705785,60.1640797510216,35.2950972210476,-6.4650664407724046,66.6564264161359,100.6274967307108,2022,-36.184615309654156,2023,162.4300551935338,511024.4270656581,774098.1838666361,676846.3829910465,848771.6918117211,1278865.4037802275,2412511.4099439858,1484282.3634878758,3811987.830554645,8835225.235681692,11731682.304500189,300000.0,5000.0,600000.0,11731682.30450019,12331682.30450019,12031682.30450019,77,120,True,Actual adjusted month-end return from Yahoo/yfinance daily history,2016-01,2025-12
9,AEM + PBR + NVDA + ANET,Not rebalanced monthly,AEM,Basic Materials,Agnico Eagle Mines Limited Common Stock,PBR,Energy,Petroleo Brasileiro S.A. Petrobras ADS,NVDA,Technology,NVIDIA Corporation Common Stock,ANET,Telecommunications,Arista Networks Inc. Common Stock,36.17791013497875,136.4330170687761,170.37214258868002,-35.734340445461264,93.80061808518909,57.883349016928086,40.62727266757411,-12.893039221554437,55.22374272484753,111.9583288010515,2022,-35.734340445461264,2023,170.37214258868002,548257.8298042573,775751.5477374364,629241.6381279387,816958.62613565,1210892.3351889963,2256302.7938107895,1395406.5753632034,3689224.493307004,8646103.122935144,11699676.061866822,300000.0,5000.0,600000.0,11699676.061866822,12299676.061866822,11999676.061866822,77,120,True,Actual adjusted month-end return from Yahoo/yfinance daily history,2016-01,2025-12
10,PBR + CAT + NVDA + ANET,Not rebalanced monthly,PBR,Energy,Petroleo Brasileiro S.A. Petrobras ADS,CAT,Industrials,Caterpillar Inc. Common Stock,NVDA,Technology,NVIDIA Corporation Common Stock,ANET,Telecommunications,Arista Networks Inc. Common Stock,35.538271178176515,132.10023245482486,162.6541526819964,-33.46042093639541,97.25029491021071,59.50305434969889,35.19794937782048,-13.909613387815723,67.25494751381002,107.12538465095021,2022,-33.46042093639541,2023,162.6541526819964,527547.496767886,802667.3160696517,644837.3502656769,804660.9993198632,1202702.7736732564,2282838.9415719705,1463371.3081478353,3760284.717321074,8651708.949293593,11651775.41290795,300000.0,5000.0,600000.0,11651775.41290795,12251775.41290795,11951775.41290795,80,120,True,Actual adjusted month-end return from Yahoo/yfinance daily history,2016-01,2025-12
11,PGR + TSLA + NVDA + ANET,Not rebalanced monthly,PGR,Finance,Progressive Corporation (The) Common Stock,TSLA,Industrials,Tesla Inc. Common Stock,NVDA,Technology,NVIDIA Corporation Common Stock,ANET,Telecommunications,Arista Networks Inc. Common Stock,31.99280995510103,135.1421565795999,156.8636925192378,-46.85573829010824,82.8758541969132,169.5153412552122,38.4778335498251,-15.575638804845582,85.13999802353389,63.80334449311429,2022,-46.85573829010824,2020,169.5153412552122,404122.9185483653,668818.9130621762,519368.1491588679,650493.2820482061,1652256.1025515,2933708.617117513,1512846.1937114003,3806338.441728987,8870491.00867341,11634299.814404057,300000.0,5000.0,600000.0,11634299.814404057,12234299.814404057,11934299.814404057,82,120,True,Actual adjusted month-end return from Yahoo/yfinance daily history,2016-01,2025-12
12,PBR + ISRG + TSLA + NVDA,Not rebalanced monthly,PBR,Energy,Petroleo Brasileiro S.A. Petrobras ADS,ISRG,Health Care,Intuitive Surgical Inc. Common Stock,TSLA,Industrials,Tesla Inc. Common Stock,NVDA,Technology,NVIDIA Corporation Common Stock,32.57461916540698,127.82411455258527,161.26613412985208,-47.815842475809234,77.76444325953746,137.15918575483195,43.48242149358696,-3.9128750005243296,51.782367341090584,91.80616407097473,2022,-47.815842475809234,2023,161.26613412985208,487984.9471262904,668384.2661358768,594121.2200092085,778611.4061123792,1743886.346789515,3013422.75256819,1526787.0894119774,3908823.596893413,8826756.918927457,11627790.336357892,300000.0,5000.0,600000.0,11627790.336357892,12227790.336357892,11927790.336357892,78,120,True,Actual adjusted month-end return from Yahoo/yfinance daily history,2016-01,2025-12
13,PBR + PH + NVDA + ANET,Not rebalanced monthly,PBR,Energy,Petroleo Brasileiro S.A. Petrobras ADS,PH,Industrials,Parker-Hannifin Corporation Common Stock,NVDA,Technology,NVIDIA Corporation Common Stock,ANET,Telecommunications,Arista Networks Inc. Common Stock,34.881059340911726,132.93176455136106,169.92679936106634,-35.25199728991023,97.62103512960813,60.955429423106764,38.77830076192128,-14.834526714411822,61.97621581952477,108.49225558973745,2022,-35.25199728991023,2023,169.92679936106634,531650.7282232142,783640.0018012928,621535.1558625506,794911.0091403642,1198060.1910393236,2277247.08044822,1419706.6244868878,3748537.2262098063,8655407.106059864,11600283.233342838,300000.0,5000.0,600000.0,11600283.233342838,12200283.233342838,11900283.233342838,79,120,True,Actual adjusted month-end return from Yahoo/yfinance daily history,2016-01,2025-12
14,AEM + PBR + TSLA + NVDA,Not rebalanced monthly,AEM,Basic Materials,Agnico Eagle Mines Limited Common Stock,PBR,Energy,Petroleo Brasileiro S.A. Petrobras ADS,TSLA,Industrials,Tesla Inc. Common Stock,NVDA,Technology,NVIDIA Corporation Common Stock,35.07736713439415,130.16923682053735,168.78221057523427,-48.14689664476622,75.60323286661699,138.80750729145728,50.35295960478814,-11.265457625691644,40.68287731139484,103.1369961413155,2022,-48.14689664476622,2023,168.78221057523427,524906.7010441084,668411.583601054,545757.094792106,744991.0126701406,1676838.8272349406,2858265.8972142963,1437231.1995250967,3782662.7412042227,8627810.002937282,11579323.721130902,300000.0,5000.0,600000.0,11579323.721130902,12179323.721130902,11879323.721130902,76,120,True,Actual adjusted month-end return from Yahoo/yfinance daily history,2016-01,2025-12
15,NEM + DHR + NVDA + ANET,Not rebalanced monthly,NEM,Basic Materials,Newmont Corporation,DHR,Industrials,Danaher Corporation Common Stock,NVDA,Technology,NVIDIA Corporation Common Stock,ANET,Telecommunications,Arista Networks Inc. Common Stock,37.17085031927354,140.4075832583847,145.8220927753369,-39.317170576964145,93.34335473135556,79.2526067290612,43.40269542260684,-15.480986538613495,61.60761148981364,103.61226910629888,2022,-39.317170576964145,2023,145.8220927753369,523847.20996016334,770612.6681596932,605200.4905113343,798751.2659054133,1354282.4864475997,2530603.885792701,1481812.3340380883,3561982.6103974045,8486711.993469296,11565967.403184982,300000.0,5000.0,600000.0,11565967.403184982,12165967.403184982,11865967.403184982,77,120,True,Actual adjusted month-end return from Yahoo/yfinance daily history,2016-01,2025-12
16,PBR + PGR + NVDA + ANET,Not rebalanced monthly,PBR,Energy,Petroleo Brasileiro S.A. Petrobras ADS,PGR,Finance,Progressive Corporation (The) Common Stock,NVDA,Technology,NVIDIA Corporation Common Stock,ANET,Telecommunications,Arista Networks Inc. Common Stock,32.997973386849175,132.95687258844873,159.17830876935147,-32.43591302841238,95.04646259751472,61.595687323284466,36.182311939023634,-9.952147420356194,65.06269028186315,100.32398064255847,2022,-32.43591302841238,2023,159.17830876935147,508802.61919169145,761569.9811168837,639158.2162782615,804875.4723080109,1221554.65941901,2292190.183814456,1493415.7877258544,3788008.5071606706,8748497.19536832,11562209.179785343,300000.0,5000.0,600000.0,11562209.179785343,12162209.179785343,11862209.179785343,79,120,True,Actual adjusted month-end return from Yahoo/yfinance daily history,2016-01,2025-12
17,NEM + ISRG + NVDA + ANET,Not rebalanced monthly,NEM,Basic Materials,Newmont Corporation,ISRG,Health Care,Intuitive Surgical Inc. Common Stock,NVDA,Technology,NVIDIA Corporation Common Stock,ANET,Telecommunications,Arista Networks Inc. Common Stock,37.03897377901364,144.89092523108002,157.56758049159126,-40.69926171497815,91.53407407495185,78.30590626997143,37.55852981502012,-12.656902704324057,72.8020581585752,89.37264896613901,2022,-40.69926171497815,2023,157.56758049159126,485672.7225861148,761517.1505559492,618944.3293878494,782618.5027340932,1316852.062244618,2433921.003498491,1388960.8094794569,3495741.1248673447,8483422.080051852,11550552.791208465,300000.0,5000.0,600000.0,11550552.791208465,12150552.791208465,11850552.791208465,81,120,True,Actual adjusted month-end return from Yahoo/yfinance daily history,2016-01,2025-12
18,AMZN + TSLA + NVDA + ANET,Not rebalanced monthly,AMZN,Consumer Discretionary,Amazon.com Inc. Common Stock,TSLA,Industrials,Tesla Inc. Common Stock,NVDA,Technology,NVIDIA Corporation Common Stock,ANET,Telecommunications,Arista Networks Inc. Common Stock,32.69769111094136,136.35136243444222,170.9445695889078,-51.19198796049042,79.60886845110791,174.41573607928592,37.78448386964144,-13.09458585268265,84.32381052552411,62.81467240211165,2022,-51.19198796049042,2020,174.41573607928592,400677.383326839,659837.929623701,528402.3959296541,658581.3416868225,1706277.0271260096,2977934.9809491234,1409229.1483543166,3737610.0934164557,8753597.16519747,11540927.455959521,300000.0,5000.0,600000.0,11540927.455959521,12140927.455959521,11840927.455959521,78,120,True,Actual adjusted month-end return from Yahoo/yfinance daily history,2016-01,2025-12
19,RIO + TSLA + NVDA + ANET,Not rebalanced monthly,RIO,Basic Materials,Rio Tinto Plc Common Stock,TSLA,Industrials,Tesla Inc. Common Stock,NVDA,Technology,NVIDIA Corporation Common Stock,ANET,Telecommunications,Arista Networks Inc. Common Stock,33.73107991025992,132.99189148678613,158.0908114314712,-47.64527040380975,81.66423591020579,167.1778619459794,40.95870050342576,-17.271835439523187,80.86658722734616,69.88962242327364,2022,-47.64527040380975,2020,167.1778619459794,419651.204249451,680587.2876563985,517952.49573889276,659745.0707166628,1659391.7581913911,2927931.858863096,1486753.3430652178,3757332.8244058494,8674425.296939893,11525136.11303798,300000.0,5000.0,600000.0,11525136.11303798,12125136.11303798,11825136.11303798,82,120,True,Actual adjusted month-end return from Yahoo/yfinance daily history,2016-01,2025-12
20,PBR + DE + NVDA + ANET,Not rebalanced monthly,PBR,Energy,Petroleo Brasileiro S.A. Petrobras ADS,DE,Industrials,Deere & Company Common Stock,NVDA,Technology,NVIDIA Corporation Common Stock,ANET,Telecommunications,Arista Networks Inc. Common Stock,33.96852525624836,130.1916463055298,149.11190658538226,-31.271450766264962,96.72297866610364,64.20438242177073,34.93514838542764,-11.48613384224656,63.823891110413264,106.33370951882313,2022,-31.271450766264962,2023,149.11190658538226,524702.5314922191,781193.0253873878,644519.6130464015,802988.573980641,1236472.221381902,2344235.1923008417,1555051.3452665638,3792051.9421092835,8652976.378620908,11518602.925330348,300000.0,5000.0,600000.0,11518602.92533035,12118602.92533035,11818602.92533035,78,120,True,Actual adjusted month-end return from Yahoo/yfinance daily history,2016-01,2025-12
21,NFLX + TSLA + NVDA + ANET,Not rebalanced monthly,NFLX,Consumer Discretionary,Netflix Inc. Common Stock,TSLA,Industrials,Tesla Inc. Common Stock,NVDA,Technology,NVIDIA Corporation Common Stock,ANET,Telecommunications,Arista Networks Inc. Common Stock,32.536552252983064,138.34852319325393,169.53178781817007,-51.290938623149394,80.8733554837301,171.98403095938565,37.145086705312494,-11.730192307511711,84.29216774912007,62.13720657449904,2022,-51.290938623149394,2020,171.98403095938565,396044.26396297076,651514.8926648172,530597.6690617257,658985.6508839219,1691858.8289265942,2972876.5618524826,1402605.0047849354,3699911.643514265,8738092.943776041,11506971.011748353,300000.0,5000.0,600000.0,11506971.011748353,12106971.011748353,11806971.011748353,80,120,True,Actual adjusted month-end return from Yahoo/yfinance daily history,2016-01,2025-12
22,SPGI + TSLA + NVDA + ANET,Not rebalanced monthly,SPGI,Finance,S&P Global Inc. Common Stock,TSLA,Industrials,Tesla Inc. Common Stock,NVDA,Technology,NVIDIA Corporation Common Stock,ANET,Telecommunications,Arista Networks Inc. Common Stock,32.83208915260478,134.4480877584929,163.12117787659068,-49.66697301290508,86.14547503186665,162.38036415349302,45.43830805060518,-16.94738187982734,84.91187276329164,62.71578221857255,2022,-49.66697301290508,2023,163.12117787659068,401992.13229124894,664923.5571938916,507640.0352298641,666866.750896078,1650319.2594006297,2983826.523933242,1456505.0302255366,3752225.9913887423,8716942.245982721,11504062.374742012,300000.0,5000.0,600000.0,11504062.37474201,12104062.37474201,11804062.37474201,77,120,True,Actual adjusted month-end return from Yahoo/yfinance daily history,2016-01,2025-12
23,SONY + TSLA + NVDA + ANET,Not rebalanced monthly,SONY,Consumer Staples,Sony Group Corporation American Depositary Shares,TSLA,Industrials,Tesla Inc. Common Stock,NVDA,Technology,NVIDIA Corporation Common Stock,ANET,Telecommunications,Arista Networks Inc. Common Stock,33.2750386009951,135.41640472744655,163.9138098402144,-50.40944912595321,83.29768122450541,168.55682980998446,41.80031142613214,-15.811260257149684,85.10137372567266,63.728794951400914,2022,-50.40944912595321,2020,168.55682980998446,405011.661042051,670962.3267400917,519795.4836783224,664751.2376184843,1682429.6096759879,2995816.0157051715,1440510.785183403,3721882.164851502,8681605.928725198,11495599.873271512,300000.0,5000.0,600000.0,11495599.873271514,12095599.873271514,11795599.873271514,82,120,True,Actual adjusted month-end return from Yahoo/yfinance daily history,2016-01,2025-12
24,BHP + TSLA + NVDA + ANET,Not rebalanced monthly,BHP,Energy,BHP Group Limited American Depositary Shares (Each representing two Ordinary Shares),TSLA,Industrials,Tesla Inc. Common Stock,NVDA,Technology,NVIDIA Corporation Common Stock,ANET,Telecommunications,Arista Networks Inc. Common Stock,33.40132583762659,132.2641886607576,159.01877472751033,-47.48693450351177,82.62393490534221,165.91189547962753,38.26015453605323,-15.308108313947733,78.44660626025441,70.54064270818385,2022,-47.48693450351177,2020,165.91189547962753,421908.7958047956,674627.6281575474,525568.7626847329,656569.9059278276,1642572.7247895314,2912630.966198164,1483385.713912957,3762362.900817952,8658797.748164635,11475802.934836347,300000.0,5000.0,600000.0,11475802.934836347,12075802.934836347,11775802.934836347,82,120,True,Actual adjusted month-end return from Yahoo/yfinance daily history,2016-01,2025-12
25,AMZN + PBR + NVDA + ANET,Not rebalanced monthly,AMZN,Consumer Discretionary,Amazon.com Inc. Common Stock,PBR,Energy,Petroleo Brasileiro S.A. Petrobras ADS,NVDA,Technology,NVIDIA Corporation Common Stock,ANET,Telecommunications,Arista Networks Inc. Common Stock,33.77144021469298,134.20429328360203,174.59354462205386,-38.59834902612786,89.80642804926804,67.15255586144325,35.62084143890498,-7.624380362066874,64.29645787154081,99.33530855155597,2022,-38.59834902612786,2023,174.59354462205386,504963.81922678876,751965.5665378124,648287.1133364853,813034.1319017832,1279378.9535480984,2339706.2030386496,1383794.6679403568,3715932.1768632918,8626532.177302983,11465923.21729896,300000.0,5000.0,600000.0,11465923.217298958,12065923.217298958,11765923.217298958,80,120,True,Actual adjusted month-end return from Yahoo/yfinance daily history,2016-01,2025-12
26,NEM + CAT + NVDA + ANET,Not rebalanced monthly,NEM,Basic Materials,Newmont Corporation,CAT,Industrials,Caterpillar Inc. Common Stock,NVDA,Technology,NVIDIA Corporation Common Stock,ANET,Telecommunications,Arista Networks Inc. Common Stock,39.057518510107236,143.09900273559109,157.79152594017756,-38.21283916149098,92.78867704367887,78.55950006792544,37.57271764539822,-20.037401304901504,73.23109300808287,95.87053688637832,2022,-38.21283916149098,2023,157.79152594017756,502460.1811434967,790525.6977906206,587021.3645273488,738493.7535853516,1239968.0674115915,2303255.3411974376,1368407.515749613,3445759.183313761,8299644.066162453,11465353.778195718,300000.0,5000.0,600000.0,11465353.77819572,12065353.77819572,11765353.77819572,79,120,True,Actual adjusted month-end return from Yahoo/yfinance daily history,2016-01,2025-12
27,UNH + TSLA + NVDA + ANET,Not rebalanced monthly,UNH,Health Care,UnitedHealth Group Incorporated Common Stock (DE),TSLA,Industrials,Tesla Inc. Common Stock,NVDA,Technology,NVIDIA Corporation Common Stock,ANET,Telecommunications,Arista Networks Inc. Common Stock,32.03435259664187,133.3062241306409,154.01190644634153,-47.44622181939558,86.50951666492884,164.69248905761015,37.14951776963675,-14.601434907291766,79.88843453283366,69.68034211843135,2022,-47.44622181939558,2020,164.69248905761015,420321.9007421131,677665.2525671293,532977.6076769007,659437.1164498599,1643859.2927188762,2977225.961893689,1518654.9041633029,3778026.6586397444,8734516.436346555,11457772.551170718,300000.0,5000.0,600000.0,11457772.551170718,12057772.551170718,11757772.551170718,82,120,True,Actual adjusted month-end return from Yahoo/yfinance daily history,2016-01,2025-12
28,NFLX + PBR + NVDA + ANET,Not rebalanced monthly,NFLX,Consumer Discretionary,Netflix Inc. Common Stock,PBR,Energy,Petroleo Brasileiro S.A. Petrobras ADS,NVDA,Technology,NVIDIA Corporation Common Stock,ANET,Telecommunications,Arista Networks Inc. Common Stock,33.59122656362727,136.3301324914379,173.05534898738824,-38.81296369228312,91.66048312926533,65.638140360113,35.089647255017354,-6.352768965269107,64.2023346385557,98.65784272394333,2022,-38.81296369228312,2023,173.05534898738824,500714.3272960915,744818.6132295668,651684.2955540698,814760.6272218686,1270227.698027688,2345137.1858354416,1380105.3128095893,3684647.9001104767,8631285.582758043,11457444.15321412,300000.0,5000.0,600000.0,11457444.153214121,12057444.153214121,11757444.153214121,80,120,True,Actual adjusted month-end return from Yahoo/yfinance daily history,2016-01,2025-12
29,SYK + TSLA + NVDA + ANET,Not rebalanced monthly,SYK,Health Care,Stryker Corporation Common Stock,TSLA,Industrials,Tesla Inc. Common Stock,NVDA,Technology,NVIDIA Corporation Common Stock,ANET,Telecommunications,Arista Networks Inc. Common Stock,32.84226453860022,136.4212529184051,165.31624161065614,-49.34616214670733,84.35993236283419,167.13565091690805,40.64457886024966,-16.87446740634352,78.59685763375496,67.75041142771533,2022,-49.34616214670733,2020,167.13565091690805,416520.89786983037,666289.8573150433,508983.09538748977,645878.8579831873,1622932.3158366615,2903948.0599880735,1425483.9070146796,3702043.302684503,8672319.726087714,11445681.815449022,300000.0,5000.0,600000.0,11445681.815449022,12045681.815449022,11745681.815449022,79,120,True,Actual adjusted month-end return from Yahoo/yfinance daily history,2016-01,2025-12
30,PBR + PGR + TSLA + NVDA,Not rebalanced monthly,PBR,Energy,Petroleo Brasileiro S.A. Petrobras ADS,PGR,Finance,Progressive Corporation (The) Common Stock,TSLA,Industrials,Tesla Inc. Common Stock,NVDA,Technology,NVIDIA Corporation Common Stock,31.9661506270942,127.0781059709814,158.16851851760404,-45.24349672329926,76.85235858303605,142.21109552236814,44.94380380577636,-7.89158855623604,50.091643551381914,91.50264798282272,2022,-45.24349672329926,2023,158.16851851760404,485788.729730882,656167.4221703496,556913.754151936,734957.7251884656,1678647.514325401,2882311.4332576846,1532347.4828000953,3876394.5536112906,8724329.194558738,11439561.848566186,300000.0,5000.0,600000.0,11439561.848566186,12039561.848566186,11739561.848566186,79,120,True,Actual adjusted month-end return from Yahoo/yfinance daily history,2016-01,2025-12
31,PBR + LLY + NVDA + ANET,Not rebalanced monthly,PBR,Energy,Petroleo Brasileiro S.A. Petrobras ADS,LLY,Health Care,Eli Lilly and Company Common Stock,NVDA,Technology,NVIDIA Corporation Common Stock,ANET,Telecommunications,Arista Networks Inc. Common Stock,34.98773953422811,129.67989759156944,164.76337631895996,-32.16213495732968,104.59154776611328,61.49662677435253,35.540395445557984,-8.558494393259897,60.12241924222537,94.00671078696267,2022,-32.16213495732968,2023,164.76337631895996,490040.1322083115,707881.923716208,600135.3308156814,746226.4264170466,1125716.5620764606,2211147.9057023376,1444373.7664555353,3740233.196075706,8515368.594014876,11420483.32984743,300000.0,5000.0,600000.0,11420483.329847429,12020483.329847429,11720483.329847429,80,120,True,Actual adjusted month-end return from Yahoo/yfinance daily history,2016-01,2025-12
32,RIO + PBR + NVDA + ANET,Not rebalanced monthly,RIO,Basic Materials,Rio Tinto Plc Common Stock,PBR,Energy,Petroleo Brasileiro S.A. Petrobras ADS,NVDA,Technology,NVIDIA Corporation Common Stock,ANET,Telecommunications,Arista Networks Inc. Common Stock,34.89812259677218,130.6274851039128,160.5497467854547,-33.42295691133273,93.24776745051675,60.54454187634237,38.29921955274518,-11.576848026317476,62.13738959286679,106.41025857271788,2022,-33.42295691133273,2023,160.5497467854547,524270.6409367968,772537.8074080797,636671.0452115051,813648.4753123615,1225191.7984275417,2279079.9939972805,1461999.0390134542,3726321.2078896775,8518048.289098661,11416389.392743345,300000.0,5000.0,600000.0,11416389.392743345,12016389.392743345,11716389.392743345,76,120,True,Actual adjusted month-end return from Yahoo/yfinance daily history,2016-01,2025-12
33,PBR + SPGI + NVDA + ANET,Not rebalanced monthly,PBR,Energy,Petroleo Brasileiro S.A. Petrobras ADS,SPGI,Finance,S&P Global Inc. Common Stock,NVDA,Technology,NVIDIA Corporation Common Stock,ANET,Telecommunications,Arista Networks Inc. Common Stock,33.92136463129343,132.18200928753947,166.02679369072382,-36.56248216842782,99.8558075451067,57.653184601813145,42.09857782321676,-11.168567272177999,64.76678603342705,99.23641836801677,2022,-36.56248216842782,2023,166.02679369072382,506142.1754927412,756550.0329345583,626053.2913861244,821893.0387712164,1218044.24803023,2343489.062218846,1432402.285391958,3727286.4873124757,8577975.209951384,11413891.287141139,300000.0,5000.0,600000.0,11413891.28714114,12013891.28714114,11713891.28714114,78,120,True,Actual adjusted month-end return from Yahoo/yfinance daily history,2016-01,2025-12
34,MA + TSLA + NVDA + ANET,Not rebalanced monthly,MA,Consumer Discretionary,Mastercard Incorporated Common Stock,TSLA,Industrials,Tesla Inc. Common Stock,NVDA,Technology,NVIDIA Corporation Common Stock,ANET,Telecommunications,Arista Networks Inc. Common Stock,32.894066370783534,135.25901571849772,161.8438407536177,-48.63922357670827,81.5682711806736,159.72243368676743,45.153511662850796,-14.040461360115897,83.13464946724334,61.8050647734871,2022,-48.63922357670827,2023,161.8438407536177,397603.68160940625,649321.6320267961,512806.46332227835,673308.7220007445,1648236.1394532323,2905309.25873428,1446580.925368104,3707872.055157457,8642988.937041363,11411213.745825427,300000.0,5000.0,600000.0,11411213.745825427,12011213.745825427,11711213.745825427,82,120,True,Actual adjusted month-end return from Yahoo/yfinance daily history,2016-01,2025-12
35,TSLA + NVDA + ANET + NEE,Not rebalanced monthly,TSLA,Industrials,Tesla Inc. Common Stock,NVDA,Technology,NVIDIA Corporation Common Stock,ANET,Telecommunications,Arista Networks Inc. Common Stock,NEE,Utilities,NextEra Energy Inc. Common Stock,33.24210709914781,137.29033529394007,156.35426246504386,-48.76760468488356,84.40735952642288,166.94457658580995,41.943213751781585,-15.4748282490355,80.12536033444533,64.6857419877378,2022,-48.76760468488356,2020,166.94457658580995,408456.5050948879,657842.2181592939,510486.5672640774,653289.0791635806,1642910.7662038864,2941249.385541234,1461146.0832611816,3666302.4385767006,8619543.314634047,11409761.291909024,300000.0,5000.0,600000.0,11409761.291909024,12009761.291909024,11709761.291909024,78,120,True,Actual adjusted month-end return from Yahoo/yfinance daily history,2016-01,2025-12
36,CME + TSLA + NVDA + ANET,Not rebalanced monthly,CME,Finance,CME Group Inc. Class A Common Stock,TSLA,Industrials,Tesla Inc. Common Stock,NVDA,Technology,NVIDIA Corporation Common Stock,ANET,Telecommunications,Arista Networks Inc. Common Stock,33.299792836309464,136.69785999357865,167.71255419983024,-50.02755004346977,86.40135701586166,160.62488267687618,34.65073579917046,-12.402569771858706,78.66668284965672,68.56089343409934,2022,-50.02755004346977,2023,167.71255419983024,416639.18400101503,665976.1941643173,536734.0135189304,652812.1030353392,1600844.3470926045,2895521.8458619057,1402110.1182385795,3673335.8467517374,8614379.187499736,11407989.470712602,300000.0,5000.0,600000.0,11407989.4707126,12007989.4707126,11707989.4707126,78,120,True,Actual adjusted month-end return from Yahoo/yfinance daily history,2016-01,2025-12
37,NEM + PH + NVDA + ANET,Not rebalanced monthly,NEM,Basic Materials,Newmont Corporation,PH,Industrials,Parker-Hannifin Corporation Common Stock,NVDA,Technology,NVIDIA Corporation Common Stock,ANET,Telecommunications,Arista Networks Inc. Common Stock,38.361975873859365,143.99014590493562,165.39805412989318,-39.977976832118046,93.14170994870774,80.34001796791101,41.61963853261164,-21.14385734303683,67.6097288387693,97.2374078251654,2022,-39.977976832118046,2023,165.39805412989318,506466.571204068,771248.502704139,563464.8126078391,728272.279154596,1234144.8421033313,2295580.693906368,1324047.5155529166,3431798.7074607513,8296072.396603228,11403086.194415115,300000.0,5000.0,600000.0,11403086.194415115,12003086.194415115,11703086.194415115,79,120,True,Actual adjusted month-end return from Yahoo/yfinance daily history,2016-01,2025-12
38,SONY + PBR + NVDA + ANET,Not rebalanced monthly,SONY,Consumer Staples,Sony Group Corporation American Depositary Shares,PBR,Energy,Petroleo Brasileiro S.A. Petrobras ADS,NVDA,Technology,NVIDIA Corporation Common Stock,ANET,Telecommunications,Arista Networks Inc. Common Stock,34.403904898447465,133.19502831376013,166.91895781179394,-37.62996887135668,95.36546559359766,62.651940633891925,39.031007522084195,-10.164811251329386,65.02363566985949,100.2494311008451,2022,-37.62996887135668,2023,166.91895781179394,509218.9951347072,762664.622821036,638713.6145134255,819612.5628388112,1252038.1572122816,2355508.0464224396,1415087.3216309783,3694198.4187888023,8538363.765936365,11402066.730382256,300000.0,5000.0,600000.0,11402066.730382256,12002066.730382256,11702066.730382256,80,120,True,Actual adjusted month-end return from Yahoo/yfinance daily history,2016-01,2025-12
39,AEM + DHR + NVDA + ANET,Not rebalanced monthly,AEM,Basic Materials,Agnico Eagle Mines Limited Common Stock,DHR,Industrials,Danaher Corporation Common Stock,NVDA,Technology,NVIDIA Corporation Common Stock,ANET,Telecommunications,Arista Networks Inc. Common Stock,36.86254003205549,142.71321095737227,151.13189389134564,-39.012550267850884,92.68420434874297,75.87152346328703,47.370281516317036,-16.45894639795713,63.45928647778827,96.44744732593296,2022,-39.012550267850884,2023,151.13189389134564,503621.27874418447,747585.6983338984,578593.6974333972,783434.8092984855,1299353.8313022617,2415515.5900474614,1418664.796736558,3481426.9234211273,8373022.73588057,11384536.32969616,300000.0,5000.0,600000.0,11384536.32969616,11984536.32969616,11684536.32969616,77,120,True,Actual adjusted month-end return from Yahoo/yfinance daily history,2016-01,2025-12
40,WMT + TSLA + NVDA + ANET,Not rebalanced monthly,WMT,Consumer Discretionary,Walmart Inc. Common Stock,TSLA,Industrials,Tesla Inc. Common Stock,NVDA,Technology,NVIDIA Corporation Common Stock,ANET,Telecommunications,Arista Networks Inc. Common Stock,33.31220427748154,138.7925465328046,165.21983747885702,-49.31769154632366,84.10408252117239,170.45244259421884,39.84253461185756,-17.722709375887156,82.44300770762194,64.08609073838566,2022,-49.31769154632366,2020,170.45244259421884,406566.8834387185,662369.2276454774,499809.6715460958,628204.1640507006,1597017.6047709095,2851948.79791437,1400120.1790236868,3633363.468586219,8595606.833376655,11383977.490413412,300000.0,5000.0,600000.0,11383977.490413412,11983977.490413412,11683977.490413412,79,120,True,Actual adjusted month-end return from Yahoo/yfinance daily history,2016-01,2025-12
41,NEM + PGR + NVDA + ANET,Not rebalanced monthly,NEM,Basic Materials,Newmont Corporation,PGR,Finance,Progressive Corporation (The) Common Stock,NVDA,Technology,NVIDIA Corporation Common Stock,ANET,Telecommunications,Arista Networks Inc. Common Stock,36.38413339422011,143.91520768986038,154.2169876645957,-37.16659383313983,90.74029227855476,80.7038174669818,38.659208192136795,-16.291488948590192,71.12331629535144,89.06913287798686,2022,-37.16659383313983,2023,154.2169876645957,483577.7158161485,749059.2505723803,581504.4352027818,739044.1775291308,1258279.9278929923,2311928.982830319,1398324.420520533,3473623.985974297,8395740.354389437,11376095.471247042,300000.0,5000.0,600000.0,11376095.47124704,11976095.47124704,11676095.47124704,80,120,True,Actual adjusted month-end return from Yahoo/yfinance daily history,2016-01,2025-12
42,ISRG + DHR + NVDA + ANET,Not rebalanced monthly,ISRG,Health Care,Intuitive Surgical Inc. Common Stock,DHR,Industrials,Danaher Corporation Common Stock,NVDA,Technology,NVIDIA Corporation Common Stock,ANET,Telecommunications,Arista Networks Inc. Common Stock,34.242455914396295,139.71072626252374,144.60543298454272,-39.216024416465444,94.51722513280218,77.32411821552287,41.10715770769584,-9.81703537457036,76.35400297783848,85.1166152555923,2022,-39.216024416465444,2023,144.60543298454272,466149.7240740523,744035.3832522989,624261.5957784583,812773.668930858,1361300.7154448878,2559565.9802249717,1500677.3731793915,3589703.3819755274,8528232.105002386,11374185.26226594,300000.0,5000.0,600000.0,11374185.26226594,11974185.26226594,11674185.26226594,83,120,True,Actual adjusted month-end return from Yahoo/yfinance daily history,2016-01,2025-12
43,CNQ + TSLA + NVDA + ANET,Not rebalanced monthly,CNQ,Energy,Canadian Natural Resources Limited Common Stock,TSLA,Industrials,Tesla Inc. Common Stock,NVDA,Technology,NVIDIA Corporation Common Stock,ANET,Telecommunications,Arista Networks Inc. Common Stock,33.110557139184515,134.25118621715467,162.4380596569924,-47.85874427303243,90.09871297631564,170.05796488666024,41.51522636922807,-21.63692728159581,73.70048922995167,72.97060427024525,2022,-47.85874427303243,2020,170.05796488666024,431575.7339796261,671717.8982353619,482919.6144176841,611609.9374586889,1547318.5342706263,2852012.50424278,1441522.8785654446,3703167.0162261766,8594942.354564395,11365734.328894716,300000.0,5000.0,600000.0,11365734.328894716,11965734.328894716,11665734.328894716,81,120,True,Actual adjusted month-end return from Yahoo/yfinance daily history,2016-01,2025-12
44,NEM + ISRG + TSLA + NVDA,Not rebalanced monthly,NEM,Basic Materials,Newmont Corporation,ISRG,Health Care,Intuitive Surgical Inc. Common Stock,TSLA,Industrials,Tesla Inc. Common Stock,NVDA,Technology,NVIDIA Corporation Common Stock,35.918331036073184,138.0188348386838,156.54698402919266,-51.25291200296063,75.18195392282456,162.57272853620447,46.91316490155211,-10.983235051455509,57.30107145518468,80.55131630640291,2022,-51.25291200296063,2020,162.57272853620447,462385.78600676375,655002.912250754,536077.4540025468,710604.1401160696,1766022.0654867953,3008717.004158588,1421937.500608542,3569271.7075354266,8415869.791733693,11363170.938749615,300000.0,5000.0,600000.0,11363170.938749615,11963170.938749615,11663170.938749615,78,120,True,Actual adjusted month-end return from Yahoo/yfinance daily history,2016-01,2025-12
45,AEM + ISRG + NVDA + ANET,Not rebalanced monthly,AEM,Basic Materials,Agnico Eagle Mines Limited Common Stock,ISRG,Health Care,Intuitive Surgical Inc. Common Stock,NVDA,Technology,NVIDIA Corporation Common Stock,ANET,Telecommunications,Arista Networks Inc. Common Stock,36.73528142612186,147.23087177450006,163.49799495656936,-40.43057733592028,90.80945278117736,74.86734540914144,41.20664201303368,-13.570177481505585,75.23863317751636,82.207827185773,2022,-40.43057733592028,2023,163.49799495656936,465532.92730361695,738357.5978696859,592127.3666657741,767225.7613741525,1261958.3007860738,2319284.1094496483,1326483.4778805831,3412783.1779107633,8359827.331995388,11356115.899615156,300000.0,5000.0,600000.0,11356115.899615156,11956115.899615156,11656115.899615156,79,120,True,Actual adjusted month-end return from Yahoo/yfinance daily history,2016-01,2025-12
46,LLY + TSLA + NVDA + ANET,Not rebalanced monthly,LLY,Health Care,Eli Lilly and Company Common Stock,TSLA,Industrials,Tesla Inc. Common Stock,NVDA,Technology,NVIDIA Corporation Common Stock,ANET,Telecommunications,Arista Networks Inc. Common Stock,33.84919992617179,132.02172344622772,162.055242166901,-46.70465762018422,88.87073969115565,176.0131532556716,37.85508669602753,-14.444500336808074,79.85945518358868,57.48607463751818,2022,-46.70465762018422,2020,176.0131532556716,385656.65895119536,615911.6938892114,481137.2566564417,592190.0393228963,1532098.604193168,2804783.8591851788,1448363.7325349827,3714746.1843643384,8539994.62065219,11355554.628625331,300000.0,5000.0,600000.0,11355554.628625333,11955554.628625333,11655554.628625333,79,120,True,Actual adjusted month-end return from Yahoo/yfinance daily history,2016-01,2025-12
47,NFLX + PBR + TSLA + NVDA,Not rebalanced monthly,NFLX,Consumer Discretionary,Netflix Inc. Common Stock,PBR,Energy,Petroleo Brasileiro S.A. Petrobras ADS,TSLA,Industrials,Tesla Inc. Common Stock,NVDA,Technology,NVIDIA Corporation Common Stock,32.544231810356685,130.1971427026329,171.36560688706712,-49.98404512755988,74.97319716296829,144.9971698838696,43.47035756621804,-3.709843690399084,49.059912486332124,89.83651006420739,2022,-49.98404512755988,2023,171.36560688706712,477907.3259068771,640379.3027635147,570115.3074404299,745774.2108863862,1726169.7135000736,2934527.6356065813,1422676.458371672,3780018.9374478757,8622609.034740968,11355093.531873908,300000.0,5000.0,600000.0,11355093.531873908,11955093.531873908,11655093.531873908,76,120,True,Actual adjusted month-end return from Yahoo/yfinance daily history,2016-01,2025-12
48,MA + PBR + NVDA + ANET,Not rebalanced monthly,MA,Consumer Discretionary,Mastercard Incorporated Common Stock,PBR,Energy,Petroleo Brasileiro S.A. Petrobras ADS,NVDA,Technology,NVIDIA Corporation Common Stock,ANET,Telecommunications,Arista Networks Inc. Common Stock,33.98708270518709,133.04115840540084,164.6419524440479,-34.83205841256607,93.05687872654333,56.88421015980498,41.90824595079447,-8.426249813478648,63.2243222426621,98.32570092293138,2022,-34.83205841256607,2023,164.6419524440479,502085.83866277494,741763.272210107,632587.7617774091,830218.8092935154,1223550.3287543647,2272464.5049172533,1426259.499092895,3691457.242406968,8526463.172803322,11350537.748831792,300000.0,5000.0,600000.0,11350537.748831792,11950537.748831792,11650537.748831792,78,120,True,Actual adjusted month-end return from Yahoo/yfinance daily history,2016-01,2025-12
49,PBR + UNH + NVDA + ANET,Not rebalanced monthly,PBR,Energy,Petroleo Brasileiro S.A. Petrobras ADS,UNH,Health Care,UnitedHealth Group Incorporated Common Stock (DE),NVDA,Technology,NVIDIA Corporation Common Stock,ANET,Telecommunications,Arista Networks Inc. Common Stock,33.06489353621815,130.96925108138194,156.11404772988084,-33.434424407346775,100.54398636880802,58.15596168692112,35.072469572953665,-9.091478501403072,61.31347043658302,106.20097826787575,2022,-33.434424407346775,2023,156.11404772988084,525039.7374391857,769494.3265531564,652521.6483883804,813605.4526972506,1207362.8979008615,2329635.683928659,1495869.932698441,3748563.2210503723,8582143.315838467,11346026.280789318,300000.0,5000.0,600000.0,11346026.280789318,11946026.280789318,11646026.280789318,80,120,True,Actual adjusted month-end return from Yahoo/yfinance daily history,2016-01,2025-12
50,AMZN + PBR + TSLA + NVDA,Not rebalanced monthly,AMZN,Consumer Discretionary,Amazon.com Inc. Common Stock,PBR,Energy,Petroleo Brasileiro S.A. Petrobras ADS,TSLA,Industrials,Tesla Inc. Common Stock,NVDA,Technology,NVIDIA Corporation Common Stock,32.71572054950664,128.16726162765568,172.8318413345899,-49.87239944671169,73.68834309210162,147.08129065155825,44.15823879370755,-5.18692343376721,49.21224019409498,90.51397589182007,2022,-49.87239944671169,2023,172.8318413345899,482059.6899275102,646974.8205799558,566287.0749668913,743337.1403907314,1735181.2583168955,2928578.697628976,1424193.0032488068,3804949.1418677773,8603070.91584194,11343226.937563958,300000.0,5000.0,600000.0,11343226.937563958,11943226.937563958,11643226.937563958,75,120,True,Actual adjusted month-end return from Yahoo/yfinance daily history,2016-01,2025-12
51,SCCO + TSLA + NVDA + ANET,Not rebalanced monthly,SCCO,Basic Materials,Southern Copper Corporation Common Stock,TSLA,Industrials,Tesla Inc. Common Stock,NVDA,Technology,NVIDIA Corporation Common Stock,ANET,Telecommunications,Arista Networks Inc. Common Stock,34.26801000042221,134.67600171779765,167.01405579534924,-48.99011939591138,83.34809713249238,178.7179208989761,42.409919090712165,-22.08074917654238,82.84440232183196,65.85501456199123,2022,-48.99011939591138,2020,178.7179208989761,408844.3192369072,668683.0442495267,478070.61890251044,609130.8656147032,1592167.0289538577,2831529.331723909,1398762.4729929154,3654756.478192427,8497112.449266814,11333412.403602792,300000.0,5000.0,600000.0,11333412.403602792,11933412.403602792,11633412.403602792,80,120,True,Actual adjusted month-end return from Yahoo/yfinance daily history,2016-01,2025-12
52,NEM + DE + NVDA + ANET,Not rebalanced monthly,NEM,Basic Materials,Newmont Corporation,DE,Industrials,Deere & Company Common Stock,NVDA,Technology,NVIDIA Corporation Common Stock,ANET,Telecommunications,Arista Networks Inc. Common Stock,37.43825762882578,140.94886764656061,143.74580825127538,-35.923026249492096,92.40796608582342,83.6116831380549,37.275583460617476,-17.717404290752558,69.62633838124263,95.07886175425153,2022,-35.923026249492096,2023,143.74580825127538,499612.4647475557,768906.7193980066,586788.9145911857,736941.555443868,1273157.495823436,2363551.938065748,1459267.8301891373,3476610.6073916773,8299799.546364428,11332148.43124767,300000.0,5000.0,600000.0,11332148.431247668,11932148.431247668,11632148.431247668,80,120,True,Actual adjusted month-end return from Yahoo/yfinance daily history,2016-01,2025-12
53,PBR + SYK + NVDA + ANET,Not rebalanced monthly,PBR,Energy,Petroleo Brasileiro S.A. Petrobras ADS,SYK,Health Care,Stryker Corporation Common Stock,NVDA,Technology,NVIDIA Corporation Common Stock,ANET,Telecommunications,Arista Networks Inc. Common Stock,33.93886479491051,134.25525708751968,168.46942643842152,-35.599532609316356,97.61266373721784,58.366530071502055,37.98297397682238,-11.079072592277118,60.07731410168225,104.27104757715959,2022,-35.599532609316356,2023,168.46942643842152,521134.2720967665,757507.2720022153,627312.8467885029,799103.7300541884,1185642.367194006,2252170.9224131755,1395671.961282923,3663781.5325068356,8506492.288404148,11319666.12062868,300000.0,5000.0,600000.0,11319666.12062868,11919666.12062868,11619666.12062868,76,120,True,Actual adjusted month-end return from Yahoo/yfinance daily history,2016-01,2025-12
54,LIN + TSLA + NVDA + ANET,Not rebalanced monthly,LIN,Basic Materials,Linde plc Ordinary Shares,TSLA,Industrials,Tesla Inc. Common Stock,NVDA,Technology,NVIDIA Corporation Common Stock,ANET,Telecommunications,Arista Networks Inc. Common Stock,32.864475809652305,134.14276539747863,162.57036481326543,-48.7404511642542,86.00618932983286,169.42189165351235,41.32395954613224,-16.9956446614542,80.3228859544395,64.45511333358766,2022,-48.7404511642542,2020,169.42189165351235,406751.9920329539,654853.2606025093,498465.8676432243,633359.3925821702,1603808.1327719742,2894597.5766003737,1438004.714239908,3695832.3096426683,8573713.381057454,11316649.779168531,300000.0,5000.0,600000.0,11316649.779168531,11916649.779168531,11616649.779168531,82,120,True,Actual adjusted month-end return from Yahoo/yfinance daily history,2016-01,2025-12
55,PBR + NVDA + ANET + NEE,Not rebalanced monthly,PBR,Energy,Petroleo Brasileiro S.A. Petrobras ADS,NVDA,Technology,NVIDIA Corporation Common Stock,ANET,Telecommunications,Arista Networks Inc. Common Stock,NEE,Utilities,NextEra Energy Inc. Common Stock,34.374470844656145,135.16644571402082,158.7154554938587,-35.09828982867139,97.38860958427384,59.70707971342186,39.111766309422705,-9.744890476037982,61.046300890736724,101.20637813718231,2022,-35.09828982867139,2023,158.7154554938587,512962.37212720304,749160.1770316542,629264.0516799197,807817.5624830136,1211074.509793991,2299386.229344525,1437521.0533821052,3636595.7668703264,8475826.439866917,11315229.125291705,300000.0,5000.0,600000.0,11315229.125291703,11915229.125291703,11615229.125291703,80,120,True,Actual adjusted month-end return from Yahoo/yfinance daily history,2016-01,2025-12
56,PBR + GLW + NVDA + ANET,Not rebalanced monthly,PBR,Energy,Petroleo Brasileiro S.A. Petrobras ADS,GLW,Industrials,Corning Incorporated Common Stock,NVDA,Technology,NVIDIA Corporation Common Stock,ANET,Telecommunications,Arista Networks Inc. Common Stock,35.57513359552449,137.14864774479932,170.2882362708636,-36.205024716135924,99.19762607231802,61.03750379242745,32.44396613495986,-11.746322016556421,60.508836366061814,105.65701371296754,2022,-36.205024716135924,2023,170.2882362708636,523860.80069149425,764322.5676481359,627935.0415697922,765795.517412123,1152527.3247050622,2205220.108948625,1352704.1777181267,3572918.782951273,8396608.7203172,11309181.09031901,300000.0,5000.0,600000.0,11309181.090319008,11909181.090319008,11609181.090319008,79,120,True,Actual adjusted month-end return from Yahoo/yfinance daily history,2016-01,2025-12
57,WMT + PBR + NVDA + ANET,Not rebalanced monthly,WMT,Consumer Discretionary,Walmart Inc. Common Stock,PBR,Energy,Petroleo Brasileiro S.A. Petrobras ADS,NVDA,Technology,NVIDIA Corporation Common Stock,ANET,Telecommunications,Arista Networks Inc. Common Stock,34.440037047975935,136.7755837315499,168.38312259032523,-35.45015777982788,97.321641112769,59.65499088691815,37.27185133389674,-11.852060991999913,62.8849875642348,100.60672688782995,2022,-35.45015777982788,2023,168.38312259032523,511094.3284033269,754219.9116881177,618268.4241031203,781684.196886176,1168776.2074777444,2215238.5464428635,1375396.5429919164,3608091.64998697,8466477.95318492,11308297.37465329,300000.0,5000.0,600000.0,11308297.374653287,11908297.374653287,11608297.374653287,78,120,True,Actual adjusted month-end return from Yahoo/yfinance daily history,2016-01,2025-12
58,TSLA + PLD + NVDA + ANET,Not rebalanced monthly,TSLA,Industrials,Tesla Inc. Common Stock,PLD,Real Estate,Prologis Inc. Common Stock,NVDA,Technology,NVIDIA Corporation Common Stock,ANET,Telecommunications,Arista Networks Inc. Common Stock,33.40515674042912,134.37106854974576,163.81479014416675,-49.997212358178324,89.05765285374763,166.84392568262592,43.95935368426882,-18.219271053230447,77.90092118716288,66.91778579495187,2022,-49.997212358178324,2020,166.84392568262592,412767.3578548091,656224.6391869314,492132.0804035129,637455.8659748732,1600017.093298936,2935550.1064371476,1422794.4420068036,3673558.406044729,8529775.597303772,11304043.925498346,300000.0,5000.0,600000.0,11304043.925498346,11904043.925498346,11604043.925498346,80,120,True,Actual adjusted month-end return from Yahoo/yfinance daily history,2016-01,2025-12
59,RIO + PBR + TSLA + NVDA,Not rebalanced monthly,RIO,Basic Materials,Rio Tinto Plc Common Stock,PBR,Energy,Petroleo Brasileiro S.A. Petrobras ADS,TSLA,Industrials,Tesla Inc. Common Stock,NVDA,Technology,NVIDIA Corporation Common Stock,33.81616637104015,124.74487883136112,159.46231684770748,-46.074911183734926,75.61840357110697,140.3156615156651,47.38738134704646,-9.785629020651921,47.49689226184146,97.58892591298196,2022,-46.074911183734926,2023,159.46231684770748,501296.1639840824,667104.069793625,554570.370924912,743449.7612031284,1682656.3408213973,2869958.490604584,1501833.6069739386,3816804.71469889,8499960.866764171,11299531.715610243,300000.0,5000.0,600000.0,11299531.715610243,11899531.715610243,11599531.715610243,77,120,True,Actual adjusted month-end return from Yahoo/yfinance daily history,2016-01,2025-12
60,SCCO + PBR + NVDA + ANET,Not rebalanced monthly,SCCO,Basic Materials,Southern Copper Corporation Common Stock,PBR,Energy,Petroleo Brasileiro S.A. Petrobras ADS,NVDA,Technology,NVIDIA Corporation Common Stock,ANET,Telecommunications,Arista Networks Inc. Common Stock,35.47183118949291,132.41634212767514,170.29035001836797,-35.05064117404654,96.07792886832702,64.56436418337393,39.36136103364234,-15.918154383227268,63.38489927299749,102.37565071143533,2022,-35.05064117404654,2023,170.29035001836797,513552.4293502937,761168.998323405,595440.0306379728,762130.1993320745,1171843.1804119262,2207564.8562133517,1378907.3699668457,3643771.1230533565,8392957.24506296,11295554.385063566,300000.0,5000.0,600000.0,11295554.385063566,11895554.385063566,11595554.385063566,79,120,True,Actual adjusted month-end return from Yahoo/yfinance daily history,2016-01,2025-12
61,NEM + NFLX + NVDA + ANET,Not rebalanced monthly,NEM,Basic Materials,Newmont Corporation,NFLX,Consumer Discretionary,Netflix Inc. Common Stock,NVDA,Technology,NVIDIA Corporation Common Stock,ANET,Telecommunications,Arista Networks Inc. Common Stock,37.025209031835814,147.84045340902387,168.6124003152117,-43.350882327437034,87.63851162353708,84.704012807773,37.39224914359545,-12.700403237114443,70.26517335426297,87.40299495937165,2022,-43.350882327437034,2023,168.6124003152117,476176.3989228528,733239.2376881192,595345.6658636116,750723.7996560476,1309054.7526144711,2369086.765647084,1288215.8376135197,3377956.262798713,8294207.257048821,11290692.953004133,300000.0,5000.0,600000.0,11290692.953004133,11890692.953004133,11590692.953004133,80,120,True,Actual adjusted month-end return from Yahoo/yfinance daily history,2016-01,2025-12
62,PBR + CME + NVDA + ANET,Not rebalanced monthly,PBR,Energy,Petroleo Brasileiro S.A. Petrobras ADS,CME,Finance,CME Group Inc. Class A Common Stock,NVDA,Technology,NVIDIA Corporation Common Stock,ANET,Telecommunications,Arista Networks Inc. Common Stock,34.4356391565263,134.54110229237455,171.10683078986062,-36.543025586784815,100.84353301295917,54.00036197630882,32.93628335600589,-7.007644383140299,60.20789415747871,105.08152958354393,2022,-36.543025586784815,2023,171.10683078986062,521428.113814587,757893.6880461604,656944.9054256347,806845.227877977,1164359.7351778399,2247177.5727694607,1372131.4962165568,3636407.7490279158,8452552.763313107,11289268.099584151,300000.0,5000.0,600000.0,11289268.099584151,11889268.099584151,11589268.099584151,82,120,True,Actual adjusted month-end return from Yahoo/yfinance daily history,2016-01,2025-12
63,PBR + SPGI + TSLA + NVDA,Not rebalanced monthly,PBR,Energy,Petroleo Brasileiro S.A. Petrobras ADS,SPGI,Finance,S&P Global Inc. Common Stock,TSLA,Industrials,Tesla Inc. Common Stock,NVDA,Technology,NVIDIA Corporation Common Stock,32.858836593529126,126.24331059039977,164.68629624220648,-48.25580477861862,80.20121272810101,136.22480698107898,51.82319793954107,-9.275255209359013,49.69652334337438,90.4150857082809,2022,-48.25580477861862,2023,164.68629624220648,483178.7071690304,651234.4887013261,544070.7061513806,751016.367919284,1674153.9916467043,2930096.547218808,1471190.3709195598,3813831.20514785,8550187.990053698,11285340.89333423,300000.0,5000.0,600000.0,11285340.89333423,11885340.89333423,11585340.89333423,76,120,True,Actual adjusted month-end return from Yahoo/yfinance daily history,2016-01,2025-12
64,NEM + AMZN + NVDA + ANET,Not rebalanced monthly,NEM,Basic Materials,Newmont Corporation,AMZN,Consumer Discretionary,Amazon.com Inc. Common Stock,NVDA,Technology,NVIDIA Corporation Common Stock,ANET,Telecommunications,Arista Networks Inc. Common Stock,37.23407556175027,145.5015933094315,170.23996610069347,-43.167652921779634,85.85845088686814,86.4567066907358,37.999950272884405,-13.974512193996558,70.34309063274821,88.08046078698406,2022,-43.167652921779634,2023,170.23996610069347,480081.43569801026,739950.5469013266,591265.9465975416,747994.098964549,1316804.280301801,2360888.313136855,1289935.4367170956,3403490.0393101233,8278209.683581675,11285305.570215283,300000.0,5000.0,600000.0,11285305.570215283,11885305.570215283,11585305.570215283,83,120,True,Actual adjusted month-end return from Yahoo/yfinance daily history,2016-01,2025-12
65,SONY + PBR + TSLA + NVDA,Not rebalanced monthly,SONY,Consumer Staples,Sony Group Corporation American Depositary Shares,PBR,Energy,Petroleo Brasileiro S.A. Petrobras ADS,TSLA,Industrials,Tesla Inc. Common Stock,NVDA,Technology,NVIDIA Corporation Common Stock,33.330497165990344,127.16589697465808,165.52422820995992,-49.049188117242906,77.3882713181425,141.83065105548985,48.17818542743226,-8.134816563472281,50.04495892889877,91.42809844110911,2022,-49.049188117242906,2023,165.52422820995992,486223.63612932636,657200.3309205696,556489.8360914881,748625.0903120092,1706933.140155992,2941281.248418469,1453866.5730287407,3780497.062309099,8509418.697826907,11271333.284019101,300000.0,5000.0,600000.0,11271333.284019101,11871333.284019101,11571333.284019101,77,120,True,Actual adjusted month-end return from Yahoo/yfinance daily history,2016-01,2025-12
66,PBR + UNP + NVDA + ANET,Not rebalanced monthly,PBR,Energy,Petroleo Brasileiro S.A. Petrobras ADS,UNP,Industrials,Union Pacific Corporation Common Stock,NVDA,Technology,NVIDIA Corporation Common Stock,ANET,Telecommunications,Arista Networks Inc. Common Stock,34.16041142251125,132.8343232161201,167.2437281180414,-35.89035743701183,98.53015752243041,57.88284664357881,37.68891373573824,-10.601390071312577,60.131205270323875,105.59360670026709,2022,-35.89035743701183,2023,167.2437281180414,522937.5551975019,759771.2838148474,632674.7097854977,804365.0349660015,1190407.4207263782,2272125.5887894607,1402464.656774101,3664438.7661902476,8456044.008464528,11270663.378044222,300000.0,5000.0,600000.0,11270663.37804422,11870663.37804422,11570663.37804422,79,120,True,Actual adjusted month-end return from Yahoo/yfinance daily history,2016-01,2025-12
67,AEM + CAT + NVDA + ANET,Not rebalanced monthly,AEM,Basic Materials,Agnico Eagle Mines Limited Common Stock,CAT,Industrials,Caterpillar Inc. Common Stock,NVDA,Technology,NVIDIA Corporation Common Stock,ANET,Telecommunications,Arista Networks Inc. Common Stock,38.74155994381703,145.435037648708,163.74619506751355,-37.84658813790559,92.06339000688142,74.93819177724632,41.42369397149761,-21.094289521926402,75.60005675652879,88.70571510601243,2022,-37.84658813790559,2023,163.74619506751355,482277.49402024585,767248.7883966379,560500.1326764955,723479.0492373917,1185831.444757393,2189979.7580991974,1305687.5799815278,3361124.430828814,8172117.754333005,11262532.828434976,300000.0,5000.0,600000.0,11262532.828434978,11862532.828434978,11562532.828434978,79,120,True,Actual adjusted month-end return from Yahoo/yfinance daily history,2016-01,2025-12
68,BNS + TSLA + NVDA + ANET,Not rebalanced monthly,BNS,Finance,Bank Nova Scotia Halifax Pfd 3 Ordinary Shares,TSLA,Industrials,Tesla Inc. Common Stock,NVDA,Technology,NVIDIA Corporation Common Stock,ANET,Telecommunications,Arista Networks Inc. Common Stock,33.62241801237671,138.57883304764775,169.3983565136587,-50.53560567997497,88.06626899950496,173.23560103672187,38.24038102148564,-19.955398218142417,75.51009556574519,71.01085004556644,2022,-50.53560567997497,2020,173.23560103672187,425205.81249585,669031.5567919695,491331.77529183816,608837.3488787182,1559833.8348716344,2844531.470039448,1362359.7246823078,3589835.596501938,8484120.48847286,11261397.045237245,300000.0,5000.0,600000.0,11261397.045237245,11861397.045237245,11561397.045237245,80,120,True,Actual adjusted month-end return from Yahoo/yfinance daily history,2016-01,2025-12
69,JPM + TSLA + NVDA + ANET,Not rebalanced monthly,JPM,Finance,JP Morgan Chase & Co. Common Stock,TSLA,Industrials,Tesla Inc. Common Stock,NVDA,Technology,NVIDIA Corporation Common Stock,ANET,Telecommunications,Arista Networks Inc. Common Stock,33.60721143103553,137.60821861766507,167.385855044947,-49.71823272586302,86.5922261908044,163.43199219228475,42.668606899566285,-18.171362816992996,77.5113916425849,68.71237639206413,2022,-49.71823272586302,2023,167.385855044947,414749.08995248534,657964.9275865958,493963.6280231903,632719.4279202732,1563917.6168900263,2830002.570675427,1377626.607686128,3603127.700769964,8480962.451930942,11256091.546335144,300000.0,5000.0,600000.0,11256091.546335146,11856091.546335146,11556091.546335146,82,120,True,Actual adjusted month-end return from Yahoo/yfinance daily history,2016-01,2025-12
70,ISRG + CAT + NVDA + ANET,Not rebalanced monthly,ISRG,Health Care,Intuitive Surgical Inc. Common Stock,CAT,Industrials,Caterpillar Inc. Common Stock,NVDA,Technology,NVIDIA Corporation Common Stock,ANET,Telecommunications,Arista Networks Inc. Common Stock,36.08442556449525,142.30977942602215,156.04171558143966,-38.146280689163866,94.06264349493729,76.53412933717647,35.55335726269393,-14.581043099793266,89.83313902384724,77.37488303567157,2022,-38.146280689163866,2023,156.04171558143966,444869.19127011846,762248.5272822194,605370.4625911154,752563.7469754315,1247164.8369288095,2332408.78614678,1386589.8704955615,3467990.489737599,8326222.366882688,11255781.266789159,300000.0,5000.0,600000.0,11255781.26678916,11855781.26678916,11555781.26678916,81,120,True,Actual adjusted month-end return from Yahoo/yfinance daily history,2016-01,2025-12
71,EQNR + TSLA + NVDA + ANET,Not rebalanced monthly,EQNR,Energy,Equinor ASA,TSLA,Industrials,Tesla Inc. Common Stock,NVDA,Technology,NVIDIA Corporation Common Stock,ANET,Telecommunications,Arista Networks Inc. Common Stock,33.16323861652264,135.15310591248672,160.48483150605205,-47.96389783561244,89.30143207089243,170.46114980172987,34.350889198460344,-16.904047254519604,76.18352062156339,69.66377978167864,2022,-47.96389783561244,2020,170.46114980172987,420865.40315697284,663115.3104012227,506673.7715540331,610575.0272810761,1547907.5585588855,2840978.763825021,1432794.1849059293,3652067.962639158,8507811.20469327,11254246.04874423,300000.0,5000.0,600000.0,11254246.04874423,11854246.04874423,11554246.04874423,80,120,True,Actual adjusted month-end return from Yahoo/yfinance daily history,2016-01,2025-12
72,LIN + PBR + NVDA + ANET,Not rebalanced monthly,LIN,Basic Materials,Linde plc Ordinary Shares,PBR,Energy,Petroleo Brasileiro S.A. Petrobras ADS,NVDA,Technology,NVIDIA Corporation Common Stock,ANET,Telecommunications,Arista Networks Inc. Common Stock,33.960026338511184,131.85162218863348,165.4320137103114,-34.96804436440739,100.00275897705633,59.70750809731946,38.53715070841011,-11.135495715688881,61.186038747133466,100.97574948303176,2022,-34.96804436440739,2023,165.4320137103114,511200.40861107875,746395.0174915787,616799.2200338462,787165.5553959406,1177241.7069831057,2263008.457365306,1416754.9872021158,3677460.347215001,8450409.123369116,11246390.16351099,300000.0,5000.0,600000.0,11246390.16351099,11846390.16351099,11546390.16351099,78,120,True,Actual adjusted month-end return from Yahoo/yfinance daily history,2016-01,2025-12
73,RY + TSLA + NVDA + ANET,Not rebalanced monthly,RY,Finance,Royal Bank Of Canada Common Stock,TSLA,Industrials,Tesla Inc. Common Stock,NVDA,Technology,NVIDIA Corporation Common Stock,ANET,Telecommunications,Arista Networks Inc. Common Stock,33.69796494085109,137.70870356997006,166.89322968439112,-49.735565516284474,87.49809434164337,173.2528916527853,38.58690151000141,-19.099672831871416,77.15875215208072,68.03471811126205,2022,-49.735565516284474,2020,173.2528916527853,415852.7323934019,659106.045145468,488828.9634836671,607309.8270010736,1556258.320614627,2829252.6914072945,1377079.4085341087,3595104.2558949287,8465484.2683667,11242899.23740141,300000.0,5000.0,600000.0,11242899.237401407,11842899.237401407,11542899.237401407,80,120,True,Actual adjusted month-end return from Yahoo/yfinance daily history,2016-01,2025-12
74,V + TSLA + NVDA + ANET,Not rebalanced monthly,V,Consumer Discretionary,Visa Inc.,TSLA,Industrials,Tesla Inc. Common Stock,NVDA,Technology,NVIDIA Corporation Common Stock,ANET,Telecommunications,Arista Networks Inc. Common Stock,33.09701366922828,136.44646260899097,165.7168581793555,-49.28560281130247,83.31081476992782,165.6804771623543,42.04915080986022,-15.450253981905837,83.36007136101513,60.42106997613046,2022,-49.28560281130247,2023,165.7168581793555,394611.0755349116,644967.3191231625,500170.29730350355,639643.2542660228,1598140.7004481887,2841776.779941474,1395908.2410296805,3629027.7801989834,8500430.066408103,11238930.152182858,300000.0,5000.0,600000.0,11238930.152182857,11838930.152182857,11538930.152182857,80,120,True,Actual adjusted month-end return from Yahoo/yfinance daily history,2016-01,2025-12
75,PBR + LLY + TSLA + NVDA,Not rebalanced monthly,PBR,Energy,Petroleo Brasileiro S.A. Petrobras ADS,LLY,Health Care,Eli Lilly and Company Common Stock,TSLA,Industrials,Tesla Inc. Common Stock,NVDA,Technology,NVIDIA Corporation Common Stock,33.93898996006068,124.03583420321094,163.52600038478565,-45.07703411295532,82.79699388842118,146.64834697811307,44.695290660058994,-6.118438038652063,44.405331340004395,85.18537812722661,2022,-45.07703411295532,2023,163.52600038478565,467153.77546663466,603452.9876459243,518367.64631796477,675119.2091576173,1562128.3297126447,2768046.047454673,1474180.2318294793,3803994.459827885,8444984.56859501,11236422.58833214,300000.0,5000.0,600000.0,11236422.58833214,11836422.58833214,11536422.58833214,77,120,True,Actual adjusted month-end return from Yahoo/yfinance daily history,2016-01,2025-12
76,MA + PBR + TSLA + NVDA,Not rebalanced monthly,MA,Consumer Discretionary,Mastercard Incorporated Common Stock,PBR,Energy,Petroleo Brasileiro S.A. Petrobras ADS,TSLA,Industrials,Tesla Inc. Common Stock,NVDA,Technology,NVIDIA Corporation Common Stock,32.92476563663493,127.0545850278988,163.36305683586838,-47.135935125180374,75.53865726932234,134.17408110602707,51.43083442808387,-6.079490808922106,48.00983418409535,89.50436826319536,2022,-47.135935125180374,2023,163.36305683586838,479169.6950851893,636888.9941692911,550633.9482439402,759287.7623038867,1676929.1588012585,2857764.349352904,1465498.046706214,3779617.4678355204,8503406.73694639,11228822.8777557,300000.0,5000.0,600000.0,11228822.8777557,11828822.8777557,11528822.8777557,76,120,True,Actual adjusted month-end return from Yahoo/yfinance daily history,2016-01,2025-12
77,NEM + SPGI + NVDA + ANET,Not rebalanced monthly,NEM,Basic Materials,Newmont Corporation,SPGI,Finance,S&P Global Inc. Common Stock,NVDA,Technology,NVIDIA Corporation Common Stock,ANET,Telecommunications,Arista Networks Inc. Common Stock,37.40629138965097,143.2620398256736,161.28257606628372,-41.143508148006504,95.3710964323217,76.01223474838552,45.234656206987786,-17.58194403624601,70.84475923117837,87.98157060344496,2022,-41.143508148006504,2023,161.28257606628372,481053.05072612985,744290.1062943946,568542.8451936601,755971.0843022271,1254674.7733316515,2362727.256756711,1337319.6282254488,3412348.168502581,8223773.098509765,11224824.859947141,300000.0,5000.0,600000.0,11224824.859947141,11824824.859947141,11524824.859947141,77,120,True,Actual adjusted month-end return from Yahoo/yfinance daily history,2016-01,2025-12
78,PBR + UNH + TSLA + NVDA,Not rebalanced monthly,PBR,Energy,Petroleo Brasileiro S.A. Petrobras ADS,UNH,Health Care,UnitedHealth Group Incorporated Common Stock (DE),TSLA,Industrials,Tesla Inc. Common Stock,NVDA,Technology,NVIDIA Corporation Common Stock,32.00978884639183,125.08932182783244,155.22760119779412,-45.8877714076386,80.52843603126463,137.96117097331805,43.54717805879269,-6.916377509021787,46.620627116816294,97.37964560813982,2022,-45.8877714076386,2023,155.22760119779412,502006.0984575405,663846.6388578336,570011.3997170127,743031.2182822053,1665913.9468628275,2920134.4422170743,1534510.7757535195,3836919.3281562827,8558379.116897808,11223609.602675615,300000.0,5000.0,600000.0,11223609.602675615,11823609.602675615,11523609.602675615,76,120,True,Actual adjusted month-end return from Yahoo/yfinance daily history,2016-01,2025-12
79,BABA + TSLA + NVDA + ANET,Not rebalanced monthly,BABA,Consumer Discretionary,Alibaba Group Holding Limited American Depositary Shares each representing eight Ordinary share,TSLA,Industrials,Tesla Inc. Common Stock,NVDA,Technology,NVIDIA Corporation Common Stock,ANET,Telecommunications,Arista Networks Inc. Common Stock,33.739273508926246,139.60149521526253,171.75347204772348,-50.75752568054068,79.71524443188432,163.08616509972705,43.98725027162271,-20.159799142670533,91.18494782411244,62.090093282051775,2022,-50.75752568054068,2023,171.75347204772348,398847.51275678125,683220.105155782,501765.40214810125,650799.0321505143,1612178.1976015854,2810642.621568882,1339350.6739952324,3559336.429873765,8447678.080036927,11222670.088632336,300000.0,5000.0,600000.0,11222670.088632334,11822670.088632334,11522670.088632334,77,120,True,Actual adjusted month-end return from Yahoo/yfinance daily history,2016-01,2025-12
80,PBR + PLD + NVDA + ANET,Not rebalanced monthly,PBR,Energy,Petroleo Brasileiro S.A. Petrobras ADS,PLD,Real Estate,Prologis Inc. Common Stock,NVDA,Technology,NVIDIA Corporation Common Stock,ANET,Telecommunications,Arista Networks Inc. Common Stock,34.55189558908389,132.07456381534067,166.81682408655865,-36.897528683196825,104.5990098230896,57.93179360959733,40.753805688366775,-12.262964478256144,59.43051387528757,103.43842194439628,2022,-36.897528683196825,2023,166.81682408655865,517199.67425503203,747470.4847204818,609820.9991874124,791070.707561641,1170845.885387811,2302874.4992442294,1399236.1473956984,3650273.996103176,8395381.317813735,11222009.638412353,300000.0,5000.0,600000.0,11222009.638412353,11822009.638412353,11522009.638412353,75,120,True,Actual adjusted month-end return from Yahoo/yfinance daily history,2016-01,2025-12
81,NEM + LLY + NVDA + ANET,Not rebalanced monthly,NEM,Basic Materials,Newmont Corporation,LLY,Health Care,Eli Lilly and Company Common Stock,NVDA,Technology,NVIDIA Corporation Common Stock,ANET,Telecommunications,Arista Networks Inc. Common Stock,38.41782071588753,140.1310790671856,160.1438984193129,-36.917970272987496,99.71652524985772,81.6979075012715,38.08196520923537,-15.283107388566242,66.08829717402847,82.75186302239076,2022,-36.917970272987496,2023,160.1438984193129,465077.25301936374,695523.8917189535,543188.7294702579,680793.1092991307,1159540.2240665355,2226267.307577492,1349694.2733531636,3428600.8828663784,8156972.808018474,11215211.423625,300000.0,5000.0,600000.0,11215211.423625002,11815211.423625002,11515211.423625002,80,120,True,Actual adjusted month-end return from Yahoo/yfinance daily history,2016-01,2025-12
82,NEM + SONY + NVDA + ANET,Not rebalanced monthly,NEM,Basic Materials,Newmont Corporation,SONY,Consumer Staples,Sony Group Corporation American Depositary Shares,NVDA,Technology,NVIDIA Corporation Common Stock,ANET,Telecommunications,Arista Networks Inc. Common Stock,37.92267150656335,144.4705869940268,162.16980846534946,-42.17740610629135,91.14824768102557,81.4806618546644,41.80010283498498,-16.51278073467838,71.08432656975327,88.99458333627331,2022,-42.17740610629135,2023,162.16980846534946,484078.15165571985,750341.0330979298,581108.0153541776,753490.2189440147,1288386.240137762,2374429.2356929067,1319849.6407570357,3378785.3841608115,8182732.961620832,11210706.704996789,300000.0,5000.0,600000.0,11210706.704996789,11810706.704996789,11510706.704996789,80,120,True,Actual adjusted month-end return from Yahoo/yfinance daily history,2016-01,2025-12
83,PBR + SYK + TSLA + NVDA,Not rebalanced monthly,PBR,Energy,Petroleo Brasileiro S.A. Petrobras ADS,SYK,Health Care,Stryker Corporation Common Stock,TSLA,Industrials,Tesla Inc. Common Stock,NVDA,Technology,NVIDIA Corporation Common Stock,32.86982791325372,128.1522520930926,166.99208923438044,-47.870920417733885,78.24742058044514,139.70639369470987,47.21258184610468,-9.163560082561196,45.18359704043738,95.44971491742362,2022,-47.870920417733885,2023,166.99208923438044,498047.0949332718,651709.5135388911,544909.0405406087,728546.5080782829,1643237.5154400622,2842404.183092559,1436631.3235614365,3755641.7553883344,8490223.129057076,11206620.357925765,300000.0,5000.0,600000.0,11206620.357925765,11806620.357925765,11506620.357925765,75,120,True,Actual adjusted month-end return from Yahoo/yfinance daily history,2016-01,2025-12
84,ISRG + PH + NVDA + ANET,Not rebalanced monthly,ISRG,Health Care,Intuitive Surgical Inc. Common Stock,PH,Industrials,Parker-Hannifin Corporation Common Stock,NVDA,Technology,NVIDIA Corporation Common Stock,ANET,Telecommunications,Arista Networks Inc. Common Stock,35.42222516773017,143.1726872326685,163.29518728751145,-39.844459551391594,94.4057975891654,78.21657513639444,39.284637239284706,-15.55119028601718,83.50313427531107,78.74175397445894,2022,-39.844459551391594,2023,163.29518728751145,448821.58903707506,743739.366278206,582689.8024723461,743007.6089682858,1242225.8370263616,2326289.5855525876,1344176.564412811,3456577.671498502,8328185.460061344,11203686.317137964,300000.0,5000.0,600000.0,11203686.317137964,11803686.317137964,11503686.317137964,82,120,True,Actual adjusted month-end return from Yahoo/yfinance daily history,2016-01,2025-12
85,ABBV + TSLA + NVDA + ANET,Not rebalanced monthly,ABBV,Health Care,AbbVie Inc. Common Stock,TSLA,Industrials,Tesla Inc. Common Stock,NVDA,Technology,NVIDIA Corporation Common Stock,ANET,Telecommunications,Arista Networks Inc. Common Stock,33.518881328194915,136.12768935932723,159.4839330771835,-48.04449704339412,86.81359752707722,175.1063956210991,34.727184762707,-17.293483848487224,85.0696988211687,62.52628121742221,2022,-48.04449704339412,2020,175.1063956210991,400429.0314573031,661064.6885590011,501681.77273760433,604462.8040897021,1559809.5068307873,2825002.534698824,1421895.726610909,3609718.946275525,8443499.43690696,11198620.698629882,300000.0,5000.0,600000.0,11198620.698629884,11798620.698629884,11498620.698629884,81,120,True,Actual adjusted month-end return from Yahoo/yfinance daily history,2016-01,2025-12
86,PBR + JPM + NVDA + ANET,Not rebalanced monthly,PBR,Energy,Petroleo Brasileiro S.A. Petrobras ADS,JPM,Finance,JP Morgan Chase & Co. Common Stock,NVDA,Technology,NVIDIA Corporation Common Stock,ANET,Telecommunications,Arista Networks Inc. Common Stock,34.761251429151365,135.51539179094587,170.74601513483395,-36.04056415004825,101.23760320937039,54.961474499123696,39.67562032077521,-12.265270951096118,59.27180823894489,105.2330125415085,2022,-36.04056415004825,2023,170.74601513483395,519631.54400427314,750296.9232336316,612377.5816105362,787291.9091679936,1140108.0083256587,2203414.4716759324,1354617.0074659353,3583856.0443278146,8364160.618449564,11197535.508410709,300000.0,5000.0,600000.0,11197535.508410709,11797535.508410709,11497535.508410709,79,120,True,Actual adjusted month-end return from Yahoo/yfinance daily history,2016-01,2025-12
87,AEM + PH + NVDA + ANET,Not rebalanced monthly,AEM,Basic Materials,Agnico Eagle Mines Limited Common Stock,PH,Industrials,Parker-Hannifin Corporation Common Stock,NVDA,Technology,NVIDIA Corporation Common Stock,ANET,Telecommunications,Arista Networks Inc. Common Stock,38.0506656225656,146.32850250142417,171.74818066721974,-39.672358185966004,92.42635088139353,76.6953312924342,45.79276821347153,-22.256541270794493,69.7497582572103,90.07258604479964,2022,-39.672358185966004,2023,171.74818066721974,486263.0282434899,748097.9353616798,537103.8749326629,713222.136473938,1179828.0042094565,2181885.7552182735,1261753.8348707503,3345883.8783396836,8164390.659047527,11195801.400606811,300000.0,5000.0,600000.0,11195801.40060681,11795801.40060681,11495801.40060681,80,120,True,Actual adjusted month-end return from Yahoo/yfinance daily history,2016-01,2025-12
88,PGR + DHR + NVDA + ANET,Not rebalanced monthly,PGR,Finance,Progressive Corporation (The) Common Stock,DHR,Industrials,Danaher Corporation Common Stock,NVDA,Technology,NVIDIA Corporation Common Stock,ANET,Telecommunications,Arista Networks Inc. Common Stock,33.60963145112088,138.8113137055083,141.78552998097643,-35.86167351929731,93.85678268557113,79.5442868488073,42.36436541754438,-13.427855472412254,74.64243492647309,84.81309916744024,2022,-35.86167351929731,2023,141.78552998097643,463790.8264625238,731209.9365640531,586939.7532002721,768908.592726571,1301934.820080007,2435681.937437363,1507082.2741179874,3563431.5202630144,8433563.734201709,11194397.093157265,300000.0,5000.0,600000.0,11194397.093157263,11794397.093157263,11494397.093157263,84,120,True,Actual adjusted month-end return from Yahoo/yfinance daily history,2016-01,2025-12
89,CM + TSLA + NVDA + ANET,Not rebalanced monthly,CM,Finance,Canadian Imperial Bank of Commerce Common Stock,TSLA,Industrials,Tesla Inc. Common Stock,NVDA,Technology,NVIDIA Corporation Common Stock,ANET,Telecommunications,Arista Networks Inc. Common Stock,33.706569320469825,138.526847201484,170.20721804669793,-50.46631775367179,88.0717408130111,175.5909625471607,38.47950110255003,-20.042598851325987,77.51087723498735,67.53263681634296,2022,-50.46631775367179,2020,175.5909625471607,415155.93745516386,658797.9540051114,482688.87908297393,597933.7151246625,1543919.7434810887,2814934.951435096,1349739.2834366302,3566546.5349651147,8426638.34090156,11191685.519712862,300000.0,5000.0,600000.0,11191685.519712862,11791685.519712862,11491685.519712862,80,120,True,Actual adjusted month-end return from Yahoo/yfinance daily history,2016-01,2025-12
90,PBR + CME + TSLA + NVDA,Not rebalanced monthly,PBR,Energy,Petroleo Brasileiro S.A. Petrobras ADS,CME,Finance,CME Group Inc. Class A Common Stock,TSLA,Industrials,Tesla Inc. Common Stock,NVDA,Technology,NVIDIA Corporation Common Stock,33.3571009168,128.4010865955592,169.4936092586401,-48.596506155138464,80.28095411848166,134.0438497712144,41.054519216757356,-4.485764456887475,45.381551836524906,96.26019692380781,2022,-48.596506155138464,2023,169.4936092586401,498434.4014571047,652480.5678081538,574333.7255442999,736589.0022942843,1622745.7878478842,2838482.552975921,1414628.1723937292,3731975.85844416,8445287.589016162,11187923.002926746,300000.0,5000.0,600000.0,11187923.002926746,11787923.002926746,11487923.002926746,77,120,True,Actual adjusted month-end return from Yahoo/yfinance daily history,2016-01,2025-12
91,V + PBR + NVDA + ANET,Not rebalanced monthly,V,Consumer Discretionary,Visa Inc.,PBR,Energy,Petroleo Brasileiro S.A. Petrobras ADS,NVDA,Technology,NVIDIA Corporation Common Stock,ANET,Telecommunications,Arista Networks Inc. Common Stock,34.21317842076101,134.28242293811473,168.9071747023694,-35.46706868826194,96.0094648924189,57.90602208482982,39.182648487593696,-9.677991437152023,63.26802366209099,96.94170612557475,2022,-35.46706868826194,2023,168.9071747023694,499036.5738465275,737213.6771037952,619345.782423523,794842.0300832249,1176129.017022909,2214942.813633563,1374928.797371048,3613949.588858742,8390565.38717036,11187341.994235981,300000.0,5000.0,600000.0,11187341.994235983,11787341.994235983,11487341.994235983,77,120,True,Actual adjusted month-end return from Yahoo/yfinance daily history,2016-01,2025-12
92,TD + TSLA + NVDA + ANET,Not rebalanced monthly,TD,Finance,Toronto Dominion Bank (The) Common Stock,TSLA,Industrials,Tesla Inc. Common Stock,NVDA,Technology,NVIDIA Corporation Common Stock,ANET,Telecommunications,Arista Networks Inc. Common Stock,33.98264428952913,137.14569093188044,166.91006822302268,-49.89239043505835,87.98819974901804,173.49377271970815,38.20253192652332,-19.0048185607827,77.03492386471768,67.81604015918575,2022,-49.89239043505835,2020,173.49377271970815,415240.743787354,657194.949994423,488074.4806537335,604566.8275308693,1549904.6754791345,2824746.058258191,1370429.3519214771,3577564.10983793,8403761.317398569,11184266.96221847,300000.0,5000.0,600000.0,11184266.962218473,11784266.962218473,11484266.962218473,79,120,True,Actual adjusted month-end return from Yahoo/yfinance daily history,2016-01,2025-12
93,PBR + TSLA + NVDA + NEE,Not rebalanced monthly,PBR,Energy,Petroleo Brasileiro S.A. Petrobras ADS,TSLA,Industrials,Tesla Inc. Common Stock,NVDA,Technology,NVIDIA Corporation Common Stock,NEE,Utilities,NextEra Energy Inc. Common Stock,33.295723694381365,128.98142111740376,157.68900362619624,-47.280093137734625,78.3913526279644,139.93148841557775,48.42468939150004,-7.603811287656148,45.959759254046986,92.38504547744617,2022,-47.280093137734625,2023,157.68900362619624,489885.8033946646,643489.9856269908,546752.1494561468,736552.6726336696,1665601.1056412978,2884322.203803433,1475255.0333146455,3722129.5387401013,8444494.77008201,11181539.275383202,300000.0,5000.0,600000.0,11181539.275383202,11781539.275383202,11481539.275383202,74,120,True,Actual adjusted month-end return from Yahoo/yfinance daily history,2016-01,2025-12
94,PBR + TSLA + NVDA + TMUS,Not rebalanced monthly,PBR,Energy,Petroleo Brasileiro S.A. Petrobras ADS,TSLA,Industrials,Tesla Inc. Common Stock,NVDA,Technology,NVIDIA Corporation Common Stock,TMUS,Telecommunications,T-Mobile US Inc. Common Stock,32.48713900861002,128.30493790381476,163.09431279892627,-46.659154428312036,74.80597540232945,149.98701707130104,45.43582470599359,-9.580808504833882,41.1318219200697,99.5298830755182,2022,-46.659154428312036,2023,163.09431279892627,506816.26300463814,645163.2773234363,535998.4120947405,705725.7606709875,1660647.8476381733,2817277.678451264,1457582.9252721134,3754794.645041266,8493751.291821005,11179130.219807003,300000.0,5000.0,600000.0,11179130.219807003,11779130.219807003,11479130.219807003,74,120,True,Actual adjusted month-end return from Yahoo/yfinance daily history,2016-01,2025-12
95,ACN + TSLA + NVDA + ANET,Not rebalanced monthly,ACN,Consumer Discretionary,Accenture plc Class A Ordinary Shares (Ireland),TSLA,Industrials,Tesla Inc. Common Stock,NVDA,Technology,NVIDIA Corporation Common Stock,ANET,Telecommunications,Arista Networks Inc. Common Stock,32.53006815890531,135.2784504699454,166.1238757789838,-50.278771959247315,88.19066738044474,170.61767878178657,43.17800047355818,-18.297105672629833,80.22505974619693,63.666201040790085,2022,-50.278771959247315,2020,170.61767878178657,404373.2441172936,650027.6941318235,486773.43948226864,625750.8623694946,1590484.8915408254,2903787.8930742033,1398775.3779255867,3642138.0635737795,8489017.641271126,11175606.159634447,300000.0,5000.0,600000.0,11175606.159634445,11775606.159634445,11475606.159634445,81,120,True,Actual adjusted month-end return from Yahoo/yfinance daily history,2016-01,2025-12
96,WMT + PBR + TSLA + NVDA,Not rebalanced monthly,WMT,Consumer Discretionary,Walmart Inc. Common Stock,PBR,Energy,Petroleo Brasileiro S.A. Petrobras ADS,TSLA,Industrials,Tesla Inc. Common Stock,NVDA,Technology,NVIDIA Corporation Common Stock,33.36986329470775,130.54108097630711,166.90151032036624,-47.83147702433558,77.95636606379355,142.33682676518106,46.50834615686345,-10.052832774338738,47.835847124294006,91.78539422809399,2022,-47.83147702433558,2023,166.90151032036624,488039.0472827865,648601.9776618675,535963.1858924828,710740.4574757012,1619808.3542149314,2795795.3392100115,1413604.5470213555,3692837.9002339635,8434642.192747887,11174741.65204485,300000.0,5000.0,600000.0,11174741.652044851,11774741.652044851,11474741.652044851,75,120,True,Actual adjusted month-end return from Yahoo/yfinance daily history,2016-01,2025-12
97,NEM + BHP + NVDA + ANET,Not rebalanced monthly,NEM,Basic Materials,Newmont Corporation,BHP,Energy,BHP Group Limited American Depositary Shares (Each representing two Ordinary Shares),NVDA,Technology,NVIDIA Corporation Common Stock,ANET,Telecommunications,Arista Networks Inc. Common Stock,38.08274885447045,140.7242218666837,156.6189675699846,-37.892894893062966,90.47790918249801,77.7253641126205,38.452214866209445,-16.038335228943488,65.77588841683988,95.80643109305649,2022,-37.892894893062966,2023,156.6189675699846,501557.06338818086,753966.3408889894,587026.4351376339,744271.5760088114,1243962.1399910557,2282389.3862217744,1363110.3612481614,3416494.7980172774,8147443.776379912,11174712.329444192,300000.0,5000.0,600000.0,11174712.32944419,11774712.32944419,11474712.32944419,79,120,True,Actual adjusted month-end return from Yahoo/yfinance daily history,2016-01,2025-12
98,AEM + PGR + NVDA + ANET,Not rebalanced monthly,AEM,Basic Materials,Agnico Eagle Mines Limited Common Stock,PGR,Finance,Progressive Corporation (The) Common Stock,NVDA,Technology,NVIDIA Corporation Common Stock,ANET,Telecommunications,Arista Networks Inc. Common Stock,36.084684143818315,146.23150259450532,159.92786106723082,-36.76758178401825,89.96736421558151,77.12469676201525,42.55840709184544,-17.306922014287828,73.49783480513751,81.90431109762099,2022,-36.76758178401825,2023,159.92786106723082,463425.75476300117,725876.9233370337,554914.2399292763,723722.9234318477,1203684.576572329,2198143.356562289,1334881.345794613,3387905.6740932586,8264841.258260034,11173136.273182618,300000.0,5000.0,600000.0,11173136.273182616,11773136.273182616,11473136.273182616,77,120,True,Actual adjusted month-end return from Yahoo/yfinance daily history,2016-01,2025-12
99,MS + TSLA + NVDA + ANET,Not rebalanced monthly,MS,Finance,Morgan Stanley Common Stock,TSLA,Industrials,Tesla Inc. Common Stock,NVDA,Technology,NVIDIA Corporation Common Stock,ANET,Telecommunications,Arista Networks Inc. Common Stock,33.79777045211152,137.00375283804482,163.02718533817284,-49.201953773865895,87.48221029574508,176.48053299980054,40.508795965787826,-20.471745031305378,77.3655524092866,69.09657213114053,2022,-49.201953773865895,2020,176.48053299980054,414100.29295457667,656457.4568261094,478286.6331093557,600612.0870988833,1556020.3918162654,2828965.3287260444,1391650.2144718033,3580509.1826253524,8405438.407810774,11171027.128942048,300000.0,5000.0,600000.0,11171027.128942046,11771027.128942046,11471027.128942046,81,120,True,Actual adjusted month-end return from Yahoo/yfinance daily history,2016-01,2025-12
100,NEM + MA + NVDA + ANET,Not rebalanced monthly,NEM,Basic Materials,Newmont Corporation,MA,Consumer Discretionary,Mastercard Incorporated Common Stock,NVDA,Technology,NVIDIA Corporation Common Stock,ANET,Telecommunications,Arista Networks Inc. Common Stock,37.47080599192225,144.22629233155973,159.82117020728722,-39.54681492357343,88.84844232252098,74.88853235601529,44.96914787083182,-14.87033082169804,69.23908474390026,87.07085315835958,2022,-39.54681492357343,2023,159.82117020728722,477170.49717490457,729626.511368881,575538.961793763,764920.711194392,1260751.3855162172,2293470.3682908886,1332755.8741637177,3381226.505725076,8180631.615201524,11170855.361120151,300000.0,5000.0,600000.0,11170855.361120151,11770855.361120151,11470855.361120151,79,120,True,Actual adjusted month-end return from Yahoo/yfinance daily history,2016-01,2025-12
