Rank,Combo,Strategy,Stock 1,Sector 1,Name 1,Stock 2,Sector 2,Name 2,Stock 3,Sector 3,Name 3,Stock 4,Sector 4,Name 4,2025,2024,2023,2022,2021,2020,2019,2018,2017,2016,Worst Year,Worst Year %,Best Year,Best Year %,Starting Value ($),Annual Withdrawal ($),Total Withdrawn ($),Remaining Balance ($),Net Value incl. Withdrawals ($),Net Profit incl. Withdrawals ($),Ranking Start Year,Ranking End Year,2016 Balance After Withdrawal ($),2017 Balance After Withdrawal ($),2018 Balance After Withdrawal ($),2019 Balance After Withdrawal ($),2020 Balance After Withdrawal ($),2021 Balance After Withdrawal ($),2022 Balance After Withdrawal ($),2023 Balance After Withdrawal ($),2024 Balance After Withdrawal ($),2025 Balance After Withdrawal ($)
1,PBR + TSLA + NVDA + ANET,Rebalanced annually,PBR,Energy,Petroleo Brasileiro S.A. Petrobras ADS,TSLA,Industrials,Tesla Inc. Common Stock,NVDA,Technology,NVIDIA Corporation Common Stock,ANET,Telecommunications,Arista Networks Inc. Common Stock,16.94187128806796,79.81032791977321,130.99862139323045,-18.4119897259016,73.38773372613028,219.9265186110535,30.72750740630365,-1.700809563454042,68.22832153247927,93.85733611576312,2022,-18.4119897259016,2020,219.9265186110535,300000.0,85000.0,850000.0,15189269.804255934,16039269.804255934,15739269.804255934,2016,2025,496572.0083472894,750374.7548427678,652612.3092506572,768143.8049101023,2372495.732975373,4028616.584155143,3201868.11258453,7311271.198899711,13061420.717845505,15189269.804255934
2,PBR + TSLA + AMD + ANET,Rebalanced annually,PBR,Energy,Petroleo Brasileiro S.A. Petrobras ADS,TSLA,Industrials,Tesla Inc. Common Stock,AMD,Technology,Advanced Micro Devices Inc. Common Stock,ANET,Telecommunications,Arista Networks Inc. Common Stock,26.537602965289523,32.48338822801844,103.14180442584912,-19.59322148871433,56.24411828331657,214.3471559116855,48.59900466679018,25.895997936039212,45.394481052624556,110.8977791727318,2022,-19.59322148871433,2020,214.3471559116855,300000.0,85000.0,850000.0,13834045.2567426,14684045.2567426,14384045.2567426,2016,2025,547693.3375181954,711315.8858443797,810518.2329613592,1119422.0268234354,3433871.303968414,5280221.941869274,4160656.361703134,8367032.409122631,10999928.029742058,13834045.2567426
3,PBR + LLY + TSLA + NVDA,Rebalanced annually,PBR,Energy,Petroleo Brasileiro S.A. Petrobras ADS,LLY,Health Care,Eli Lilly and Company Common Stock,TSLA,Industrials,Tesla Inc. Common Stock,NVDA,Technology,NVIDIA Corporation Common Stock,22.36651753754801,66.20340088084146,122.70713958963225,-5.952510030959999,65.4355476932751,216.9723685087182,35.628660622659055,11.053171712842808,36.826093402643366,85.18534985616753,2022,-5.952510030959999,2020,216.9723685087182,300000.0,85000.0,850000.0,12620305.187978093,13470305.187978093,13170305.187978093,2016,2025,470556.0495685026,558843.4598943882,535613.3871225069,641445.2630699138,1948204.2430396841,3138022.3596563255,2866231.263924015,6298301.661908937,10382991.55982721,12620305.187978093
4,LLY + TSLA + NVDA + ANET,Rebalanced annually,LLY,Health Care,Eli Lilly and Company Common Stock,TSLA,Industrials,Tesla Inc. Common Stock,NVDA,Technology,NVIDIA Corporation Common Stock,ANET,Telecommunications,Arista Networks Inc. Common Stock,27.26751091734766,88.70081082745786,123.93058039672832,-24.15586547503282,84.80068233447412,234.90723291028576,28.829626937694847,1.4919223520225628,72.2417916621728,57.48606935048934,2022,-24.15586547503282,2020,234.90723291028576,300000.0,85000.0,850000.0,12470084.573876765,13320084.573876765,13020084.573876765,2016,2025,387458.20805146795,582364.9594899975,506053.3924909759,566946.6976516729,1813745.4971814617,3266814.054602141,2392686.8462529825,5272957.541890478,9865113.636134923,12470084.573876765
5,LLY + TSLA + AMD + ANET,Rebalanced annually,LLY,Health Care,Eli Lilly and Company Common Stock,TSLA,Industrials,Tesla Inc. Common Stock,AMD,Technology,Advanced Micro Devices Inc. Common Stock,ANET,Telecommunications,Arista Networks Inc. Common Stock,36.86324259456922,41.37387113570307,96.07376342934698,-25.337097237845548,67.6570668916604,229.32787021091775,46.701124198181375,29.08872985151582,49.40795118231807,74.52651240745803,2022,-25.337097237845548,2020,229.32787021091775,300000.0,85000.0,850000.0,12277904.061066967,13127904.061066967,12827904.061066967,2016,2025,438579.53722237406,570272.7008688411,651157.7862415212,870255.7927203025,2780994.867552911,4577534.425346827,3332720.0769008473,6449589.679344918,9033034.60205869,12277904.061066967
6,NEM + PBR + TSLA + NVDA,Rebalanced annually,NEM,Basic Materials,Newmont Corporation,PBR,Energy,Petroleo Brasileiro S.A. Petrobras ADS,TSLA,Industrials,Tesla Inc. Common Stock,NVDA,Technology,NVIDIA Corporation Common Stock,55.50965780628818,55.92009951531543,105.28963540095185,-19.708481378854614,50.76698659768927,219.2835254710519,39.2228012132246,-0.59725989933726,35.09378152228288,110.30179170634538,2022,-19.708481378854614,2020,219.2835254710519,300000.0,85000.0,850000.0,11762019.931496592,12612019.931496592,12312019.931496592,2016,2025,545905.3751190362,652484.2147817096,563587.1882173129,699641.8707149916,2148841.230490444,3154743.1699791495,2447991.199773121,4940472.208661626,7618189.184271709,11762019.931496592
7,NEM + TSLA + NVDA + ANET,Rebalanced annually,NEM,Basic Materials,Newmont Corporation,TSLA,Industrials,Tesla Inc. Common Stock,NVDA,Technology,NVIDIA Corporation Common Stock,ANET,Telecommunications,Arista Networks Inc. Common Stock,60.41065118608783,78.41750946193183,106.51307620804792,-37.911836822927434,70.13212123888829,237.21838987261944,32.42376752826039,-10.158509260157505,70.50947978181232,82.60251120066718,2022,-37.911836822927434,2020,237.21838987261944,300000.0,85000.0,850000.0,11667897.310701564,12517897.310701564,12217897.310701564,2016,2025,462807.5336020016,704130.717935809,547601.5337506863,640154.5820351973,2073718.9742348893,3443062.0793991326,2052734.002145241,4154164.134198714,7326756.1871981695,11667897.310701564
8,AEM + PBR + TSLA + NVDA,Rebalanced annually,AEM,Basic Materials,Agnico Eagle Mines Limited Common Stock,PBR,Energy,Petroleo Brasileiro S.A. Petrobras ADS,TSLA,Industrials,Tesla Inc. Common Stock,NVDA,Technology,NVIDIA Corporation Common Stock,42.187294890043965,69.38748769585973,109.72440733605035,-14.247263349120615,43.213623385439305,213.25649100815562,45.13845215255995,-1.9370790724177969,35.09676976078289,103.13697530114038,2022,-14.247263349120615,2020,213.25649100815562,300000.0,85000.0,850000.0,11458878.180001024,12308878.180001024,12008878.180001024,2016,2025,524410.9259034212,623462.2211681347,526385.2649574556,678987.4259184026,2041972.1848185882,2839382.3544015195,2349848.072881474,4843204.944148271,8118783.178854424,11458878.180001024
9,AEM + TSLA + NVDA + ANET,Rebalanced annually,AEM,Basic Materials,Agnico Eagle Mines Limited Common Stock,TSLA,Industrials,Tesla Inc. Common Stock,NVDA,Technology,NVIDIA Corporation Common Stock,ANET,Telecommunications,Arista Networks Inc. Common Stock,47.088288269843616,91.88489764247615,110.94784814314642,-32.450618793193435,62.578758026638326,231.19135540972317,38.339418467595735,-11.49832843323804,70.51246802031231,75.43769479546218,2022,-32.450618793193435,2020,231.19135540972317,300000.0,85000.0,850000.0,11456451.16686802,12306451.16686802,12006451.16686802,2016,2025,441313.08438638644,667493.8318837911,505743.198822187,614642.20019003,1950641.8337295046,3086329.266825472,1999796.321745176,4133527.307967242,7846614.643916742,11456451.16686802
10,PBR + ISRG + TSLA + NVDA,Rebalanced annually,PBR,Energy,Petroleo Brasileiro S.A. Petrobras ADS,ISRG,Health Care,Intuitive Surgical Inc. Common Stock,TSLA,Industrials,Tesla Inc. Common Stock,NVDA,Technology,NVIDIA Corporation Common Stock,14.431718929197869,71.55788957174516,114.26430802984356,-21.053352655485213,56.85513164269813,218.81022533694974,37.45216290624715,8.747615478195776,50.5270782865928,91.8061379901929,2022,-21.053352655485213,2020,218.81022533694974,300000.0,85000.0,850000.0,11430865.75594666,12280865.75594666,11980865.75594666,2016,2025,490418.4139705787,653212.5099293598,625353.0285534516,774561.2635464406,2384380.5096851327,3655023.1873294516,2800518.2660612264,5915511.084025459,10063525.973136742,11430865.75594666
11,PBR + PGR + TSLA + NVDA,Rebalanced annually,PBR,Energy,Petroleo Brasileiro S.A. Petrobras ADS,PGR,Finance,Progressive Corporation (The) Common Stock,TSLA,Industrials,Tesla Inc. Common Stock,NVDA,Technology,NVIDIA Corporation Common Stock,11.549731132756593,70.72634483381005,113.26934349021299,-7.814589790086515,51.625791709182096,219.58316992280885,37.877446110877365,3.2882000507583387,47.76426415690469,91.50261518359888,2022,-7.814589790086515,2020,219.58316992280885,300000.0,85000.0,850000.0,11336664.820413353,12186664.820413353,11886664.820413353,2016,2025,489507.8455507966,638317.6659684521,574306.8277848262,706839.586990113,2173940.358372293,3211254.27966742,2875307.9305948135,6047150.346901588,10239078.753870146,11336664.820413353
12,PGR + TSLA + AMD + ANET,Rebalanced annually,PGR,Finance,Progressive Corporation (The) Common Stock,TSLA,Industrials,Tesla Inc. Common Stock,AMD,Technology,Advanced Micro Devices Inc. Common Stock,ANET,Telecommunications,Arista Networks Inc. Common Stock,26.046456189777803,45.89681508867167,86.63596732992772,-27.199176996972064,53.84731090756741,231.9386716250084,48.949909686399685,21.32375818943135,60.34612193657939,80.84377773488936,2022,-27.199176996972064,2020,231.9386716250084,300000.0,85000.0,850000.0,11077426.912123688,11927426.912123688,11627426.912123688,2016,2025,457531.333204668,648633.7494384142,701946.8417037037,960549.1867642016,3103434.210849912,4689550.079178075,3329031.052780787,6128169.308071099,8855803.843717221,11077426.912123688
13,PGR + TSLA + NVDA + ANET,Rebalanced annually,PGR,Finance,Progressive Corporation (The) Common Stock,TSLA,Industrials,Tesla Inc. Common Stock,NVDA,Technology,NVIDIA Corporation Common Stock,ANET,Telecommunications,Arista Networks Inc. Common Stock,16.450724512556242,93.22375478042645,114.49278429730906,-26.017945234159335,70.99092635038112,237.5180343243764,31.078412425913157,-6.273049310061906,83.17996241643411,63.803334677920674,2022,-26.017945234159335,2020,237.5180343243764,300000.0,85000.0,850000.0,11039938.889549738,11889938.889549738,11589938.889549738,2016,2025,406410.00403376203,659461.6926456736,533093.3354850416,613770.2809021397,1986585.3873681054,3311880.7566020302,2365197.435128652,4988177.8327359855,9553344.50353737,11039938.889549738
14,AEM + TSLA + AMD + ANET,Rebalanced annually,AEM,Basic Materials,Agnico Eagle Mines Limited Common Stock,TSLA,Industrials,Tesla Inc. Common Stock,AMD,Technology,Advanced Micro Devices Inc. Common Stock,ANET,Telecommunications,Arista Networks Inc. Common Stock,56.684019947065174,44.55795795072136,83.0910311757651,-33.63185055600617,45.43514258382462,225.61199271035517,56.21091572808227,16.098479066255212,47.67862754045759,92.47813785243086,2022,-33.63185055600617,2020,225.61199271035517,300000.0,85000.0,850000.0,11004648.13441979,11854648.13441979,11554648.13441979,2016,2025,492434.41355729254,642220.3834783107,660608.0974717904,946941.958434546,2998356.5806691884,4275664.168267722,2752679.1849192176,4954908.7046292415,7077714.841734572,11004648.13441979
15,MPC + TSLA + AMD + ANET,Rebalanced annually,MPC,Energy,Marathon Petroleum Corporation Common Stock,TSLA,Industrials,Tesla Inc. Common Stock,AMD,Technology,Advanced Micro Devices Inc. Common Stock,ANET,Telecommunications,Arista Networks Inc. Common Stock,31.594173642804595,32.03454769469385,88.46152783852898,-12.245227113714648,66.38781579784573,214.72167324070128,44.17862855868588,16.916695098226768,53.64453664079569,77.2998429418993,2022,-12.245227113714648,2020,214.72167324070128,300000.0,85000.0,850000.0,10864132.599972442,11714132.599972442,11414132.599972442,2016,2025,446899.52882569795,601636.7103141428,618413.7581969881,806620.4753866454,2453609.456838949,3997507.183443714,3423003.3499439736,6366044.411268441,8320377.944461621,10864132.599972442
16,FCX + PBR + TSLA + NVDA,Rebalanced annually,FCX,Basic Materials,Freeport-McMoRan Inc. Common Stock,PBR,Energy,Petroleo Brasileiro S.A. Petrobras ADS,TSLA,Industrials,Tesla Inc. Common Stock,NVDA,Technology,NVIDIA Corporation Common Stock,21.157800289261214,55.52494038410167,110.90136283696269,-16.352234327545332,64.26851999948913,233.97710813565388,38.99063591596904,-10.337064396827223,43.3038322329039,111.48508104367376,2022,-16.352234327545332,2020,233.97710813565388,300000.0,85000.0,850000.0,10826316.07260654,11676316.07260654,11376316.07260654,2016,2025,549455.2431310214,702390.4198113731,544783.8697983264,672198.5650003186,2159989.3283174275,3463182.501773944,2811874.783893322,5845282.240499915,9005871.719819974,10826316.07260654
17,NEM + TSLA + AMD + ANET,Rebalanced annually,NEM,Basic Materials,Newmont Corporation,TSLA,Industrials,Tesla Inc. Common Stock,AMD,Technology,Advanced Micro Devices Inc. Common Stock,ANET,Telecommunications,Arista Networks Inc. Common Stock,70.0063828633094,31.09056977017705,78.65625924066659,-39.09306858574017,52.98850579607458,231.63902717325143,50.29526478874692,17.43829823933575,47.67563930195759,99.64295425763586,2022,-39.09306858574017,2020,231.63902717325143,300000.0,85000.0,850000.0,10739623.05630143,11589623.05630143,11289623.05630143,2016,2025,513928.8627729076,673947.7336571716,706472.7494295534,976795.0894154878,3154433.7320136153,4740921.032934981,2802549.5219339277,4921930.13925434,6367186.263238584,10739623.05630143
18,NFLX + PBR + TSLA + NVDA,Rebalanced annually,NFLX,Consumer Discretionary,Netflix Inc. Common Stock,PBR,Energy,Petroleo Brasileiro S.A. Petrobras ADS,TSLA,Industrials,Tesla Inc. Common Stock,NVDA,Technology,NVIDIA Corporation Common Stock,13.603195281478493,78.6450639168158,123.75768096153797,-27.27943356023451,51.769093284278085,225.9908504821121,36.81577604040136,10.798310259969735,46.13164859887457,89.83648398342552,2022,-27.27943356023451,2020,225.9908504821121,300000.0,85000.0,850000.0,10694881.94251445,11544881.94251445,11244881.94251445,2016,2025,484509.4519502765,623021.6497523111,605297.4604793476,743142.4179076612,2337576.2884305166,3462718.337779276,2433108.389446722,5359266.907506611,9489065.792387944,10694881.94251445
19,PBR + BX + TSLA + NVDA,Rebalanced annually,PBR,Energy,Petroleo Brasileiro S.A. Petrobras ADS,BX,Finance,Blackstone Inc. Common Stock,TSLA,Industrials,Tesla Inc. Common Stock,NVDA,Technology,NVIDIA Corporation Common Stock,10.344851344922802,66.64581093145341,128.16670252208957,-24.517708112653345,75.69240930609527,214.15643976392752,55.675187725245664,0.965257448991685,39.203575295841404,87.39629269264306,2022,-24.517708112653345,2020,214.15643976392752,300000.0,85000.0,850000.0,10682445.311120946,11532445.311120946,11232445.311120946,2016,2025,477188.87807792914,579263.9791985909,499855.36790713086,693150.7823441434,2092577.8200081713,3591500.388577322,2625946.8064411236,5906536.23824083,9757995.212176593,10682445.311120946
20,ISRG + TSLA + NVDA + ANET,Rebalanced annually,ISRG,Health Care,Intuitive Surgical Inc. Common Stock,TSLA,Industrials,Tesla Inc. Common Stock,NVDA,Technology,NVIDIA Corporation Common Stock,ANET,Telecommunications,Arista Networks Inc. Common Stock,19.33271230899752,94.05529951836158,115.48774883693963,-39.25670809955803,76.22026628389716,236.7450897385173,30.65312922128295,-0.8136338826244689,85.94277654612222,64.10685748451469,2022,-39.25670809955803,2020,236.7450897385173,300000.0,85000.0,850000.0,10627406.487606268,11477406.487606268,11177406.487606268,2016,2025,407320.572453544,672383.1818636792,581912.4444749678,675286.818034606,2188995.2013830123,3772453.172818875,2206512.2425728533,4669763.559331714,8976923.66186046,10627406.487606268
21,MA + PBR + TSLA + NVDA,Rebalanced annually,MA,Consumer Discretionary,Mastercard Incorporated Common Stock,PBR,Energy,Petroleo Brasileiro S.A. Petrobras ADS,TSLA,Industrials,Tesla Inc. Common Stock,NVDA,Technology,NVIDIA Corporation Common Stock,14.564556735657138,63.92171881044692,113.33084856294117,-15.180974449910446,49.20615614019498,214.25898832514198,46.38317812557828,7.267707646274592,44.288900662348,89.50433800111723,2022,-15.180974449910446,2020,214.25898832514198,300000.0,85000.0,850000.0,10588773.75690832,11438773.75690832,11138773.75690832,2016,2025,483513.0140033517,612655.612464821,572181.6312572573,752577.6564851505,2280042.929631296,3316964.413649148,2728416.893500449,5735554.911239147,9316820.193820214,10588773.75690832
22,MPC + TSLA + NVDA + ANET,Rebalanced annually,MPC,Energy,Marathon Petroleum Corporation Common Stock,TSLA,Industrials,Tesla Inc. Common Stock,NVDA,Technology,NVIDIA Corporation Common Stock,ANET,Telecommunications,Arista Networks Inc. Common Stock,21.998441965583034,79.36148738644863,116.3183448059103,-11.063995350901914,83.53143124065943,220.30103594006928,26.30713129819935,-10.680112401266488,76.47837712065042,60.25939988493061,2022,-11.063995350901914,2020,220.30103594006928,300000.0,85000.0,850000.0,10575293.324912466,11425293.324912466,11125293.324912466,2016,2025,395778.19965479185,613462.9437481043,462944.4118156886,499731.80606971844,1515646.151763326,2696687.0748752095,2313325.7422826434,4919147.955674852,8738056.940038497,10575293.324912466
23,RIO + PBR + TSLA + NVDA,Rebalanced annually,RIO,Basic Materials,Rio Tinto Plc Common Stock,PBR,Energy,Petroleo Brasileiro S.A. Petrobras ADS,TSLA,Industrials,Tesla Inc. Common Stock,NVDA,Technology,NVIDIA Corporation Common Stock,23.421477245137645,54.038619876785376,110.24451111859082,-9.897366197288218,48.81641725745294,218.2674513970818,40.973782937106186,0.20792859794135943,43.579866890014344,97.5889023936483,2022,-9.897366197288218,2020,218.2674513970818,300000.0,85000.0,850000.0,10572914.2760008,11422914.2760008,11122914.2760008,2016,2025,507766.70718094485,644050.7622822095,560389.9280022535,705002.8807033026,2158794.70069041,3127640.929511223,2733086.853381228,5661165.0933378395,8635380.578723937,10572914.2760008
24,RIO + TSLA + NVDA + ANET,Rebalanced annually,RIO,Basic Materials,Rio Tinto Plc Common Stock,TSLA,Industrials,Tesla Inc. Common Stock,NVDA,Technology,NVIDIA Corporation Common Stock,ANET,Telecommunications,Arista Networks Inc. Common Stock,28.322470624937296,76.53602982340178,111.46795192568689,-28.100721641361034,68.18155189865196,236.20231579864935,34.17474925214198,-9.353320762878887,78.99556514954376,69.8896218879701,2022,-28.100721641361034,2020,236.20231579864935,300000.0,85000.0,850000.0,10536385.385161605,11386385.385161605,11086385.385161605,2016,2025,424668.8656639103,675138.436109273,526990.5725864886,622088.2793503484,2006475.2014878422,3289521.132323857,2280141.955595782,4736769.494496705,8277104.8074705005,10536385.385161605
25,VLO + TSLA + AMD + ANET,Rebalanced annually,VLO,Energy,Valero Energy Corporation Common Stock,TSLA,Industrials,Tesla Inc. Common Stock,AMD,Technology,Advanced Micro Devices Inc. Common Stock,ANET,Telecommunications,Arista Networks Inc. Common Stock,36.04547793120261,32.309227046472515,82.31208314786721,-15.162433474182414,61.200939609111806,212.64522256971347,50.233116353530164,15.042360666673627,54.946158592620634,77.28364475632786,2022,-15.162433474182414,2020,212.64522256971347,300000.0,85000.0,850000.0,10494106.602968467,11344106.602968467,11044106.602968467,2016,2025,446850.93426898366,607378.3572850263,613742.4003991577,837044.3345026155,2531979.122612879,3996574.1363585065,3305596.2416867674,5941501.368676753,7776154.535851797,10494106.602968467
26,CNQ + TSLA + AMD + ANET,Rebalanced annually,CNQ,Energy,Canadian Natural Resources Limited Common Stock,TSLA,Industrials,Tesla Inc. Common Stock,AMD,Technology,Advanced Micro Devices Inc. Common Stock,ANET,Telecommunications,Arista Networks Inc. Common Stock,29.951973936689257,32.721170788058615,86.77755422436837,-23.17933041500295,72.02624904418279,216.8035872895561,52.59718996001702,11.284868710995148,48.71592133803567,90.01103172972681,2022,-23.17933041500295,2020,216.8035872895561,300000.0,85000.0,850000.0,10489878.348470906,11339878.348470906,11039878.348470906,2016,2025,485033.09518918046,636321.4363049812,623129.474971917,865878.0686197528,2658132.782940901,4487686.121106981,3362470.5271073645,6195340.212046362,8137528.063731325,10489878.348470906
27,BHP + TSLA + NVDA + ANET,Rebalanced annually,BHP,Energy,BHP Group Limited American Depositary Shares (Each representing two Ordinary Shares),TSLA,Industrials,Tesla Inc. Common Stock,NVDA,Technology,NVIDIA Corporation Common Stock,ANET,Telecommunications,Arista Networks Inc. Common Stock,23.736386835355333,74.21626039800393,112.82810096172861,-25.53874831188041,68.50824840742925,233.4888202037466,30.919690664215274,-5.983477399604697,76.25139283032125,70.54064601206042,2022,-25.53874831188041,2020,233.4888202037466,300000.0,85000.0,850000.0,10448025.943544403,11298025.943544403,10998025.943544403,2016,2025,426621.93803618127,666927.1079084795,542021.6751349384,624613.1004196593,1998014.8594275648,3281819.8425415494,2358684.132905513,4934942.647748418,8512472.533693533,10448025.943544403
28,FCX + TSLA + NVDA + ANET,Rebalanced annually,FCX,Basic Materials,Freeport-McMoRan Inc. Common Stock,TSLA,Industrials,Tesla Inc. Common Stock,NVDA,Technology,NVIDIA Corporation Common Stock,ANET,Telecommunications,Arista Networks Inc. Common Stock,26.058793669060865,78.02235033071807,112.12480364405876,-34.55558977161815,83.63365464068815,251.91197253722146,32.19160223100483,-19.89831375764747,78.71953049243334,83.78580053799556,2022,-34.55558977161815,2020,251.91197253722146,300000.0,85000.0,850000.0,10443788.330298226,11293788.330298226,10993788.330298226,2016,2025,466357.4016139867,748471.7585812288,514538.4996713542,595176.6868109367,2009498.018638048,3605114.6515572644,2274346.021768635,4739452.03286318,8352283.901700029,10443788.330298226
29,FCX + TSLA + AMD + ANET,Rebalanced annually,FCX,Basic Materials,Freeport-McMoRan Inc. Common Stock,TSLA,Industrials,Tesla Inc. Common Stock,AMD,Technology,Advanced Micro Devices Inc. Common Stock,ANET,Telecommunications,Arista Networks Inc. Common Stock,35.654525346282426,30.69541063896329,84.26798667667744,-35.73682153443089,66.49003919787444,246.33260983785345,50.06309949149136,7.698493741845787,55.88569001257861,100.82624359496424,2022,-35.73682153443089,2020,246.33260983785345,300000.0,85000.0,850000.0,10441957.216852494,11291957.216852494,10991957.216852494,2016,2025,517478.7307848927,721675.290152364,692233.4172011912,953786.921567974,3218275.137758485,5273107.538349549,3303666.508050949,6002599.760897177,7760122.406517994,10441957.216852494
30,SCCO + PBR + TSLA + NVDA,Rebalanced annually,SCCO,Basic Materials,Southern Copper Corporation Common Stock,PBR,Energy,Petroleo Brasileiro S.A. Petrobras ADS,TSLA,Industrials,Tesla Inc. Common Stock,NVDA,Technology,NVIDIA Corporation Common Stock,28.94176102952087,60.232871502848056,119.98626893878603,-13.47364802443188,48.74627823295902,223.89289984230732,43.2134612446515,-7.344020812543612,45.05741771863727,93.55184780341189,2022,-13.47364802443188,2020,223.89289984230732,300000.0,85000.0,850000.0,10434481.542185893,11284481.542185893,10984481.542185893,2016,2025,495655.54341023567,633985.1320501671,502425.1320039707,634540.4217058956,1970231.3725348308,2845645.839223707,2377233.534824814,5144587.357222725,8158320.049450454,10434481.542185893
31,ISRG + TSLA + AMD + ANET,Rebalanced annually,ISRG,Health Care,Intuitive Surgical Inc. Common Stock,TSLA,Industrials,Tesla Inc. Common Stock,AMD,Technology,Advanced Micro Devices Inc. Common Stock,ANET,Telecommunications,Arista Networks Inc. Common Stock,28.92844398621908,46.72835982660679,87.6309318695583,-40.43793986237077,59.07665084108345,231.1657270391493,48.524626481769474,26.783173616868787,63.108936066267496,81.14730054148338,2022,-40.43793986237077,2020,231.1657270391493,300000.0,85000.0,850000.0,10424263.519640716,11274263.519640716,10974263.519640716,2016,2025,458441.9016244501,662759.7082216053,755267.7915372509,1036758.6663178112,3348389.3749527675,5241505.674793551,3036948.7621377837,5613255.262800138,8151237.37998733,10424263.519640716
32,CNQ + TSLA + NVDA + ANET,Rebalanced annually,CNQ,Energy,Canadian Natural Resources Limited Common Stock,TSLA,Industrials,Tesla Inc. Common Stock,NVDA,Technology,NVIDIA Corporation Common Stock,ANET,Telecommunications,Arista Networks Inc. Common Stock,20.356242259467695,80.0481104798134,114.6343711917497,-21.998098652190215,89.16986448699649,222.3829499889241,34.7256926995305,-16.311938788498107,71.54976181789038,72.97058867275813,2022,-21.998098652190215,2020,222.3829499889241,300000.0,85000.0,850000.0,10375802.70695763,11225802.70695763,10925802.70695763,2016,2025,433911.76601827436,659374.6011041515,466817.8197851387,543923.541350374,1668516.7582895611,3071330.8905991893,2310696.491349987,4874548.884358868,8691533.160702966,10375802.70695763
33,PBR + VRTX + TSLA + NVDA,Rebalanced annually,PBR,Energy,Petroleo Brasileiro S.A. Petrobras ADS,VRTX,Health Care,Vertex Pharmaceuticals Incorporated Common Stock,TSLA,Industrials,Tesla Inc. Common Stock,NVDA,Technology,NVIDIA Corporation Common Stock,15.450140378270877,57.62069690084508,117.70478760453622,-6.640655279217658,47.145253997294674,211.1980196229866,39.62577067843365,3.5836185123496067,58.22268137579775,77.41436769218043,2022,-6.640655279217658,2020,211.1980196229866,300000.0,85000.0,850000.0,10350296.664194267,11200296.664194267,10900296.664194267,2016,2025,447243.10307654133,622640.0299560266,559953.0733348299,696838.794081331,2083548.527145804,2980842.7724255854,2697895.2794933277,5788447.1880137585,9038790.797484657,10350296.664194267
34,PBR + TSLA + SHOP + ANET,Rebalanced annually,PBR,Energy,Petroleo Brasileiro S.A. Petrobras ADS,TSLA,Industrials,Tesla Inc. Common Stock,SHOP,Technology,Shopify Inc. Class A Subordinate Voting Shares,ANET,Telecommunications,Arista Networks Inc. Common Stock,20.059538554244753,46.121884355588605,102.35206916753992,-24.54586883536264,47.43794250358724,235.53010816421326,58.282999772897185,15.272804234260587,81.63033934533252,53.65798673997486,2022,-24.54586883536264,2020,235.53010816421326,300000.0,85000.0,850000.0,10344709.824151363,11194709.824151363,10894709.824151363,2016,2025,375973.9602199246,597882.7797975345,604196.2463063672,871339.9431689604,2838607.853792807,4100185.0153773506,3008758.979495633,6003286.051273571,8687114.70137715,10344709.824151363
35,PBR + ABBV + TSLA + NVDA,Rebalanced annually,PBR,Energy,Petroleo Brasileiro S.A. Petrobras ADS,ABBV,Health Care,AbbVie Inc. Common Stock,TSLA,Industrials,Tesla Inc. Common Stock,NVDA,Technology,NVIDIA Corporation Common Stock,20.574576940449457,62.592896773846064,107.42116924171435,-8.514410158958874,57.0225148858545,216.14196935413557,31.96070574627164,0.7003605052907789,47.38624426240044,90.22556136851613,2022,-8.514410158958874,2020,216.14196935413557,300000.0,85000.0,850000.0,10326952.06134612,11176952.06134612,10876952.06134612,2016,2025,485676.6841055483,630820.6239613304,550238.6424707845,641098.7958931515,1941782.3588422595,2964035.4934639838,2626665.3542933394,5363259.989942263,8635279.77915981,10326952.06134612
36,VLO + TSLA + NVDA + ANET,Rebalanced annually,VLO,Energy,Valero Energy Corporation Common Stock,TSLA,Industrials,Tesla Inc. Common Stock,NVDA,Technology,NVIDIA Corporation Common Stock,ANET,Telecommunications,Arista Networks Inc. Common Stock,26.449746253981054,79.63616673822729,110.16890011524853,-13.98120171136968,78.34455505192551,218.22458526908147,32.36161909304363,-12.554446832819629,77.77999907247536,60.243201699359176,2022,-13.98120171136968,2020,218.22458526908147,300000.0,85000.0,850000.0,10318985.886112917,11168985.886112917,10868985.886112917,2016,2025,395729.6050980775,618528.0882728726,455875.3082845991,518403.9390908994,1564688.7851905965,2705537.251895548,2242270.6313317833,4627555.523477249,8227763.356057637,10318985.886112917
37,MA + TSLA + NVDA + ANET,Rebalanced annually,MA,Consumer Discretionary,Mastercard Incorporated Common Stock,TSLA,Industrials,Tesla Inc. Common Stock,NVDA,Technology,NVIDIA Corporation Common Stock,ANET,Telecommunications,Arista Networks Inc. Common Stock,19.465550115456786,86.41912875706332,114.55428937003724,-33.384329893983264,68.571290781394,232.19385272670957,39.58414444061408,-2.293541714545654,79.70459892187742,61.80505749543902,2022,-33.384329893983264,2020,232.19385272670957,300000.0,85000.0,850000.0,10287548.522491314,11137548.522491314,10837548.522491314,2016,2025,400415.17248631705,634564.4797388797,535010.478690379,661789.7993475994,2113425.031405151,3477627.8551367447,2231645.0994928395,4703090.284478122,8682459.932982206,10287548.522491314
38,COP + TSLA + NVDA + ANET,Rebalanced annually,COP,Energy,ConocoPhillips Common Stock,TSLA,Industrials,Tesla Inc. Common Stock,NVDA,Technology,NVIDIA Corporation Common Stock,ANET,Telecommunications,Arista Networks Inc. Common Stock,16.620829288746823,77.33371206711908,109.19909205076706,-14.796737180937773,89.93146939196774,218.13834936376847,26.451952809540742,-4.714550450335093,70.7698350756535,62.61127391702762,2022,-14.796737180937773,2020,218.13834936376847,300000.0,85000.0,850000.0,10257594.144604785,11107594.144604785,10807594.144604785,2016,2025,402833.82175108284,602918.6530332762,489493.74896154157,533974.4044425003,1613777.3563183837,2980071.045570357,2454117.765152087,5048992.082554742,8868565.081969265,10257594.144604785
39,PBR + LLY + TSLA + AMD,Rebalanced annually,PBR,Energy,Petroleo Brasileiro S.A. Petrobras ADS,LLY,Health Care,Eli Lilly and Company Common Stock,TSLA,Industrials,Tesla Inc. Common Stock,AMD,Technology,Advanced Micro Devices Inc. Common Stock,31.96224921476957,18.876461189086676,94.85032262225093,-7.133741793772733,48.29193225046139,211.3930058093502,53.50015788314558,38.64997921233606,13.992252922788639,102.22579291313622,2022,-7.133741793772733,2020,211.3930058093502,300000.0,85000.0,850000.0,10204565.163934236,11054565.163934236,10754565.163934236,2016,2025,521677.3787394087,509671.7970136007,621659.840610497,869248.8368332242,2621780.0809777905,3802888.341439677,3446600.106455884,6630711.426928134,7797355.095992559,10204565.163934236
40,PBR + JPM + TSLA + NVDA,Rebalanced annually,PBR,Energy,Petroleo Brasileiro S.A. Petrobras ADS,JPM,Finance,JP Morgan Chase & Co. Common Stock,TSLA,Industrials,Tesla Inc. Common Stock,NVDA,Technology,NVIDIA Corporation Common Stock,21.62169968687706,68.9501661195005,115.13654960112943,-17.67664034563738,55.85244336393474,207.82871825353243,43.40793694096338,-0.7164712204552917,39.05719819177395,96.41165903589994,2022,-17.67664034563738,2020,207.82871825353243,300000.0,85000.0,850000.0,10174848.721422715,11024848.721422715,10724848.721422715,2016,2025,504234.97710769984,616175.0314689002,526760.3147007942,670416.0999361352,1978733.287398726,2998904.1760664233,2383798.6705528614,5043422.209265021,8435870.200661033,10174848.721422715
41,WMT + PBR + TSLA + NVDA,Rebalanced annually,WMT,Consumer Discretionary,Walmart Inc. Common Stock,PBR,Energy,Petroleo Brasileiro S.A. Petrobras ADS,TSLA,Industrials,Tesla Inc. Common Stock,NVDA,Technology,NVIDIA Corporation Common Stock,18.427546113170855,76.37620351299616,110.70024031937876,-14.632304325596603,49.40870656382399,215.04301658077415,39.13441270248134,0.0814947862257247,44.00768632625201,91.78536814731206,2022,-14.632304325596603,2020,215.04301658077415,300000.0,85000.0,850000.0,10167698.659427656,11017698.659427656,10717698.659427656,2016,2025,490356.10444193624,621150.4807663722,536656.6860228127,661674.1283264398,1999558.1338141584,2902513.944723471,2392809.271238654,4956654.88488422,8657359.707200255,10167698.659427656
42,SCCO + TSLA + AMD + ANET,Rebalanced annually,SCCO,Basic Materials,Southern Copper Corporation Common Stock,TSLA,Industrials,Tesla Inc. Common Stock,AMD,Technology,Advanced Micro Devices Inc. Common Stock,ANET,Telecommunications,Arista Networks Inc. Common Stock,43.43848608654208,35.403341757709676,93.35289277850077,-32.85823523131743,50.96779743134434,236.24840154450686,54.285924820173825,10.6915373261294,57.639275498311974,82.89301035470237,2022,-32.85823523131743,2020,236.24840154450686,300000.0,85000.0,850000.0,10123858.005621072,10973858.005621072,10673858.005621072,2016,2025,463679.0310641071,645940.2652070514,630001.2097661626,887003.1928660072,2897534.0576606886,4289343.3466734,2794940.819944591,5319098.926810015,7117237.698299232,10123858.005621072
43,COP + TSLA + AMD + ANET,Rebalanced annually,COP,Energy,ConocoPhillips Common Stock,TSLA,Industrials,Tesla Inc. Common Stock,AMD,Technology,Advanced Micro Devices Inc. Common Stock,ANET,Telecommunications,Arista Networks Inc. Common Stock,26.216560965968384,30.006772375364296,81.34227508338573,-15.977968943750508,72.78785394915403,212.55898666440046,44.32345007002727,22.882257049158163,47.935994595798775,79.6517169739963,2022,-15.977968943750508,2020,212.55898666440046,300000.0,85000.0,850000.0,10077677.450566072,10927677.450566072,10627677.450566072,2016,2025,453955.1509219889,586563.0675353036,635781.9364041591,832582.425540509,2517311.1924153017,4264607.986596259,3498210.246925205,6258734.048974292,8051778.128629429,10077677.450566072
44,RIO + TSLA + AMD + ANET,Rebalanced annually,RIO,Basic Materials,Rio Tinto Plc Common Stock,TSLA,Industrials,Tesla Inc. Common Stock,AMD,Technology,Advanced Micro Devices Inc. Common Stock,ANET,Telecommunications,Arista Networks Inc. Common Stock,37.91820230215885,29.209090131646995,83.61113495830557,-29.28195340417377,51.037936455838256,230.62295309928135,52.04624651262851,18.24348673661437,56.16172466968904,86.93006494493878,2022,-29.28195340417377,2020,230.62295309928135,300000.0,85000.0,850000.0,10068141.16792608,10918141.16792608,10618141.16792608,2016,2025,475790.1948348164,658002.1740633231,693044.7134151995,968748.473402014,3117904.8108659447,4624219.08698923,3185157.4086301336,5763303.668194343,7361712.2311977465,10068141.16792608
45,PBR + SPGI + TSLA + NVDA,Rebalanced annually,PBR,Energy,Petroleo Brasileiro S.A. Petrobras ADS,SPGI,Finance,S&P Global Inc. Common Stock,TSLA,Industrials,Tesla Inc. Common Stock,NVDA,Technology,NVIDIA Corporation Common Stock,13.731948378679423,61.36196634092326,115.6786132006568,-21.61254195408081,60.087032067225046,214.56149943961086,47.16036183621192,1.2829110516950566,47.196779798090716,90.4150498546697,2022,-21.61254195408081,2020,214.56149943961086,300000.0,85000.0,850000.0,10045932.525519572,10895932.525519572,10595932.525519572,2016,2025,486245.14956400916,630737.2020826314,553828.9993553016,730016.7594051337,2211351.664545245,3455087.2483396614,2623355.067242156,5573015.828357039,8907727.92512781,10045932.525519572
46,AMZN + PBR + TSLA + NVDA,Rebalanced annually,AMZN,Consumer Discretionary,Amazon.com Inc. Common Stock,PBR,Energy,Petroleo Brasileiro S.A. Petrobras ADS,TSLA,Industrials,Tesla Inc. Common Stock,NVDA,Technology,NVIDIA Corporation Common Stock,13.607596985522298,68.97626778815095,127.70011331186674,-26.920140978100022,49.510201329422316,228.27642168422346,37.3506055746536,8.047405377650314,46.35660620839275,90.5139498110381,2022,-26.920140978100022,2020,228.27642168422346,300000.0,85000.0,850000.0,10033835.18318201,10883835.18318201,10583835.18318201,2016,2025,486541.8494331143,627086.1386138542,592550.3022551652,728871.4284819097,2307713.044099097,3365266.4183379007,2374331.9542326806,5321356.550187673,8906829.694207435,10033835.18318201
47,ABBV + TSLA + AMD + ANET,Rebalanced annually,ABBV,Health Care,AbbVie Inc. Common Stock,TSLA,Industrials,Tesla Inc. Common Stock,AMD,Technology,Advanced Micro Devices Inc. Common Stock,ANET,Telecommunications,Arista Networks Inc. Common Stock,35.07130199747067,37.76336702870769,80.78779308142909,-27.89899736584443,59.244034084239814,228.49747105633512,43.03316932179396,18.73591864396379,59.968102042075145,79.5667239198066,2022,-27.89899736584443,2020,228.49747105633512,300000.0,85000.0,850000.0,10008359.53889938,10858359.53889938,10558359.53889938,2016,2025,453700.17175941984,640775.5537251789,675830.7401615368,881662.1269039845,2811237.790141085,4391728.4647213,3081480.2560336646,5485940.149123233,7472615.862611873,10008359.53889938
48,MRK + TSLA + NVDA + ANET,Rebalanced annually,MRK,Health Care,Merck & Company Inc. Common Stock (new),TSLA,Industrials,Tesla Inc. Common Stock,NVDA,Technology,NVIDIA Corporation Common Stock,ANET,Telecommunications,Arista Networks Inc. Common Stock,19.653128798220223,78.8105338080905,108.95578556619664,-20.36435016281459,68.71985696257795,225.3460710657905,30.36249852645203,1.3667045941363192,67.4115849832674,63.841822080642075,2022,-20.36435016281459,2020,225.3460710657905,300000.0,85000.0,850000.0,9992115.510176733,10842115.510176733,10542115.510176733,2016,2025,406525.46624192625,595570.7263962264,518710.41887521476,591203.862162755,1838458.537535735,3016844.614846594,2317483.8136112187,4757516.508100774,8421940.66414302,9992115.510176733
49,PBR + MS + TSLA + NVDA,Rebalanced annually,PBR,Energy,Petroleo Brasileiro S.A. Petrobras ADS,MS,Finance,Morgan Stanley Common Stock,TSLA,Industrials,Tesla Inc. Common Stock,NVDA,Technology,NVIDIA Corporation Common Stock,23.596291558909545,67.81093569286132,110.96220470907065,-17.100948256955647,60.57941795097233,218.73452334074355,39.762166792464,-4.75037830227234,39.019249769518126,96.79584678788123,2022,-17.100948256955647,2020,218.73452334074355,300000.0,85000.0,850000.0,9938098.90505758,10788098.90505758,10488098.90505758,2016,2025,505387.5403636438,617585.9670421582,503248.2972659088,618350.7246050145,1885897.2346438272,2943362.8025445407,2355019.852666919,4883201.8025224395,8109546.636583576,9938098.90505758
50,PBR + BBVA + TSLA + NVDA,Rebalanced annually,PBR,Energy,Petroleo Brasileiro S.A. Petrobras ADS,BBVA,Finance,Banco Bilbao Vizcaya Argentaria S.A. Common Stock,TSLA,Industrials,Tesla Inc. Common Stock,NVDA,Technology,NVIDIA Corporation Common Stock,50.803860834363235,61.42716507675644,123.10018919938535,-11.992299719649363,54.43014055146734,207.6355359160261,34.360580479220815,-8.12544788855677,40.14237293513714,87.44795483037468,2022,-11.992299719649363,2020,207.6355359160261,300000.0,85000.0,850000.0,9930235.063849084,10780235.063849084,10480235.063849084,2016,2025,477343.86449112406,583961.0187581468,451511.5704894684,521653.56704049604,1519791.7465900965,2262016.530348686,1905748.7283212582,4166729.018549607,6641232.531075187,9930235.063849084
51,PBR + AXP + TSLA + NVDA,Rebalanced annually,PBR,Energy,Petroleo Brasileiro S.A. Petrobras ADS,AXP,Finance,American Express Company Common Stock,TSLA,Industrials,Tesla Inc. Common Stock,NVDA,Technology,NVIDIA Corporation Common Stock,18.803426593277123,72.95816867064725,114.64751022003986,-16.64556885530739,58.13717433988098,208.92694050012474,39.72301156748098,0.28443308049603555,41.421622298161076,89.92310368081924,2022,-16.64556885530739,2020,208.92694050012474,300000.0,85000.0,850000.0,9912080.124840386,10762080.124840386,10462080.124840386,2016,2025,484769.3110424577,600568.6240798621,517276.8399178252,637754.778874283,1885196.3262696583,2896196.2011220814,2329107.8682795083,4914372.049601011,8414807.898652062,9912080.124840386
52,SCCO + TSLA + NVDA + ANET,Rebalanced annually,SCCO,Basic Materials,Southern Copper Corporation Common Stock,TSLA,Industrials,Tesla Inc. Common Stock,NVDA,Technology,NVIDIA Corporation Common Stock,ANET,Telecommunications,Arista Networks Inc. Common Stock,33.84275440932052,82.73028144946446,121.2097097458821,-31.6770034685047,68.11141287415805,241.82776424387487,36.4144275596873,-16.905270173363856,80.4731159781667,65.85256729773369,2022,-31.6770034685047,2020,241.82776424387487,300000.0,85000.0,850000.0,9903191.261936262,10753191.261936262,10453191.261936262,2016,2025,412557.7018932011,659555.739814576,463056.06005499314,546675.2736044606,1783687.8654362136,2913582.8718497297,1905647.1244761318,4130476.4728344,7462631.284014211,9903191.261936262
53,ABBV + TSLA + NVDA + ANET,Rebalanced annually,ABBV,Health Care,AbbVie Inc. Common Stock,TSLA,Industrials,Tesla Inc. Common Stock,NVDA,Technology,NVIDIA Corporation Common Stock,ANET,Telecommunications,Arista Networks Inc. Common Stock,25.47557032024911,85.09030672046246,108.64461004881042,-26.717765603031694,76.38764952705353,234.07683375570312,25.161672061307435,-8.860888855529467,82.80194252192987,62.52628086283792,2022,-26.717765603031694,2020,234.07683375570312,300000.0,85000.0,850000.0,9897109.643461308,10747109.643461308,10447109.643461308,2016,2025,402578.84258851374,650921.9444341054,508244.47440154804,551127.2823201811,1756188.5747391162,3012699.7482449887,2122773.691185767,4344052.890193283,7955420.818557861,9897109.643461308
54,NEM + LLY + TSLA + NVDA,Rebalanced annually,NEM,Basic Materials,Newmont Corporation,LLY,Health Care,Eli Lilly and Company Common Stock,TSLA,Industrials,Tesla Inc. Common Stock,NVDA,Technology,NVIDIA Corporation Common Stock,65.83529743556788,64.81058242300007,98.22159440444972,-25.452357127985834,62.17993520603311,234.26423977028415,37.324920744615795,2.595472016139344,39.1072516519764,73.93052494107161,2022,-25.452357127985834,2020,234.26423977028415,300000.0,85000.0,850000.0,9885350.494763348,10735350.494763348,10435350.494763348,2016,2025,436791.5748232148,522608.7551839602,451172.9191786541,534572.8536832562,1701885.8853826497,2675117.426194204,1909236.9852862724,3699519.9931938984,6012200.447638197,9885350.494763348
55,BX + TSLA + AMD + ANET,Rebalanced annually,BX,Finance,Blackstone Inc. Common Stock,TSLA,Industrials,Tesla Inc. Common Stock,AMD,Technology,Advanced Micro Devices Inc. Common Stock,ANET,Telecommunications,Arista Networks Inc. Common Stock,24.841576401944014,41.816281186315024,101.53332636180431,-43.9022953195389,77.9139285044806,226.51194146612707,66.74765130076798,19.000815587664697,51.78543307551611,76.73745524393354,2022,-43.9022953195389,2020,226.51194146612707,300000.0,85000.0,850000.0,9876437.396210253,10726437.396210253,10426437.396210253,2016,2025,445212.3657318007,590767.5174317643,618018.1639707986,945530.7730334358,3002270.884191151,5256458.074410681,2863752.3272351553,5686415.323840591,7979262.745079478,9876437.396210253
56,BBVA + TSLA + AMD + ANET,Rebalanced annually,BBVA,Finance,Banco Bilbao Vizcaya Argentaria S.A. Common Stock,TSLA,Industrials,Tesla Inc. Common Stock,AMD,Technology,Advanced Micro Devices Inc. Common Stock,ANET,Telecommunications,Arista Networks Inc. Common Stock,65.30058589138446,36.59763533161806,96.46681303910009,-31.376886926534915,56.651659749852655,219.99103761822565,45.433044054743135,9.91011025011624,52.724230714811846,76.78911738166516,2022,-31.376886926534915,2020,219.99103761822565,300000.0,85000.0,850000.0,9875741.160186568,10725741.160186568,10425741.160186568,2016,2025,445367.3521449955,595183.8624183714,569167.2393749321,742757.2419853103,2291756.60561331,3505074.7601201353,2320291.4159467258,4473602.598130342,6025835.363179876,9875741.160186568
57,MA + TSLA + AMD + ANET,Rebalanced annually,MA,Consumer Discretionary,Mastercard Incorporated Common Stock,TSLA,Industrials,Tesla Inc. Common Stock,AMD,Technology,Advanced Micro Devices Inc. Common Stock,ANET,Telecommunications,Arista Networks Inc. Common Stock,29.06128179267835,39.09218906530854,86.69747240265592,-34.565561656796,51.42767533858029,226.61449002734156,57.4556417011006,25.3032657849476,56.870758442022705,78.84550055240771,2022,-34.565561656796,2020,226.61449002734156,300000.0,85000.0,850000.0,9864527.329468312,10714527.329468312,10414527.329468312,2016,2025,451536.5016572231,623328.7347922623,696051.2612706996,1010971.9800023844,3216980.976804105,4786399.509258809,3046953.6357453736,5603585.42321744,7709149.631297671,9864527.329468312
58,WMT + TSLA + AMD + ANET,Rebalanced annually,WMT,Consumer Discretionary,Walmart Inc. Common Stock,TSLA,Industrials,Tesla Inc. Common Stock,AMD,Technology,Advanced Micro Devices Inc. Common Stock,ANET,Telecommunications,Arista Networks Inc. Common Stock,32.92427117019207,51.54667376785778,84.0668641590935,-34.016891532482155,51.63022576220931,227.3985182829737,50.20687627800366,18.117052924898736,56.58954410592672,81.12653069860254,2022,-34.016891532482155,2020,227.3985182829737,300000.0,85000.0,850000.0,9844798.569035431,10694798.569035431,10394798.569035431,2016,2025,458379.59209580766,632774.5135374317,662414.6070502787,909992.2892594363,2894301.2715247064,4303635.552251407,2754672.514488707,4985439.315271813,7470267.455009498,9844798.569035431
59,BHP + TSLA + AMD + ANET,Rebalanced annually,BHP,Energy,BHP Group Limited American Depositary Shares (Each representing two Ordinary Shares),TSLA,Industrials,Tesla Inc. Common Stock,AMD,Technology,Advanced Micro Devices Inc. Common Stock,ANET,Telecommunications,Arista Networks Inc. Common Stock,33.3321185125769,26.889320706249144,84.97128399434729,-26.719980074693147,51.36463296461554,227.9094575043786,48.7911879247018,21.61333009988856,53.41755235046653,87.5810890690291,2022,-26.719980074693147,2020,227.9094575043786,300000.0,85000.0,850000.0,9839978.383814424,10689978.383814424,10389978.383814424,2016,2025,477743.26720708737,647942.0270682625,702983.8762344352,960978.0603683317,3066137.9444898968,4556048.445865939,3253673.2089371937,5933361.111551209,7443801.609496083,9839978.383814424
60,VRTX + TSLA + AMD + ANET,Rebalanced annually,VRTX,Health Care,Vertex Pharmaceuticals Incorporated Common Stock,TSLA,Industrials,Tesla Inc. Common Stock,AMD,Technology,Advanced Micro Devices Inc. Common Stock,ANET,Telecommunications,Arista Networks Inc. Common Stock,29.94686543529209,32.7911671557067,91.07141144425097,-26.02524248610321,49.36677319567998,223.55352132518615,50.698234253955974,21.619176651022617,70.80453915547245,66.75553024347091,2022,-26.02524248610321,2020,223.55352132518615,300000.0,85000.0,850000.0,9835798.135602077,10685798.135602077,10385798.135602077,2016,2025,415266.59073041275,624294.1865637234,674261.4495789994,931100.0987706798,2927607.1566348206,4287872.341711229,3086943.1672863294,5813265.880215855,7634503.612203102,9835798.135602077
61,BX + TSLA + NVDA + ANET,Rebalanced annually,BX,Finance,Blackstone Inc. Common Stock,TSLA,Industrials,Tesla Inc. Common Stock,NVDA,Technology,NVIDIA Corporation Common Stock,ANET,Telecommunications,Arista Networks Inc. Common Stock,15.245844724722453,89.1432208780698,129.39014332918563,-42.721063556726165,95.0575439472943,232.09130416549507,48.87615404028146,-8.595991911828559,74.61927355537084,59.69701218696485,2022,-42.721063556726165,2020,232.09130416549507,300000.0,85000.0,850000.0,9791196.287711985,10641196.287711985,10341196.287711985,2016,2025,394091.0365608945,603158.9051894649,466311.41448390484,609226.4997344735,1938188.2282900095,3695582.3551780703,2031790.2684312896,4575726.6089029815,8569676.68665398,9791196.287711985
62,JPM + TSLA + NVDA + ANET,Rebalanced annually,JPM,Finance,JP Morgan Chase & Co. Common Stock,TSLA,Industrials,Tesla Inc. Common Stock,NVDA,Technology,NVIDIA Corporation Common Stock,ANET,Telecommunications,Arista Networks Inc. Common Stock,26.522693066676712,91.4475760661169,116.3599904082255,-35.8799957897102,75.21757800513376,225.76358265509998,36.60890325599917,-10.277720581275538,74.47289645130338,68.71237853022174,2022,-35.8799957897102,2020,225.76358265509998,300000.0,85000.0,850000.0,9788316.296322525,10638316.296322525,10338316.296322525,2016,2025,421137.1355906652,649770.1584970864,497988.5971862447,595296.7609560644,1854260.0559202419,3163989.5599000864,1943750.2390210652,4120497.8307058364,7803593.2187432535,9788316.296322525
63,SONY + PBR + TSLA + NVDA,Rebalanced annually,SONY,Consumer Staples,Sony Group Corporation American Depositary Shares,PBR,Energy,Petroleo Brasileiro S.A. Petrobras ADS,TSLA,Industrials,Tesla Inc. Common Stock,NVDA,Technology,NVIDIA Corporation Common Stock,17.635489915753272,61.00124376974988,113.71783279851361,-24.332384821012383,55.325201033841616,221.63790143748662,42.06603313756915,2.9291039239562062,47.69376557756897,91.4280697916472,2022,-24.332384821012383,2020,221.63790143748662,300000.0,85000.0,850000.0,9763945.43226711,10613945.43226711,10313945.43226711,2016,2025,489284.20937494154,637642.2732022878,571319.4780474596,726650.9190042912,2252184.766661613,3413210.516470707,2497694.99885179,5253019.621462906,8372426.926024286,9763945.43226711
64,PBR + IBN + TSLA + NVDA,Rebalanced annually,PBR,Energy,Petroleo Brasileiro S.A. Petrobras ADS,IBN,Finance,ICICI Bank Limited Common Stock,TSLA,Industrials,Tesla Inc. Common Stock,NVDA,Technology,NVIDIA Corporation Common Stock,12.452528332018804,64.45947716225653,109.93212503589879,-11.698698406427916,57.3093349601923,208.8313558822638,43.345644531533736,2.3783370417069785,43.37559837173883,87.19378427505384,2022,-11.698698406427916,2020,208.8313558822638,300000.0,85000.0,850000.0,9761255.65846287,10611255.65846287,10311255.65846287,2016,2025,476581.35282516154,598301.3663412032,527530.989357935,671192.6967987086,1987853.5061061839,3042079.1304385033,2601195.467683618,5375744.921645706,8755921.991715085,9761255.65846287
65,V + PBR + TSLA + NVDA,Rebalanced annually,V,Consumer Discretionary,Visa Inc.,PBR,Energy,Petroleo Brasileiro S.A. Petrobras ADS,TSLA,Industrials,Tesla Inc. Common Stock,NVDA,Technology,NVIDIA Corporation Common Stock,15.244694782333923,63.45771693683005,114.0568688596594,-15.367523727321021,48.837279370013135,213.49345558034133,42.42540920679285,5.061386428415614,44.16165150410286,88.1203527291593,2022,-15.367523727321021,2020,213.49345558034133,300000.0,85000.0,850000.0,9751448.844637815,10601448.844637815,10301448.844637815,2016,2025,479361.0581874779,606054.8181506116,551729.5944652455,700803.1326321046,2111971.9573036674,3058401.6023083944,2503401.0103968857,5273701.81785665,8535272.589524584,9751448.844637815
66,JPM + TSLA + AMD + ANET,Rebalanced annually,JPM,Finance,JP Morgan Chase & Co. Common Stock,TSLA,Industrials,Tesla Inc. Common Stock,AMD,Technology,Advanced Micro Devices Inc. Common Stock,ANET,Telecommunications,Arista Networks Inc. Common Stock,36.118424743898274,44.12063637436211,88.50317344084417,-37.061227552522936,58.073962562320055,220.18421995573198,54.4804005164857,17.319086918217717,51.639055971448656,85.75282158719043,2022,-37.061227552522936,2020,220.18421995573198,300000.0,85000.0,850000.0,9733692.725168597,10583692.725168597,10283692.725168597,2016,2025,472258.46476157126,631128.2777097032,655433.9326916973,927516.9643430873,2884762.9572389987,4475059.117037652,2731547.274562404,5064053.29658702,7213345.837378076,9733692.725168597
67,PBR + CME + TSLA + NVDA,Rebalanced annually,PBR,Energy,Petroleo Brasileiro S.A. Petrobras ADS,CME,Finance,CME Group Inc. Class A Common Stock,TSLA,Industrials,Tesla Inc. Common Stock,NVDA,Technology,NVIDIA Corporation Common Stock,17.26276753821647,61.73089873500497,115.30970159910169,-20.238409113340143,56.2834421496064,207.6264402321737,34.010198182799826,8.975802025512504,40.45379712576238,96.26018412331209,2022,-20.238409113340143,2020,207.6264402321737,300000.0,85000.0,850000.0,9719658.728480723,10569658.728480723,10269658.728480723,2016,2025,503780.55236993625,622578.9149847154,593460.3658463273,710297.4124070321,2100062.644848995,3197050.1886680727,2465018.091926615,5222423.098091065,8361271.812287169,9719658.728480723
68,XOM + TSLA + AMD + ANET,Rebalanced annually,XOM,Energy,ExxonMobil Holdings Corporation Common Stock,TSLA,Industrials,Tesla Inc. Common Stock,AMD,Technology,Advanced Micro Devices Inc. Common Stock,ANET,Telecommunications,Arista Networks Inc. Common Stock,30.796137762838995,35.8640116654517,79.28111258611456,-12.048649702177215,65.53140520625442,212.51515033140538,44.47435144031724,15.201713655722983,43.997655204986046,82.08922152155661,2022,-12.048649702177215,2020,212.51515033140538,300000.0,85000.0,850000.0,9711251.600465598,10561251.600465598,10261251.600465598,2016,2025,461267.66456466983,579214.6211919248,582265.1693576018,756223.82709226,2278314.0300792833,3686325.229001484,3157172.815276113,5575214.54949337,7489710.145897632,9711251.600465598
69,NFLX + TSLA + NVDA + ANET,Rebalanced annually,NFLX,Consumer Discretionary,Netflix Inc. Common Stock,TSLA,Industrials,Tesla Inc. Common Stock,NVDA,Technology,NVIDIA Corporation Common Stock,ANET,Telecommunications,Arista Networks Inc. Common Stock,18.504188661278143,101.1424738634322,124.98112176863404,-45.48278900430733,71.13422792547709,243.9257148836797,30.016742355437156,1.2370608991494905,81.547346858404,62.13720347774731,2022,-45.48278900430733,2020,243.9257148836797,300000.0,85000.0,850000.0,9698359.23106631,10548359.23106631,10248359.23106631,2016,2025,401411.61043324193,643752.1287231431,566715.7345950197,651825.3365361298,2156794.948474835,3606014.3830081006,1880898.4697195513,4146666.4765041173,8255707.533705999,9698359.23106631
70,EQNR + TSLA + NVDA + ANET,Rebalanced annually,EQNR,Energy,Equinor ASA,TSLA,Industrials,Tesla Inc. Common Stock,NVDA,Technology,NVIDIA Corporation Common Stock,ANET,Telecommunications,Arista Networks Inc. Common Stock,18.72278375822134,76.38051529418547,108.508847207677,-22.016412710301694,84.41895751956397,223.7543392900451,24.546680242542145,-7.987836395464975,73.19338988170037,69.66379489738715,2022,-22.016412710301694,2020,223.7543392900451,300000.0,85000.0,850000.0,9689252.083951486,10539252.083951486,10239252.083951486,2016,2025,423991.3846921614,649325.0519547152,512458.0291298046,553249.4629175311,1706169.1432943759,3061499.3475839635,2302467.0160966846,4715847.4326001955,8232836.002107841,9689252.083951486
71,VRTX + TSLA + NVDA + ANET,Rebalanced annually,VRTX,Health Care,Vertex Pharmaceuticals Incorporated Common Stock,TSLA,Industrials,Tesla Inc. Common Stock,NVDA,Technology,NVIDIA Corporation Common Stock,ANET,Telecommunications,Arista Networks Inc. Common Stock,20.351133758070528,80.11810684746149,118.92822841163229,-24.844010723290474,66.51038863849368,229.13288402455416,32.82673699346944,-5.977630848470638,93.63837963532718,49.71508718650224,2022,-24.844010723290474,2020,229.13288402455416,300000.0,85000.0,850000.0,9687059.149981527,10537059.149981527,10237059.149981527,2016,2025,364145.2615595067,620124.9840026528,498056.2016598366,576551.8010583748,1812621.570718939,2933203.2219492737,2119477.8989522946,4555135.415752345,8119623.675191368,9687059.149981527
72,WMT + TSLA + NVDA + ANET,Rebalanced annually,WMT,Consumer Discretionary,Walmart Inc. Common Stock,TSLA,Industrials,Tesla Inc. Common Stock,NVDA,Technology,NVIDIA Corporation Common Stock,ANET,Telecommunications,Arista Networks Inc. Common Stock,23.328539492970506,98.87361345961256,111.92368112647483,-32.83565976966942,68.77384120502302,232.9778809823417,32.33537901751714,-9.47975457459452,79.42338458578145,64.08608764163385,2022,-32.83565976966942,2020,232.9778809823417,300000.0,85000.0,850000.0,9663337.350104935,10513337.350104935,10213337.350104935,2016,2025,407258.26292490156,645716.5593451192,499504.2142716859,576020.7951649065,1833021.8377577406,3008661.365710644,1935747.5560444074,4017307.47808508,7904364.545451032,9663337.350104935
73,MS + TSLA + AMD + ANET,Rebalanced annually,MS,Finance,Morgan Stanley Common Stock,TSLA,Industrials,Tesla Inc. Common Stock,AMD,Technology,Advanced Micro Devices Inc. Common Stock,ANET,Telecommunications,Arista Networks Inc. Common Stock,38.09301661593076,42.98140594772293,84.32882854878538,-36.4855354638412,62.800937149357644,231.0900250429431,50.83463036798633,13.285179836400669,51.601107549192825,86.13700933917171,2022,-36.4855354638412,2020,231.0900250429431,300000.0,85000.0,850000.0,9618141.125690129,10468141.125690129,10168141.125690129,2016,2025,473411.0280175151,632696.3617345724,631751.2112093745,867899.6042729367,2788529.0171348704,4454751.37257734,2744411.480709682,4973741.532950533,7026525.572018499,9618141.125690129
74,NFLX + TSLA + AMD + ANET,Rebalanced annually,NFLX,Consumer Discretionary,Netflix Inc. Common Stock,TSLA,Industrials,Tesla Inc. Common Stock,AMD,Technology,Advanced Micro Devices Inc. Common Stock,ANET,Telecommunications,Arista Networks Inc. Common Stock,28.099920338499707,53.81553417167741,97.12430480125272,-46.664020767120064,53.990612482663394,238.34635218431168,47.88823961592368,28.833868398642746,58.713506378549276,79.177646534716,2022,-46.664020767120064,2020,238.34635218431168,300000.0,85000.0,850000.0,9609380.033349007,10459380.033349007,10159380.033349007,2016,2025,452532.93960414804,633230.895963666,730815.8591653758,995790.7089536623,3284221.539135013,4972392.863401561,2567074.4250010606,4975327.614014097,7567826.746286755,9609380.033349007
75,CVX + TSLA + NVDA + ANET,Rebalanced annually,CVX,Energy,Chevron Corporation Common Stock,TSLA,Industrials,Tesla Inc. Common Stock,NVDA,Technology,NVIDIA Corporation Common Stock,ANET,Telecommunications,Arista Networks Inc. Common Stock,19.73221874612293,80.69732701660281,105.29513260565724,-18.104097214314514,79.8414678597405,220.65924520511598,28.61304798164755,-11.058624039625673,70.43061896857716,69.24363276715974,2022,-18.104097214314514,2020,220.65924520511598,300000.0,85000.0,850000.0,9558456.90446427,10408456.90446427,10108456.90446427,2016,2025,422730.8983014792,635462.8865466374,480189.43501209177,532586.2684549039,1622787.1084935875,2833444.1561535075,2235474.671610163,4504320.691447965,8054187.089702235,9558456.90446427
76,AXP + TSLA + AMD + ANET,Rebalanced annually,AXP,Finance,American Express Company Common Stock,TSLA,Industrials,Tesla Inc. Common Stock,AMD,Technology,Advanced Micro Devices Inc. Common Stock,ANET,Telecommunications,Arista Networks Inc. Common Stock,33.30015165029833,48.128638925508874,88.01413405975461,-36.030156062192944,60.358693538266294,221.2824422023243,50.7954751430033,18.319991219169047,54.00348007783578,79.26426623210972,2022,-36.030156062192944,2020,221.2824422023243,300000.0,85000.0,850000.0,9551567.223263703,10401567.223263703,10101567.223263703,2016,2025,452792.7986963291,612316.6675341763,639493.0272599459,879326.548963011,2740121.8114417787,4309023.538185112,2671475.632620388,4937751.777288575,7229224.501217689,9551567.223263703
77,PBR + TSLA + NVDA + NEE,Rebalanced annually,PBR,Energy,Petroleo Brasileiro S.A. Petrobras ADS,TSLA,Industrials,Tesla Inc. Common Stock,NVDA,Technology,NVIDIA Corporation Common Stock,NEE,Utilities,NextEra Energy Inc. Common Stock,16.173926841511815,63.24428323687988,101.15662290567411,-16.652349997004066,54.76414909606529,216.7284887670178,42.2651336342456,4.515411074840064,40.96650631616271,92.38501702996619,2022,-16.652349997004066,2020,216.7284887670178,300000.0,85000.0,850000.0,9540748.415956361,10390748.415956361,10090748.415956361,2016,2025,492155.05108989857,608773.7811799556,551262.4199160779,699254.2183689843,2129737.3184797065,3211069.838926476,2591351.2507002046,5127674.66353248,8285635.7512026895,9540748.415956361
78,COST + PBR + TSLA + NVDA,Rebalanced annually,COST,Consumer Discretionary,Costco Wholesale Corporation Common Stock,PBR,Energy,Petroleo Brasileiro S.A. Petrobras ADS,TSLA,Industrials,Tesla Inc. Common Stock,NVDA,Technology,NVIDIA Corporation Common Stock,10.956441280674774,67.78379530288504,119.73084919726817,-19.278793210451703,61.87131261576917,217.37899044063332,43.0188393367402,3.5893070098951663,37.960527166854575,87.8470014241967,2022,-19.278793210451703,2020,217.37899044063332,300000.0,85000.0,850000.0,9531758.285791112,10381758.285791112,10081758.285791112,2016,2025,478541.00427259016,575197.6922040255,510843.3032910598,645602.1631963373,1964005.6278154252,3094161.6895924066,2412644.655858868,5216324.5904311985,8667147.373143138,9531758.285791112
79,PBR + AZN + TSLA + NVDA,Rebalanced annually,PBR,Energy,Petroleo Brasileiro S.A. Petrobras ADS,AZN,Health Care,AstraZeneca PLC Ordinary Shares,TSLA,Industrials,Tesla Inc. Common Stock,NVDA,Technology,NVIDIA Corporation Common Stock,23.130653345510446,57.72432515259124,107.83982465924583,-9.727421428966416,53.84782281914211,209.99281918883398,40.5135045891835,4.4051487457068825,40.677932782827014,83.82373763461626,2022,-9.727421428966416,2020,209.99281918883398,300000.0,85000.0,850000.0,9525865.944224508,10375865.944224508,10075865.944224508,2016,2025,466471.21290384873,571222.0593401142,511385.2407223362,633565.323690787,1879007.008311932,2805811.372907004,2447878.276162471,5002665.91704785,7805421.057302411,9525865.944224508
80,AEM + LLY + TSLA + NVDA,Rebalanced annually,AEM,Basic Materials,Agnico Eagle Mines Limited Common Stock,LLY,Health Care,Eli Lilly and Company Common Stock,TSLA,Industrials,Tesla Inc. Common Stock,NVDA,Technology,NVIDIA Corporation Common Stock,52.512934519323665,78.27797060354438,102.65636633954821,-19.991139098251836,54.62657199378315,228.23720530738788,43.240571683951146,1.2556528430588072,39.1102398904764,66.76570853586661,2022,-19.991139098251836,2020,228.23720530738788,300000.0,85000.0,850000.0,9495920.417382386,10345920.417382386,10045920.417382386,2016,2025,415297.1256075998,492720.82769098517,413907.69077222986,507883.74250598275,1582063.4026122077,2361290.4062274606,1804241.5566048531,3571410.378603498,6282037.944898677,9495920.417382386
81,PBR + MRK + TSLA + NVDA,Rebalanced annually,PBR,Energy,Petroleo Brasileiro S.A. Petrobras ADS,MRK,Health Care,Merck & Company Inc. Common Stock (new),TSLA,Industrials,Tesla Inc. Common Stock,NVDA,Technology,NVIDIA Corporation Common Stock,14.752135418420572,56.31312386147409,107.73234475910057,-2.160994718741769,49.35472232137893,207.41120666422296,37.16153221141623,10.927953954956564,31.995886723737968,91.54110258632028,2022,-2.160994718741769,2020,207.41120666422296,300000.0,85000.0,850000.0,9495749.32902563,10345749.32902563,10045749.32902563,2016,2025,489623.3077589609,561282.6266825369,537619.3336835753,652406.9155451984,1920571.9714383322,2783464.934923954,2638314.404682218,5395632.374963477,8349081.517386457,9495749.32902563
82,XOM + TSLA + NVDA + ANET,Rebalanced annually,XOM,Energy,ExxonMobil Holdings Corporation Common Stock,TSLA,Industrials,Tesla Inc. Common Stock,NVDA,Technology,NVIDIA Corporation Common Stock,ANET,Telecommunications,Arista Networks Inc. Common Stock,21.200406085617438,83.19095135720649,107.13792955349588,-10.867417939364481,82.67502064906813,218.09451303077338,26.602854179830715,-12.395093843770272,66.83149568484077,65.04877846458793,2018,-12.395093843770272,2020,218.09451303077338,300000.0,85000.0,850000.0,9490883.892375043,10340883.892375043,10040883.892375043,2016,2025,410146.33539376385,599253.2658339797,439975.26117199985,472021.23832891625,1416473.6594641923,2502543.5499148243,2145581.683230972,4359313.475523681,7900867.828454735,9490883.892375043
83,EQNR + TSLA + AMD + ANET,Rebalanced annually,EQNR,Energy,Equinor ASA,TSLA,Industrials,Tesla Inc. Common Stock,AMD,Technology,Advanced Micro Devices Inc. Common Stock,ANET,Telecommunications,Arista Networks Inc. Common Stock,28.318515435442905,29.053575602430687,80.65203024029566,-23.19764447311443,67.27534207675026,218.1749765906771,42.41817750302867,19.60897110402828,50.35954940184564,86.70423795435583,2022,-23.19764447311443,2020,218.1749765906771,300000.0,85000.0,850000.0,9479516.584066834,10329516.584066834,10029516.584066834,2016,2025,475112.71386306756,629377.3357153885,667791.7556111221,866056.8478568393,2670576.1729304544,4382215.428689604,3280644.673496222,5841551.207641044,7453730.704107737,9479516.584066834
84,CVX + TSLA + AMD + ANET,Rebalanced annually,CVX,Energy,Chevron Corporation Common Stock,TSLA,Industrials,Tesla Inc. Common Stock,AMD,Technology,Advanced Micro Devices Inc. Common Stock,ANET,Telecommunications,Arista Networks Inc. Common Stock,29.32795042334449,33.370387324848025,77.43831563827591,-19.28532897712725,62.6978524169268,215.07988250574797,46.484545242134075,16.538183459867582,47.596778488722435,86.28407582412842,2022,-19.28532897712725,2020,215.07988250574797,300000.0,85000.0,850000.0,9475410.033880157,10325410.033880157,10025410.033880157,2016,2025,473852.2274723853,614390.6225462937,630999.6708632223,839316.9983433541,2559519.0122310105,4079282.4651027923,3207579.421801453,5606474.898804448,7392377.287805873,9475410.033880157
85,TJX + PBR + TSLA + NVDA,Rebalanced annually,TJX,Consumer Discretionary,TJX Companies Inc. (The) Common Stock,PBR,Energy,Petroleo Brasileiro S.A. Petrobras ADS,TSLA,Industrials,Tesla Inc. Common Stock,NVDA,Technology,NVIDIA Corporation Common Stock,19.486663032982317,65.51905280705128,112.40232628488963,-12.833468893905732,52.12267692340942,212.27594797862207,41.28282757976925,5.675092385487319,33.23296087398536,89.61689734331507,2022,-12.833468893905732,2020,212.27594797862207,300000.0,85000.0,850000.0,9470179.818055144,10320179.818055144,10020179.818055144,2016,2025,483850.6920299452,559648.6032007644,506409.1784664971,630469.206460947,1883803.6911892185,2780692.6030190364,2338833.282775451,4882736.3005403085,7996858.875720375,9470179.818055144
86,PBR + TSLA + NVDA + TMUS,Rebalanced annually,PBR,Energy,Petroleo Brasileiro S.A. Petrobras ADS,TSLA,Industrials,Tesla Inc. Common Stock,NVDA,Technology,NVIDIA Corporation Common Stock,TMUS,Telecommunications,T-Mobile US Inc. Common Stock,10.66032702911927,67.80395918781923,111.23521909486793,-9.338723442419749,45.417674726333765,227.2020748826572,37.41429587980772,0.9788489433231404,34.97575633740111,99.52986474982487,2022,-9.338723442419749,2020,227.2020748826572,300000.0,85000.0,850000.0,9453618.163664995,10303618.163664995,10003618.163664995,2016,2025,513589.5942494747,608221.439308418,529175.0084401532,642162.1118199496,2016167.7539851642,2846864.266427375,2496003.4858046505,5187438.431854995,8619727.069083206,9453618.163664995
87,PBR + PGR + TSLA + AMD,Rebalanced annually,PBR,Energy,Petroleo Brasileiro S.A. Petrobras ADS,PGR,Finance,Progressive Corporation (The) Common Stock,TSLA,Industrials,Tesla Inc. Common Stock,AMD,Technology,Advanced Micro Devices Inc. Common Stock,21.145462809978152,23.39940514205527,85.41252652283166,-8.99582155289925,34.48217626636839,214.00380722344084,55.74894337136389,30.885007550251593,24.93042367704996,108.54305824056756,2022,-8.99582155289925,2020,214.00380722344084,300000.0,85000.0,850000.0,9451100.198844872,10301100.198844872,10001100.198844872,2016,2025,540629.1747217026,590410.3185015618,687758.5899482336,986176.7367901651,3011632.4994730093,3965108.926436528,3523414.8030362185,6447852.406188905,7871611.513674807,9451100.198844872
88,MS + TSLA + NVDA + ANET,Rebalanced annually,MS,Finance,Morgan Stanley Common Stock,TSLA,Industrials,Tesla Inc. Common Stock,NVDA,Technology,NVIDIA Corporation Common Stock,ANET,Telecommunications,Arista Networks Inc. Common Stock,28.497284938709196,90.30834563947772,112.1856455161667,-35.304303701028466,79.94455259217135,236.6693877423111,32.9631331074998,-14.311627663092583,74.43494802904755,69.09656628220303,2022,-35.304303701028466,2020,236.6693877423111,300000.0,85000.0,850000.0,9429475.712792372,10279475.712792372,9979475.712792372,2016,2025,422289.6988466091,651620.816715104,473363.2716516354,544398.63696818,1747823.5579582585,3060113.281468559,1894761.594983391,3935412.121307924,7404417.702156586,9429475.712792372
89,LIN + PBR + TSLA + NVDA,Rebalanced annually,LIN,Basic Materials,Linde plc Ordinary Shares,PBR,Energy,Petroleo Brasileiro S.A. Petrobras ADS,TSLA,Industrials,Tesla Inc. Common Stock,NVDA,Technology,NVIDIA Corporation Common Stock,13.108934337066115,58.67349391736947,114.39408513190463,-15.614758008071254,57.263674999117036,215.68214056854814,41.354157431433215,1.69238604237139,41.153218945551984,92.15439494854301,2022,-15.614758008071254,2020,215.68214056854814,300000.0,85000.0,850000.0,9427146.414262494,10277146.414262494,9977146.414262494,2016,2025,491463.18484562903,608716.1053419337,534017.9317464073,669856.5479529001,2029617.4893162982,3106851.0521236216,2536723.7786633023,5353585.737588668,8409721.539693914,9427146.414262494
90,PBR + ISRG + TSLA + AMD,Rebalanced annually,PBR,Energy,Petroleo Brasileiro S.A. Petrobras ADS,ISRG,Health Care,Intuitive Surgical Inc. Common Stock,TSLA,Industrials,Tesla Inc. Common Stock,AMD,Technology,Advanced Micro Devices Inc. Common Stock,24.02745060641943,24.23094987999039,86.40749106246224,-22.23458441829795,39.71151619988443,213.23086263758174,55.32366016673369,36.344422977689035,27.69323780673807,108.84658104716158,2022,-22.23458441829795,2020,213.23086263758174,300000.0,85000.0,850000.0,9412781.612838414,10262781.612838414,9962781.612838414,2016,2025,541539.7431414848,606509.6320276547,741942.0580922108,1067411.5609452154,3258462.440241975,4467447.280065816,3389128.943236626,6232590.231959135,7657806.047290331,9412781.612838414
91,TJX + TSLA + NVDA + ANET,Rebalanced annually,TJX,Consumer Discretionary,TJX Companies Inc. (The) Common Stock,TSLA,Industrials,Tesla Inc. Common Stock,NVDA,Technology,NVIDIA Corporation Common Stock,ANET,Telecommunications,Arista Networks Inc. Common Stock,24.38765641278197,88.01646275366768,113.6257670919857,-31.03682433797855,71.48781156460845,230.21081238018962,34.483793894805046,-3.886156975332927,68.6486591335148,61.91761683763687,2022,-31.03682433797855,2020,230.21081238018962,300000.0,85000.0,850000.0,9402960.783756854,10252960.783756854,9952960.783756854,2016,2025,400752.85051291063,590864.3088293627,482902.3942770378,564425.4606326104,1778793.89883557,2965414.729357894,1960044.1689145423,4102159.391185427,7627734.98382423,9402960.783756854
92,IBN + TSLA + NVDA + ANET,Rebalanced annually,IBN,Finance,ICICI Bank Limited Common Stock,TSLA,Industrials,Tesla Inc. Common Stock,NVDA,Technology,NVIDIA Corporation Common Stock,ANET,Telecommunications,Arista Networks Inc. Common Stock,17.353521711818455,86.95688710887293,111.15556584299486,-29.902053850500735,76.67446960139132,226.76622028383136,36.54661084656952,-7.1829123191132656,78.79129663126825,59.49450376937564,2022,-29.902053850500735,2020,226.76622028383136,300000.0,85000.0,850000.0,9398218.858808216,10248218.858808216,9948218.858808216,2016,2025,393483.5113081269,618514.2718980431,489086.9340664048,582831.6325610718,1819496.8963383625,3129586.4910195787,2108775.853176908,4367797.5851361435,8080898.400387058,9398218.858808216
93,CME + TSLA + NVDA + ANET,Rebalanced annually,CME,Finance,CME Group Inc. Class A Common Stock,TSLA,Industrials,Tesla Inc. Common Stock,NVDA,Technology,NVIDIA Corporation Common Stock,ANET,Telecommunications,Arista Networks Inc. Common Stock,22.16376091801612,84.22830868162137,116.53314240619775,-38.44176455741296,75.64857679080542,225.56130463374126,27.211164497835625,-0.585447335307741,75.8694953852918,68.56090361763388,2022,-38.44176455741296,2020,225.56130463374126,300000.0,85000.0,850000.0,9396738.741169129,10246738.741169129,9946738.741169129,2016,2025,420682.7108529016,654852.5607501642,566018.7438830578,635039.0353696597,1982441.3684829895,3397130.0494525377,2006213.3141328667,4259116.73246342,7761498.720993295,9396738.741169129
94,PBR + GS + TSLA + NVDA,Rebalanced annually,PBR,Energy,Petroleo Brasileiro S.A. Petrobras ADS,GS,Finance,Goldman Sachs Group Inc. (The) Common Stock,TSLA,Industrials,Tesla Inc. Common Stock,NVDA,Technology,NVIDIA Corporation Common Stock,26.464541304050783,70.88596750492331,111.4562649107663,-16.484093522140043,60.818813399164384,213.57584584581238,41.71341528383046,-7.441827452644959,34.30102836989624,96.5083274253039,2022,-16.484093522140043,2020,213.57584584581238,300000.0,85000.0,850000.0,9394585.943259725,10244585.943259725,9944585.943259725,2016,2025,504524.9822759117,592582.2395795862,463483.2917950542,571818.0020726928,1708083.1366980716,2661919.0323090656,2138125.809539594,4436200.975945511,7495844.958207337,9394585.943259725
95,IBN + TSLA + AMD + ANET,Rebalanced annually,IBN,Finance,ICICI Bank Limited Common Stock,TSLA,Industrials,Tesla Inc. Common Stock,AMD,Technology,Advanced Micro Devices Inc. Common Stock,ANET,Telecommunications,Arista Networks Inc. Common Stock,26.949253389040017,39.62994741711816,83.29874887561354,-31.08328561331347,59.53085415857762,221.18685758446335,54.41810810705606,20.413895180379992,55.95745615141353,76.53494682634432,2022,-31.08328561331347,2020,221.18685758446335,300000.0,85000.0,850000.0,9384493.54427943,10234493.54427943,9934493.54427943,2016,2025,444604.84047903295,608394.3991371498,647591.3940603102,914998.3789720412,2853854.5403690785,4467778.52469414,2994046.1652931776,5403049.161740678,7459274.7034595525,9384493.54427943
96,PBR + BAC + TSLA + NVDA,Rebalanced annually,PBR,Energy,Petroleo Brasileiro S.A. Petrobras ADS,BAC,Finance,Bank of America Corporation Common Stock,TSLA,Industrials,Tesla Inc. Common Stock,NVDA,Technology,NVIDIA Corporation Common Stock,19.31526794350486,66.34147302102807,108.68636256424897,-20.472073682620184,61.318259138603345,206.30416835187071,43.14122047230899,-2.8096595525485553,41.288810146427934,96.11967393850203,2022,-20.472073682620184,2020,206.30416835187071,300000.0,85000.0,850000.0,9376269.354208505,10226269.354208505,9926269.354208505,2016,2025,503359.02181550616,626189.9726878273,523596.1663031025,664481.9427924816,1950335.8887188642,3061247.90303668,2349546.9767193454,4818184.122453884,7929638.4421550855,9376269.354208505
97,V + TSLA + NVDA + ANET,Rebalanced annually,V,Consumer Discretionary,Visa Inc.,TSLA,Industrials,Tesla Inc. Common Stock,NVDA,Technology,NVIDIA Corporation Common Stock,ANET,Telecommunications,Arista Networks Inc. Common Stock,20.145688162133574,85.95512688344645,115.28030966675547,-33.57087917139384,68.20241401121216,231.4283199819089,35.62637552182865,-4.49986293240463,79.5773497636323,60.42107222348109,2022,-33.57087917139384,2020,231.4283199819089,300000.0,85000.0,850000.0,9374115.89389882,10224115.89389882,9924115.89389882,2016,2025,396263.21667044325,626598.982584902,513402.8872327395,611309.7277781857,1941053.5606612216,3179898.946282763,2027378.9132537507,4279547.602571175,7873038.17439872,9374115.89389882
98,PBR + SAN + TSLA + NVDA,Rebalanced annually,PBR,Energy,Petroleo Brasileiro S.A. Petrobras ADS,SAN,Finance,Banco Santander S.A. Sponsored ADR (Spain),TSLA,Industrials,Tesla Inc. Common Stock,NVDA,Technology,NVIDIA Corporation Common Stock,52.71030706829885,61.640952107723706,119.0273117554341,-16.17198567219601,51.51635868959383,202.63028306670054,31.01554116239939,-6.187874786787233,40.15332695474001,90.73944433938962,2022,-16.17198567219601,2020,202.63028306670054,300000.0,85000.0,850000.0,9336717.676460182,10186717.676460182,9886717.676460182,2016,2025,487218.3330181689,597852.7032583883,475858.3265713366,538448.3617237745,1544507.8012526701,2255181.980134755,1805474.273425416,3869481.7655196446,6169667.1674207095,9336717.676460182
99,AXP + TSLA + NVDA + ANET,Rebalanced annually,AXP,Finance,American Express Company Common Stock,TSLA,Industrials,Tesla Inc. Common Stock,NVDA,Technology,NVIDIA Corporation Common Stock,ANET,Telecommunications,Arista Networks Inc. Common Stock,23.704419973076774,95.45557861726365,115.87095102713593,-34.84892429938021,77.50230898108,226.8618049016923,32.923977882516766,-9.276816280324208,76.8373205576905,62.22382317514104,2022,-34.84892429938021,2020,226.8618049016923,300000.0,85000.0,850000.0,9329931.153849939,10179931.153849939,9879931.153849939,2016,2025,401671.46952542313,625305.0641534586,482296.66216037876,556087.9085381785,1732638.9746879623,2990474.1863772436,1863326.100974132,3937379.77490971,7610828.421408887,9329931.153849939
100,PBR + UNH + TSLA + NVDA,Rebalanced annually,PBR,Energy,Petroleo Brasileiro S.A. Petrobras ADS,UNH,Health Care,UnitedHealth Group Incorporated Common Stock (DE),TSLA,Industrials,Tesla Inc. Common Stock,NVDA,Technology,NVIDIA Corporation Common Stock,4.021185250946254,57.275544421480404,107.67868385851635,-12.782271114295597,60.216929598861846,214.52494592347867,36.59443537402012,4.570473582168831,42.326248538573964,97.37962872440743,2022,-12.782271114295597,2020,214.52494592347867,300000.0,85000.0,850000.0,9322797.771624755,10172797.771624755,9872797.771624755,2016,2025,507138.88617322233,636791.7515706561,580896.150349623,708471.8166794867,2143320.5982942423,3348962.4540469907,2835888.9936547372,5804536.937710682,9044117.0699304,9322797.771624755
