Rank,Combo,Strategy,Stock 1,Sector 1,Name 1,Stock 1 Top100 Uses,Stock 2,Sector 2,Name 2,Stock 2 Top100 Uses,Stock 3,Sector 3,Name 3,Stock 3 Top100 Uses,Stock 4,Sector 4,Name 4,Stock 4 Top100 Uses,2025,2024,2023,2022,2021,2020,2019,2018,2017,2016,Worst Year,Worst Year %,Best Year,Best Year %,Starting Value ($),Annual Withdrawal ($),Target Withdrawals,Withdrawals Fully Funded,Full 10Y Withdrawal Goal,Depleted Year,Total Withdrawn ($),Remaining Balance ($),Net Value incl. Withdrawals ($),Net Profit incl. Withdrawals ($),Max Ticker Repeats,Distinct Tickers in Top 100,Ranking Window Start,Ranking Window End,Ranking Source,Ranking Method,2016 Balance After Withdrawal ($),2017 Balance After Withdrawal ($),2018 Balance After Withdrawal ($),2019 Balance After Withdrawal ($),2020 Balance After Withdrawal ($),2021 Balance After Withdrawal ($),2022 Balance After Withdrawal ($),2023 Balance After Withdrawal ($),2024 Balance After Withdrawal ($),2025 Balance After Withdrawal ($)
1,PBR + DHR + NVDA + ANET,Not rebalanced,PBR,Energy,Petroleo Brasileiro S.A. Petrobras ADS,5,DHR,Industrials,Danaher Corporation Common Stock,5,NVDA,Technology,NVIDIA Corporation Common Stock,5,ANET,Telecommunications,Arista Networks Inc. Common Stock,5,33.701604248048575,129.6892176711225,151.11534713271433,-34.916428876139825,97.51145666161236,61.28365199097403,40.56630876143854,-9.262761181489754,56.455655057434726,114.86710951211707,2022,-34.916428876139825,2023,151.11534713271433,300000.0,160000.0,10,10,Yes,,1600000.0,1556195.2550971769,3156195.255097177,2856195.255097177,5,82,2016,2025,annual_performance_160k_source.csv,"Rank by full withdrawals funded, then total cash delivered, then ending balance; greedily enforce max 5 Top-100 appearances per ticker.",484601.3285363512,598186.1829785795,382777.6254286043,378056.37882967445,449743.13436133054,728294.2159126564,313999.8840044735,628501.898714154,1283601.0942046908,1556195.2550971769
2,FCX + PBR + AMD + ANET,Not rebalanced,FCX,Basic Materials,Freeport-McMoRan Inc. Common Stock,5,PBR,Energy,Petroleo Brasileiro S.A. Petrobras ADS,5,AMD,Technology,Advanced Micro Devices Inc. Common Stock,5,ANET,Telecommunications,Arista Networks Inc. Common Stock,5,48.31483901661686,0.613091384293929,100.469508737591,-40.70488642327055,58.62558882517106,73.78203537303713,77.43548388424493,16.351392405115117,24.311315944010392,137.34685676037833,2022,-40.70488642327055,2016,137.34685676037833,300000.0,160000.0,10,10,Yes,,1600000.0,1293125.8190034488,2893125.819003449,2593125.819003449,5,82,2016,2025,annual_performance_160k_source.csv,"Rank by full withdrawals funded, then total cash delivered, then ending balance; greedily enforce max 5 Top-100 appearances per ticker.",552040.570281135,526248.8974612985,452297.91971278726,642537.0024407576,956613.8808664498,1357434.4013077263,644892.2699850138,1132812.365525656,979757.5405389098,1293125.8190034488
3,FCX + PBR + NVDA + ANET,Not rebalanced,FCX,Basic Materials,Freeport-McMoRan Inc. Common Stock,5,PBR,Energy,Petroleo Brasileiro S.A. Petrobras ADS,5,NVDA,Technology,NVIDIA Corporation Common Stock,5,ANET,Telecommunications,Arista Networks Inc. Common Stock,5,34.723693396212084,127.93394853085545,154.2245098911894,-33.84628083276813,101.42014058585431,69.62070202052698,37.259710951019365,-19.434815435704,60.80284216423861,120.30641370340969,2022,-33.84628083276813,2023,154.2245098911894,300000.0,160000.0,10,10,Yes,,1600000.0,1289982.551504401,2889982.551504401,2589982.551504401,5,82,2016,2025,annual_performance_160k_source.csv,"Rank by full withdrawals funded, then total cash delivered, then ending balance; greedily enforce max 5 Top-100 appearances per ticker.",500919.24111022905,645492.3766527836,360042.1245987757,334192.7795261885,406860.138734233,659498.2634262941,276282.62909980165,542378.1597434633,1076263.9554722665,1289982.551504401
4,PBR + DHR + AMD + ANET,Not rebalanced,PBR,Energy,Petroleo Brasileiro S.A. Petrobras ADS,5,DHR,Industrials,Danaher Corporation Common Stock,5,AMD,Technology,Advanced Micro Devices Inc. Common Stock,5,ANET,Telecommunications,Arista Networks Inc. Common Stock,5,45.723188218649405,1.395085948314967,97.89397747876467,-41.451059458511175,57.201978862743715,68.01125843816409,78.04231537781352,31.035117975897,19.42766283691173,131.90755256908577,2022,-41.451059458511175,2016,131.90755256908577,300000.0,160000.0,10,10,Yes,,1600000.0,1247897.0713107246,2847897.0713107246,2547897.0713107246,5,82,2016,2025,annual_performance_160k_source.csv,"Rank by full withdrawals funded, then total cash delivered, then ending balance; greedily enforce max 5 Top-100 appearances per ticker.",535722.6577072573,479801.0493875658,468707.8711145888,674498.346090472,973233.1594112054,1369941.785542816,642086.4014704736,1110650.3187201894,966144.8452515702,1247897.0713107246
5,FCX + PBR + DHR + NVDA,Not rebalanced,FCX,Basic Materials,Freeport-McMoRan Inc. Common Stock,5,PBR,Energy,Petroleo Brasileiro S.A. Petrobras ADS,5,DHR,Industrials,Danaher Corporation Common Stock,5,NVDA,Technology,NVIDIA Corporation Common Stock,5,35.58369091319869,124.56486790348946,138.08424310881296,-34.2887112963328,92.32875786892316,68.7492811895462,49.84008768201227,-16.55821596736865,42.16438839994512,132.4948544400277,2022,-34.2887112963328,2023,138.08424310881296,300000.0,160000.0,10,10,Yes,,1600000.0,1245183.9866446715,2845183.9866446713,2545183.9866446713,5,82,2016,2025,annual_performance_160k_source.csv,"Rank by full withdrawals funded, then total cash delivered, then ending balance; greedily enforce max 5 Top-100 appearances per ticker.",537484.5633200831,604111.6421881119,344081.5317905871,355572.0689326267,440025.31043460534,686295.2138677496,290973.4293440872,532761.8869016266,1036396.0275607756,1245183.9866446715
6,FCX + DHR + AMD + ANET,Not rebalanced,FCX,Basic Materials,Freeport-McMoRan Inc. Common Stock,5,DHR,Industrials,Danaher Corporation Common Stock,5,AMD,Technology,Advanced Micro Devices Inc. Common Stock,5,ANET,Telecommunications,Arista Networks Inc. Common Stock,5,50.63099648321816,0.9008503266912493,86.74213912834594,-42.86783704916714,59.78727359135634,85.8092402907932,85.07814263951488,13.168129910632032,29.442889376284565,121.83601699131819,2022,-42.86783704916714,2016,121.83601699131819,300000.0,160000.0,10,10,Yes,,1600000.0,1016537.8726638145,2616537.8726638146,2316537.8726638146,5,82,2016,2025,annual_performance_160k_source.csv,"Rank by full withdrawals funded, then total cash delivered, then ending balance; greedily enforce max 5 Top-100 appearances per ticker.",505508.0509739545,494344.2272104281,399440.11725520727,579276.349973038,916348.985069138,1304209.0598240402,585122.8452781959,932670.9178011448,781072.8868111107,1016537.8726638146
7,FCX + ISRG + DHR + AMD,Not rebalanced,FCX,Basic Materials,Freeport-McMoRan Inc. Common Stock,5,ISRG,Health Care,Intuitive Surgical Inc. Common Stock,5,DHR,Industrials,Danaher Corporation Common Stock,5,AMD,Technology,Advanced Micro Devices Inc. Common Stock,5,56.47119777292231,-9.88879640177327,78.87565555882554,-44.33381498806263,53.88812914276584,84.1190169527075,91.07596352552316,23.491698519077463,19.027223712022987,119.784818865748,2022,-44.33381498806263,2016,119.784818865748,300000.0,160000.0,10,10,Yes,,1600000.0,614764.1097551936,2214764.109755194,1914764.1097551938,5,82,2016,2025,annual_performance_160k_source.csv,"Rank by full withdrawals funded, then total cash delivered, then ending balance; greedily enforce max 5 Top-100 appearances per ticker.",499354.4565972439,434367.74616995815,376408.10756431636,559225.4183167052,869640.3427543838,1178273.2537354575,495899.769370554,727043.9633762826,495148.0660866189,614764.1097551936
8,NEM + ISRG + CAT + AMD,Not rebalanced,NEM,Basic Materials,Newmont Corporation,5,ISRG,Health Care,Intuitive Surgical Inc. Common Stock,5,CAT,Industrials,Caterpillar Inc. Common Stock,5,AMD,Technology,Advanced Micro Devices Inc. Common Stock,5,69.66193766559212,-7.869051241095493,89.85127696767701,-46.030525739755525,47.186194464337646,78.00433150629249,85.30005309333978,28.578991208655104,20.72077251596958,110.85978162459824,2022,-46.030525739755525,2016,110.85978162459824,300000.0,160000.0,10,10,Yes,,1600000.0,398772.5133554273,1998772.5133554274,1698772.5133554274,5,82,2016,2025,annual_performance_160k_source.csv,"Rank by full withdrawals funded, then total cash delivered, then ending balance; greedily enforce max 5 Top-100 appearances per ticker.",472579.3448737947,410501.435882553,367818.60515483085,521568.0706390834,768413.7574913678,970998.9673919687,364043.03777384816,531140.3559255735,329344.64915565314,398772.5133554273
9,NEM + ISRG + DE + NVDA,Not rebalanced,NEM,Basic Materials,Newmont Corporation,5,ISRG,Health Care,Intuitive Surgical Inc. Common Stock,5,DE,Industrials,Deere & Company Common Stock,5,NVDA,Technology,NVIDIA Corporation Common Stock,5,0.0,143.11747071514574,137.48775497417074,-37.72193442388275,82.02227201794861,81.02324406344516,44.10547749007756,-11.457073637917103,58.19389265124653,93.0276645238195,2022,-37.72193442388275,2024,143.11747071514574,300000.0,160000.0,10,8,No,2024,1320799.9197091958,0.0,1320799.9197091958,1020799.9197091958,5,82,2016,2025,annual_performance_160k_source.csv,"Rank by full withdrawals funded, then total cash delivered, then ending balance; greedily enforce max 5 Top-100 appearances per ticker.",419082.9935714585,502963.70097006345,285338.7793779302,251188.8104869253,294710.13346781145,376438.08080523927,74438.35481736413,16781.977695465554,0.0,0.0
10,NEM + ISRG + CAT + NVDA,Not rebalanced,NEM,Basic Materials,Newmont Corporation,5,ISRG,Health Care,Intuitive Surgical Inc. Common Stock,5,CAT,Industrials,Caterpillar Inc. Common Stock,5,NVDA,Technology,NVIDIA Corporation Common Stock,5,0.0,0.0,151.9718461352677,-40.13020124816291,82.09259366103898,76.1735070921476,44.428965385103105,-14.133641721753854,61.88350106655489,93.81933856762954,2022,-40.13020124816291,2023,151.9718461352677,300000.0,160000.0,10,7,No,2023,1277818.4399905773,0.0,1277818.4399905773,977818.4399905773,5,82,2016,2025,annual_performance_160k_source.csv,"Rank by full withdrawals funded, then total cash delivered, then ending balance; greedily enforce max 5 Top-100 appearances per ticker.",421458.0157028886,522270.9913454668,288455.08061204635,256612.68852874357,292083.5730245367,371862.5537782137,62633.362580458546,0.0,0.0,0.0
11,NEM + UNH + DE + SHOP,Not rebalanced,NEM,Basic Materials,Newmont Corporation,5,UNH,Health Care,UnitedHealth Group Incorporated Common Stock (DE),5,DE,Industrials,Deere & Company Common Stock,5,SHOP,Technology,Shopify Inc. Class A Subordinate Voting Shares,5,0.0,0.0,57.901887434748446,-58.335848620166296,22.637391745378423,136.23211939075458,98.47891134022994,15.240548410865596,59.556599962254865,58.401805882245775,2022,-58.335848620166296,2020,136.23211939075458,300000.0,160000.0,10,7,No,2023,1217777.2299627783,0.0,1217777.2299627783,917777.2299627783,5,82,2016,2025,annual_performance_160k_source.csv,"Rank by full withdrawals funded, then total cash delivered, then ending balance; greedily enforce max 5 Top-100 appearances per ticker.",315205.4176467373,342931.0472939594,235195.6195726837,306813.7052477714,564792.518488113,532646.8134468559,61922.77467435843,0.0,0.0,0.0
12,NEM + UNH + CAT + SHOP,Not rebalanced,NEM,Basic Materials,Newmont Corporation,5,UNH,Health Care,UnitedHealth Group Incorporated Common Stock (DE),5,CAT,Industrials,Caterpillar Inc. Common Stock,5,SHOP,Technology,Shopify Inc. Class A Subordinate Voting Shares,5,0.0,0.0,68.23431137019998,-60.616682444625035,21.7999569488454,133.01342465399335,98.95842430213723,11.16556044797219,64.04195101402436,59.193479926055815,2022,-60.616682444625035,2020,133.01342465399335,300000.0,160000.0,10,7,No,2023,1217476.2337627949,0.0,1217476.2337627949,917476.2337627949,5,82,2016,2025,annual_performance_160k_source.csv,"Rank by full withdrawals funded, then total cash delivered, then ending balance; greedily enforce max 5 Top-100 appearances per ticker.",317580.43977816746,360965.1494510247,241268.93140909204,320024.8642621338,585700.8959614915,553383.4391300984,57940.75713146181,0.0,0.0,0.0
13,BHP + UNH + CAT + SHOP,Not rebalanced,BHP,Energy,BHP Group Limited American Depositary Shares (Each representing two Ordinary Shares),5,UNH,Health Care,UnitedHealth Group Incorporated Common Stock (DE),5,CAT,Industrials,Caterpillar Inc. Common Stock,5,SHOP,Technology,Shopify Inc. Class A Subordinate Voting Shares,5,0.0,0.0,68.87050041101348,-58.45690855349357,21.495186724134264,131.2027700931607,97.17780339674769,14.617587741094784,73.93389245801689,47.13161473744907,2022,-58.45690855349357,2020,131.2027700931607,300000.0,160000.0,10,7,No,2023,1131391.446489432,0.0,1131391.446489432,831391.4464894319,5,82,2016,2025,annual_performance_160k_source.csv,"Rank by full withdrawals funded, then total cash delivered, then ending balance; greedily enforce max 5 Top-100 appearances per ticker.",281394.8442123472,329441.0057147081,217597.33378020057,269053.64299768873,462059.4756472197,401380.02271414525,6745.669884145667,0.0,0.0,0.0
14,RIO + UNH + CAT + SHOP,Not rebalanced,RIO,Basic Materials,Rio Tinto Plc Common Stock,5,UNH,Health Care,UnitedHealth Group Incorporated Common Stock (DE),5,CAT,Industrials,Caterpillar Inc. Common Stock,5,SHOP,Technology,Shopify Inc. Class A Subordinate Voting Shares,5,0.0,0.0,67.86142486193381,-58.56729239405918,21.25679466872812,132.1023112233035,100.2639220218494,11.945606184349433,76.72056961489928,46.48059061335874,2022,-58.56729239405918,2020,132.1023112233035,300000.0,160000.0,10,7,No,2023,1129757.9853077761,0.0,1129757.9853077761,829757.9853077761,5,82,2016,2025,annual_performance_160k_source.csv,"Rank by full withdrawals funded, then total cash delivered, then ending balance; greedily enforce max 5 Top-100 appearances per ticker.",279441.77184007625,333831.09093775006,213709.2383820911,267982.5025069991,461993.5819927922,400198.6090997022,5813.119551321666,0.0,0.0,0.0
15,BHP + UNH + DE + SHOP,Not rebalanced,BHP,Energy,BHP Group Limited American Depositary Shares (Each representing two Ordinary Shares),5,UNH,Health Care,UnitedHealth Group Incorporated Common Stock (DE),5,DE,Industrials,Deere & Company Common Stock,5,SHOP,Technology,Shopify Inc. Class A Subordinate Voting Shares,5,0.0,0.0,58.909227662120365,-56.20223359595512,22.342406261437397,134.41871220367943,96.70899984194814,18.895926736878454,69.13235632234887,46.339940693639,2022,-56.20223359595512,2020,134.41871220367943,300000.0,160000.0,10,7,No,2023,1126670.046884496,0.0,1126670.046884496,826670.046884496,5,82,2016,2025,annual_performance_160k_source.csv,"Rank by full withdrawals funded, then total cash delivered, then ending balance; greedily enforce max 5 Top-100 appearances per ticker.",279019.822080917,311912.7996918804,210851.61380460463,254764.1006656448,437214.7239376899,374899.01379467046,4197.394312857767,0.0,0.0,0.0
16,BHP + ISRG + DE + MU,Not rebalanced,BHP,Energy,BHP Group Limited American Depositary Shares (Each representing two Ordinary Shares),5,ISRG,Health Care,Intuitive Surgical Inc. Common Stock,5,DE,Industrials,Deere & Company Common Stock,5,MU,Technology,Micron Technology Inc. Common Stock,5,0.0,0.0,0.0,0.0,0.0,0.0,33.88833107821638,1.1279711786706281,62.38198775351531,37.92631144250158,2025,0.0,2017,62.38198775351531,300000.0,160000.0,10,3,No,2019,607106.6126663534,0.0,607106.6126663534,307106.61266635335,5,82,2016,2025,annual_performance_160k_source.csv,"Rank by full withdrawals funded, then total cash delivered, then ending balance; greedily enforce max 5 Top-100 appearances per ticker.",253778.93432750477,252091.27806069044,94934.79502115748,0.0,0.0,0.0,0.0,0.0,0.0,0.0
17,RIO + BHP + DE + MU,Not rebalanced,RIO,Basic Materials,Rio Tinto Plc Common Stock,5,BHP,Energy,BHP Group Limited American Depositary Shares (Each representing two Ordinary Shares),5,DE,Industrials,Deere & Company Common Stock,5,MU,Technology,Micron Technology Inc. Common Stock,5,0.0,0.0,0.0,0.0,0.0,0.0,38.01533390121432,-6.510355095027698,56.06326683794438,43.709075845957,2018,-6.510355095027698,2017,56.06326683794438,300000.0,160000.0,10,3,No,2019,598692.2357635015,0.0,598692.2357635015,298692.2357635015,5,82,2016,2025,annual_performance_160k_source.csv,"Rank by full withdrawals funded, then total cash delivered, then ending balance; greedily enforce max 5 Top-100 appearances per ticker.",271127.227537871,263130.00858274824,85999.31066243447,0.0,0.0,0.0,0.0,0.0,0.0,0.0
18,RIO + BHP + CME + MU,Not rebalanced,RIO,Basic Materials,Rio Tinto Plc Common Stock,5,BHP,Energy,BHP Group Limited American Depositary Shares (Each representing two Ordinary Shares),5,CME,Finance,CME Group Inc. Class A Common Stock,5,MU,Technology,Micron Technology Inc. Common Stock,5,0.0,0.0,0.0,0.0,0.0,0.0,35.09774135434769,0.558894014319411,50.78943458352978,42.456905064519354,2025,0.0,2017,50.78943458352978,300000.0,160000.0,10,3,No,2019,594192.4930200145,0.0,594192.4930200145,294192.4930200145,5,82,2016,2025,annual_performance_160k_source.csv,"Rank by full withdrawals funded, then total cash delivered, then ending balance; greedily enforce max 5 Top-100 appearances per ticker.",267370.7151935581,243166.789682306,84525.83431465307,0.0,0.0,0.0,0.0,0.0,0.0,0.0
19,RIO + CME + BA + MU,Not rebalanced,RIO,Basic Materials,Rio Tinto Plc Common Stock,5,CME,Finance,CME Group Inc. Class A Common Stock,5,BA,Industrials,Boeing Company (The) Common Stock,5,MU,Technology,Micron Technology Inc. Common Stock,5,0.0,0.0,0.0,0.0,0.0,0.0,29.013258704483814,1.0936031386894918,64.30530492009319,34.82173391179104,2025,0.0,2017,64.30530492009319,300000.0,160000.0,10,3,No,2019,588773.914295047,0.0,588773.914295047,288773.91429504706,5,82,2016,2025,annual_performance_160k_source.csv,"Rank by full withdrawals funded, then total cash delivered, then ending balance; greedily enforce max 5 Top-100 appearances per ticker.",244465.20173537312,241669.29513482575,84312.19813166899,0.0,0.0,0.0,0.0,0.0,0.0,0.0
20,RIO + CME + PH + MU,Not rebalanced,RIO,Basic Materials,Rio Tinto Plc Common Stock,5,CME,Finance,CME Group Inc. Class A Common Stock,5,PH,Industrials,Parker-Hannifin Corporation Common Stock,5,MU,Technology,Micron Technology Inc. Common Stock,5,0.0,0.0,0.0,0.0,0.0,0.0,38.94749938554529,-7.535521519848132,53.45227213384327,43.887871206963936,2018,-7.535521519848132,2017,53.45227213384327,300000.0,160000.0,10,3,No,2019,587708.2013270992,0.0,587708.2013270992,287708.20132709923,5,82,2016,2025,annual_performance_160k_source.csv,"Rank by full withdrawals funded, then total cash delivered, then ending balance; greedily enforce max 5 Top-100 appearances per ticker.",271663.6136208918,256873.98766216345,77517.19304298912,0.0,0.0,0.0,0.0,0.0,0.0,0.0
21,AEM + CME + BA + AMAT,Not rebalanced,AEM,Basic Materials,Agnico Eagle Mines Limited Common Stock,5,CME,Finance,CME Group Inc. Class A Common Stock,5,BA,Industrials,Boeing Company (The) Common Stock,5,AMAT,Technology,Applied Materials Inc. Common Stock,5,0.0,0.0,0.0,0.0,0.0,0.0,34.36454957997752,-4.307914897520737,46.6273488554501,45.594867348245,2018,-4.307914897520737,2017,46.6273488554501,300000.0,160000.0,10,3,No,2019,581111.0207836215,0.0,581111.0207836215,281111.02078362147,5,82,2016,2025,annual_performance_160k_source.csv,"Rank by full withdrawals funded, then total cash delivered, then ending balance; greedily enforce max 5 Top-100 appearances per ticker.",276784.602044735,245841.92401830282,75251.26314916674,0.0,0.0,0.0,0.0,0.0,0.0,0.0
22,AEM + CME + PH + AMAT,Not rebalanced,AEM,Basic Materials,Agnico Eagle Mines Limited Common Stock,5,CME,Finance,CME Group Inc. Class A Common Stock,5,PH,Industrials,Parker-Hannifin Corporation Common Stock,5,AMAT,Technology,Applied Materials Inc. Common Stock,5,0.0,0.0,0.0,0.0,0.0,0.0,45.930873419035834,-13.281296881219673,37.56657099354683,54.6610046434179,2018,-13.281296881219673,2016,54.6610046434179,300000.0,160000.0,10,3,No,2019,573234.4879207052,0.0,573234.4879207052,273234.4879207052,5,82,2016,2025,annual_performance_160k_source.csv,"Rank by full withdrawals funded, then total cash delivered, then ending balance; greedily enforce max 5 Top-100 appearances per ticker.",303983.0139302537,258179.0086666859,63889.48804067349,0.0,0.0,0.0,0.0,0.0,0.0,0.0
23,AEM + NFLX + BA + AMAT,Not rebalanced,AEM,Basic Materials,Agnico Eagle Mines Limited Common Stock,5,NFLX,Consumer Discretionary,Netflix Inc. Common Stock,5,BA,Industrials,Boeing Company (The) Common Stock,5,AMAT,Technology,Applied Materials Inc. Common Stock,5,0.0,0.0,0.0,0.0,0.0,0.0,37.58582119729827,-3.2659686328151194,51.70232950789189,39.171167208358405,2018,-3.2659686328151194,2017,51.70232950789189,300000.0,160000.0,10,3,No,2019,566845.4004953005,0.0,566845.4004953005,266845.40049530054,5,82,2016,2025,annual_performance_160k_source.csv,"Rank by full withdrawals funded, then total cash delivered, then ending balance; greedily enforce max 5 Top-100 appearances per ticker.",257513.50162507524,230653.98076258216,63120.894100536825,0.0,0.0,0.0,0.0,0.0,0.0,0.0
24,AEM + AMZN + BA + AMAT,Not rebalanced,AEM,Basic Materials,Agnico Eagle Mines Limited Common Stock,5,AMZN,Consumer Discretionary,Amazon.com Inc. Common Stock,5,BA,Industrials,Boeing Company (The) Common Stock,5,AMAT,Technology,Applied Materials Inc. Common Stock,5,0.0,0.0,0.0,0.0,0.0,0.0,38.420758598968895,-5.245325620008323,51.897042959277286,39.84863303597101,2018,-5.245325620008323,2017,51.897042959277286,300000.0,160000.0,10,3,No,2019,565759.6351964925,0.0,565759.6351964925,265759.63519649254,5,82,2016,2025,annual_performance_160k_source.csv,"Rank by full withdrawals funded, then total cash delivered, then ending balance; greedily enforce max 5 Top-100 appearances per ticker.",259545.89910791302,234242.54586698912,61955.761595668155,0.0,0.0,0.0,0.0,0.0,0.0,0.0
25,AEM + SONY + BA + AMAT,Not rebalanced,AEM,Basic Materials,Agnico Eagle Mines Limited Common Stock,5,SONY,Consumer Staples,Sony Group Corporation American Depositary Shares,5,BA,Industrials,Boeing Company (The) Common Stock,5,AMAT,Technology,Applied Materials Inc. Common Stock,5,0.0,0.0,0.0,0.0,0.0,0.0,43.67697359218725,-9.175726207192225,53.01205323012768,40.7627530165801,2018,-9.175726207192225,2017,53.01205323012768,300000.0,160000.0,10,3,No,2019,565040.4284013315,0.0,565040.4284013315,265040.42840133153,5,82,2016,2025,annual_performance_160k_source.csv,"Rank by full withdrawals funded, then total cash delivered, then ending balance; greedily enforce max 5 Top-100 appearances per ticker.",262288.25904974027,241332.65055356384,59188.62729020885,0.0,0.0,0.0,0.0,0.0,0.0,0.0
26,NFLX + SONY + PH + MRVL,Not rebalanced,NFLX,Consumer Discretionary,Netflix Inc. Common Stock,5,SONY,Consumer Staples,Sony Group Corporation American Depositary Shares,5,PH,Industrials,Parker-Hannifin Corporation Common Stock,5,MRVL,Technology,Marvell Technology Inc. Common Stock,5,0.0,0.0,0.0,0.0,0.0,0.0,41.241222254413486,-3.65551934168008,54.13949993952092,32.736583902017834,2018,-3.65551934168008,2017,54.13949993952092,300000.0,160000.0,10,3,No,2019,535934.3293316693,0.0,535934.3293316693,235934.32933166926,5,82,2016,2025,annual_performance_160k_source.csv,"Rank by full withdrawals funded, then total cash delivered, then ending balance; greedily enforce max 5 Top-100 appearances per ticker.",238209.7517060535,207175.3200868853,39601.98618992156,0.0,0.0,0.0,0.0,0.0,0.0,0.0
27,NFLX + PGR + PH + MRVL,Not rebalanced,NFLX,Consumer Discretionary,Netflix Inc. Common Stock,5,PGR,Finance,Progressive Corporation (The) Common Stock,5,PH,Industrials,Parker-Hannifin Corporation Common Stock,5,MRVL,Technology,Marvell Technology Inc. Common Stock,5,0.0,0.0,0.0,0.0,0.0,0.0,36.9475929349518,-3.318565187126077,54.204513003508524,32.81112929396952,2018,-3.318565187126077,2017,54.204513003508524,300000.0,160000.0,10,3,No,2019,535851.628371544,0.0,535851.628371544,235851.62837154395,5,82,2016,2025,annual_performance_160k_source.csv,"Rank by full withdrawals funded, then total cash delivered, then ending balance; greedily enforce max 5 Top-100 appearances per ticker.",238433.38788190857,207675.0446210635,40783.21288792035,0.0,0.0,0.0,0.0,0.0,0.0,0.0
28,AMZN + SONY + PH + MRVL,Not rebalanced,AMZN,Consumer Discretionary,Amazon.com Inc. Common Stock,5,SONY,Consumer Staples,Sony Group Corporation American Depositary Shares,5,PH,Industrials,Parker-Hannifin Corporation Common Stock,5,MRVL,Technology,Marvell Technology Inc. Common Stock,5,0.0,0.0,0.0,0.0,0.0,0.0,42.16221386694903,-5.695156393675704,54.33122869956011,33.41404972963042,2018,-5.695156393675704,2017,54.33122869956011,300000.0,160000.0,10,3,No,2019,535109.2615915627,0.0,535109.2615915627,235109.26159156265,5,82,2016,2025,annual_performance_160k_source.csv,"Rank by full withdrawals funded, then total cash delivered, then ending balance; greedily enforce max 5 Top-100 appearances per ticker.",240242.1491888913,210768.6606974461,38765.05584187087,0.0,0.0,0.0,0.0,0.0,0.0,0.0
29,NFLX + PGR + UNP + MRVL,Not rebalanced,NFLX,Consumer Discretionary,Netflix Inc. Common Stock,5,PGR,Finance,Progressive Corporation (The) Common Stock,5,UNP,Industrials,Union Pacific Corporation Common Stock,5,MRVL,Technology,Marvell Technology Inc. Common Stock,5,0.0,0.0,0.0,0.0,0.0,0.0,35.44133035384669,4.278430234468389,51.11128140850918,29.91248728555056,2025,0.0,2017,51.11128140850918,300000.0,160000.0,10,3,No,2019,527630.2453036368,0.0,527630.2453036368,227630.24530363677,5,82,2016,2025,annual_performance_160k_source.csv,"Rank by full withdrawals funded, then total cash delivered, then ending balance; greedily enforce max 5 Top-100 appearances per ticker.",229737.4618566517,187159.22248697135,35166.69924844988,0.0,0.0,0.0,0.0,0.0,0.0,0.0
30,NFLX + SONY + UNP + MRVL,Not rebalanced,NFLX,Consumer Discretionary,Netflix Inc. Common Stock,5,SONY,Consumer Staples,Sony Group Corporation American Depositary Shares,5,UNP,Industrials,Union Pacific Corporation Common Stock,5,MRVL,Technology,Marvell Technology Inc. Common Stock,5,0.0,0.0,0.0,0.0,0.0,0.0,39.58713982345883,3.934687611165666,51.04304096927277,29.837941893598916,2025,0.0,2017,51.04304096927277,300000.0,160000.0,10,3,No,2019,527472.6553104973,0.0,527472.6553104973,227472.65531049727,5,82,2016,2025,annual_performance_160k_source.csv,"Rank by full withdrawals funded, then total cash delivered, then ending balance; greedily enforce max 5 Top-100 appearances per ticker.",229513.82568079676,186664.66175319115,34009.33307361824,0.0,0.0,0.0,0.0,0.0,0.0,0.0
31,AMZN + UNP + LRCX + TMUS,Not rebalanced,AMZN,Consumer Discretionary,Amazon.com Inc. Common Stock,5,UNP,Industrials,Union Pacific Corporation Common Stock,5,LRCX,Technology,Lam Research Corporation Common Stock,5,TMUS,Telecommunications,T-Mobile US Inc. Common Stock,5,0.0,0.0,0.0,0.0,0.0,0.0,48.75405562787856,0.10556442790929932,42.40246090524569,32.278074018333754,2025,0.0,2019,48.75405562787856,300000.0,160000.0,10,3,No,2019,505949.96889864595,0.0,505949.96889864595,205949.96889864595,5,82,2016,2025,annual_performance_160k_source.csv,"Rank by full withdrawals funded, then total cash delivered, then ending balance; greedily enforce max 5 Top-100 appearances per ticker.",236834.2220550013,177257.76047211606,17444.88161288327,0.0,0.0,0.0,0.0,0.0,0.0,0.0
32,PGR + UNP + LRCX + TMUS,Not rebalanced,PGR,Finance,Progressive Corporation (The) Common Stock,5,UNP,Industrials,Union Pacific Corporation Common Stock,5,LRCX,Technology,Lam Research Corporation Common Stock,5,TMUS,Telecommunications,T-Mobile US Inc. Common Stock,5,0.0,0.0,0.0,0.0,0.0,0.0,50.00517699225946,-4.0407120540667085,43.7166710671548,33.26673939089453,2018,-4.0407120540667085,2019,50.00517699225946,300000.0,160000.0,10,3,No,2019,505759.4999588837,0.0,505759.4999588837,205759.49995888368,5,82,2016,2025,annual_performance_160k_source.csv,"Rank by full withdrawals funded, then total cash delivered, then ending balance; greedily enforce max 5 Top-100 appearances per ticker.",239800.2181726836,184632.89076955535,17172.407296458114,0.0,0.0,0.0,0.0,0.0,0.0,0.0
33,SONY + UNP + LRCX + TMUS,Not rebalanced,SONY,Consumer Staples,Sony Group Corporation American Depositary Shares,5,UNP,Industrials,Union Pacific Corporation Common Stock,5,LRCX,Technology,Lam Research Corporation Common Stock,5,TMUS,Telecommunications,T-Mobile US Inc. Common Stock,5,0.0,0.0,0.0,0.0,0.0,0.0,54.6956514139199,-4.401803841159236,43.646010527463815,33.192193998942884,2018,-4.401803841159236,2019,54.6956514139199,300000.0,160000.0,10,3,No,2019,504807.959446498,0.0,504807.959446498,204807.95944649802,5,82,2016,2025,annual_performance_160k_source.csv,"Rank by full withdrawals funded, then total cash delivered, then ending balance; greedily enforce max 5 Top-100 appearances per ticker.",239576.58199682867,184142.20219650253,16036.62366702166,0.0,0.0,0.0,0.0,0.0,0.0,0.0
34,AMZN + GLW + LRCX + TMUS,Not rebalanced,AMZN,Consumer Discretionary,Amazon.com Inc. Common Stock,5,GLW,Industrials,Corning Incorporated Common Stock,5,LRCX,Technology,Lam Research Corporation Common Stock,5,TMUS,Telecommunications,T-Mobile US Inc. Common Stock,5,0.0,0.0,0.0,0.0,0.0,0.0,40.698728404488584,-1.941200591091441,42.99777056041263,32.34147418917297,2018,-1.941200591091441,2017,42.99777056041263,300000.0,160000.0,10,3,No,2019,501760.5534219189,0.0,501760.5534219189,201760.55342191888,5,82,2016,2025,annual_performance_160k_source.csv,"Rank by full withdrawals funded, then total cash delivered, then ending balance; greedily enforce max 5 Top-100 appearances per ticker.",237024.4225675189,178939.63995524356,15466.062606735446,0.0,0.0,0.0,0.0,0.0,0.0,0.0
35,PGR + GLW + LRCX + TMUS,Not rebalanced,PGR,Finance,Progressive Corporation (The) Common Stock,5,GLW,Industrials,Corning Incorporated Common Stock,5,LRCX,Technology,Lam Research Corporation Common Stock,5,TMUS,Telecommunications,T-Mobile US Inc. Common Stock,5,0.0,0.0,0.0,0.0,0.0,0.0,41.75765858756486,-6.03494574893414,44.306941477684234,33.33013956173374,2018,-6.03494574893414,2017,44.306941477684234,300000.0,160000.0,10,3,No,2019,501374.7175467061,0.0,501374.7175467061,201374.7175467061,5,82,2016,2025,annual_performance_160k_source.csv,"Rank by full withdrawals funded, then total cash delivered, then ending balance; greedily enforce max 5 Top-100 appearances per ticker.",239990.4186852012,186322.83304410265,15078.35115201393,0.0,0.0,0.0,0.0,0.0,0.0,0.0
36,EQNR + PGR + GLW + TXN,Not rebalanced,EQNR,Energy,Equinor ASA,5,PGR,Finance,Progressive Corporation (The) Common Stock,5,GLW,Industrials,Corning Incorporated Common Stock,5,TXN,Technology,Texas Instruments Incorporated Common Stock,5,0.0,0.0,0.0,0.0,0.0,0.0,16.394932958035824,0.17661699590698632,40.25007328150565,31.54650294989898,2025,0.0,2017,40.25007328150565,300000.0,160000.0,10,3,No,2019,490918.67205231456,0.0,490918.67205231456,190918.67205231456,5,82,2016,2025,annual_performance_160k_source.csv,"Rank by full withdrawals funded, then total cash delivered, then ending balance; greedily enforce max 5 Top-100 appearances per ticker.",234639.50884969695,169082.0831090649,9380.710804869072,0.0,0.0,0.0,0.0,0.0,0.0,0.0
37,AMZN + EQNR + GLW + TXN,Not rebalanced,AMZN,Consumer Discretionary,Amazon.com Inc. Common Stock,5,EQNR,Energy,Equinor ASA,5,GLW,Industrials,Corning Incorporated Common Stock,5,TXN,Technology,Texas Instruments Incorporated Common Stock,5,0.0,0.0,0.0,0.0,0.0,0.0,15.99772887137254,4.5571687928271265,38.89229578186744,30.55783757733821,2025,0.0,2017,38.89229578186744,300000.0,160000.0,10,3,No,2019,490612.7436195253,0.0,490612.7436195253,190612.74361952528,5,82,2016,2025,annual_performance_160k_source.csv,"Rank by full withdrawals funded, then total cash delivered, then ending balance; greedily enforce max 5 Top-100 appearances per ticker.",231673.51273201464,161776.66055199213,9149.096040745382,0.0,0.0,0.0,0.0,0.0,0.0,0.0
38,EQNR + SYK + GLW + TXN,Not rebalanced,EQNR,Energy,Equinor ASA,5,SYK,Health Care,Stryker Corporation Common Stock,5,GLW,Industrials,Corning Incorporated Common Stock,5,TXN,Technology,Texas Instruments Incorporated Common Stock,5,0.0,0.0,0.0,0.0,0.0,0.0,18.56150606379774,-1.6557420769598319,33.456905813233796,35.493576786067216,2018,-1.6557420769598319,2016,35.493576786067216,300000.0,160000.0,10,3,No,2019,487289.4619478673,0.0,487289.4619478673,187289.4619478673,5,82,2016,2025,annual_performance_160k_source.csv,"Rank by full withdrawals funded, then total cash delivered, then ending balance; greedily enforce max 5 Top-100 appearances per ticker.",246480.73035820166,168945.55616191588,6148.253501389263,0.0,0.0,0.0,0.0,0.0,0.0,0.0
39,EQNR + BAC + SYK + TXN,Not rebalanced,EQNR,Energy,Equinor ASA,5,BAC,Finance,Bank of America Corporation Common Stock,5,SYK,Health Care,Stryker Corporation Common Stock,5,TXN,Technology,Texas Instruments Incorporated Common Stock,5,0.0,0.0,0.0,0.0,0.0,0.0,0.0,-4.5905146388618085,33.710919860145985,34.77759990196583,2018,-4.5905146388618085,2016,34.77759990196583,300000.0,160000.0,10,2,No,2018,479047.2629047922,0.0,479047.2629047922,179047.2629047922,5,82,2016,2025,annual_performance_160k_source.csv,"Rank by full withdrawals funded, then total cash delivered, then ending balance; greedily enforce max 5 Top-100 appearances per ticker.",244332.79970589746,166699.63400680356,0.0,0.0,0.0,0.0,0.0,0.0,0.0,0.0
40,BABA + EQNR + SYK + TXN,Not rebalanced,BABA,Consumer Discretionary,Alibaba Group Holding Limited American Depositary Shares each representing eight Ordinary share,5,EQNR,Energy,Equinor ASA,5,SYK,Health Care,Stryker Corporation Common Stock,5,TXN,Technology,Texas Instruments Incorporated Common Stock,5,0.0,0.0,0.0,0.0,0.0,0.0,0.0,-6.576890012971348,46.37473311982987,28.447294160502267,2018,-6.576890012971348,2017,46.37473311982987,300000.0,160000.0,10,2,No,2018,478673.1536986954,0.0,478673.1536986954,178673.15369869542,5,82,2016,2025,annual_performance_160k_source.csv,"Rank by full withdrawals funded, then total cash delivered, then ending balance; greedily enforce max 5 Top-100 appearances per ticker.",225341.8824815068,169843.57908950624,0.0,0.0,0.0,0.0,0.0,0.0,0.0,0.0
41,CNQ + BAC + SYK + ADBE,Not rebalanced,CNQ,Energy,Canadian Natural Resources Limited Common Stock,5,BAC,Finance,Bank of America Corporation Common Stock,5,SYK,Health Care,Stryker Corporation Common Stock,5,ADBE,Technology,Adobe Inc. Common Stock,5,0.0,0.0,0.0,0.0,0.0,0.0,0.0,-3.1326553753619146,35.73435202758341,31.30436763002833,2018,-3.1326553753619146,2017,35.73435202758341,300000.0,160000.0,10,2,No,2018,472566.4886874041,0.0,472566.4886874041,172566.48868740408,5,82,2016,2025,annual_performance_160k_source.csv,"Rank by full withdrawals funded, then total cash delivered, then ending balance; greedily enforce max 5 Top-100 appearances per ticker.",233913.10289008496,157500.43451547134,0.0,0.0,0.0,0.0,0.0,0.0,0.0,0.0
42,CNQ + JPM + SYK + ADBE,Not rebalanced,CNQ,Energy,Canadian Natural Resources Limited Common Stock,5,JPM,Finance,JP Morgan Chase & Co. Common Stock,5,SYK,Health Care,Stryker Corporation Common Stock,5,ADBE,Technology,Adobe Inc. Common Stock,5,0.0,0.0,0.0,0.0,0.0,0.0,0.0,-0.9239848880488566,33.452773469142414,31.596352727426247,2018,-0.9239848880488566,2017,33.452773469142414,300000.0,160000.0,10,2,No,2018,471915.7407259593,0.0,471915.7407259593,171915.7407259593,5,82,2016,2025,annual_performance_160k_source.csv,"Rank by full withdrawals funded, then total cash delivered, then ending balance; greedily enforce max 5 Top-100 appearances per ticker.",234789.05818227876,153332.5099463294,0.0,0.0,0.0,0.0,0.0,0.0,0.0,0.0
43,BABA + CNQ + BAC + ADBE,Not rebalanced,BABA,Consumer Discretionary,Alibaba Group Holding Limited American Depositary Shares each representing eight Ordinary share,5,CNQ,Energy,Canadian Natural Resources Limited Common Stock,5,BAC,Finance,Bank of America Corporation Common Stock,5,ADBE,Technology,Adobe Inc. Common Stock,5,0.0,0.0,0.0,0.0,0.0,0.0,0.0,-9.283556803087766,50.042948430844916,25.644046807299723,2018,-9.283556803087766,2017,50.042948430844916,300000.0,160000.0,10,2,No,2018,470127.8933553421,0.0,470127.8933553421,170127.8933553421,5,82,2016,2025,annual_performance_160k_source.csv,"Rank by full withdrawals funded, then total cash delivered, then ending balance; greedily enforce max 5 Top-100 appearances per ticker.",216932.14042189915,165491.37958315818,0.0,0.0,0.0,0.0,0.0,0.0,0.0,0.0
44,BABA + CNQ + BNS + ADBE,Not rebalanced,BABA,Consumer Discretionary,Alibaba Group Holding Limited American Depositary Shares each representing eight Ordinary share,5,CNQ,Energy,Canadian Natural Resources Limited Common Stock,5,BNS,Finance,Bank Nova Scotia Halifax Pfd 3 Ordinary Shares,5,ADBE,Technology,Adobe Inc. Common Stock,5,0.0,0.0,0.0,0.0,0.0,0.0,0.0,-10.191807425177235,45.49242501455251,28.234502777278703,2018,-10.191807425177235,2017,45.49242501455251,300000.0,160000.0,10,2,No,2018,469913.7474468006,0.0,469913.7474468006,169913.74744680058,5,82,2016,2025,annual_performance_160k_source.csv,"Rank by full withdrawals funded, then total cash delivered, then ending balance; greedily enforce max 5 Top-100 appearances per ticker.",224703.50833183608,166926.58336476545,0.0,0.0,0.0,0.0,0.0,0.0,0.0,0.0
45,BABA + CNQ + JPM + ADBE,Not rebalanced,BABA,Consumer Discretionary,Alibaba Group Holding Limited American Depositary Shares each representing eight Ordinary share,5,CNQ,Energy,Canadian Natural Resources Limited Common Stock,5,JPM,Finance,JP Morgan Chase & Co. Common Stock,5,ADBE,Technology,Adobe Inc. Common Stock,5,0.0,0.0,0.0,0.0,0.0,0.0,0.0,-7.283414119696685,47.625647289446825,25.93603190469762,2018,-7.283414119696685,2017,47.625647289446825,300000.0,160000.0,10,2,No,2018,469774.939465441,0.0,469774.939465441,169774.93946544098,5,82,2016,2025,annual_performance_160k_source.csv,"Rank by full withdrawals funded, then total cash delivered, then ending balance; greedily enforce max 5 Top-100 appearances per ticker.",217808.09571409284,161540.61114674748,0.0,0.0,0.0,0.0,0.0,0.0,0.0,0.0
46,BABA + SHEL + BAC + ASML,Not rebalanced,BABA,Consumer Discretionary,Alibaba Group Holding Limited American Depositary Shares each representing eight Ordinary share,5,SHEL,Energy,Shell PLC American Depositary Shares (each representing two (2) Ordinary Shares),5,BAC,Finance,Bank of America Corporation Common Stock,5,ASML,Technology,ASML Holding N.V. New York Registry Shares,5,0.0,0.0,0.0,0.0,0.0,0.0,0.0,-13.4822813692835,52.999890007983396,24.39297807802967,2018,-13.4822813692835,2017,52.999890007983396,300000.0,160000.0,10,2,No,2018,463760.8995902046,0.0,463760.8995902046,163760.8995902046,5,82,2016,2025,annual_performance_160k_source.csv,"Rank by full withdrawals funded, then total cash delivered, then ending balance; greedily enforce max 5 Top-100 appearances per ticker.",213178.93423408899,166163.5348983474,0.0,0.0,0.0,0.0,0.0,0.0,0.0,0.0
47,SHEL + BAC + ASML + NEE,Not rebalanced,SHEL,Energy,Shell PLC American Depositary Shares (each representing two (2) Ordinary Shares),5,BAC,Finance,Bank of America Corporation Common Stock,5,ASML,Technology,ASML Holding N.V. New York Registry Shares,5,NEE,Utilities,NextEra Energy Inc. Common Stock,5,0.0,0.0,0.0,0.0,0.0,0.0,0.0,-5.133949854557541,39.43770290555106,26.98862691095738,2018,-5.133949854557541,2017,39.43770290555106,300000.0,160000.0,10,2,No,2018,460505.86809155776,0.0,460505.86809155776,160505.86809155776,5,82,2016,2025,annual_performance_160k_source.csv,"Rank by full withdrawals funded, then total cash delivered, then ending balance; greedily enforce max 5 Top-100 appearances per ticker.",220965.88073287217,148109.74829893658,0.0,0.0,0.0,0.0,0.0,0.0,0.0,0.0
48,SHEL + BNS + ASML + NEE,Not rebalanced,SHEL,Energy,Shell PLC American Depositary Shares (each representing two (2) Ordinary Shares),5,BNS,Finance,Bank Nova Scotia Halifax Pfd 3 Ordinary Shares,5,ASML,Technology,ASML Holding N.V. New York Registry Shares,5,NEE,Utilities,NextEra Energy Inc. Common Stock,5,0.0,0.0,0.0,0.0,0.0,0.0,0.0,-6.055412921391401,35.146410872009895,29.579082880936358,2018,-6.055412921391401,2017,35.146410872009895,300000.0,160000.0,10,2,No,2018,460099.7335656038,0.0,460099.7335656038,160099.7335656038,5,82,2016,2025,annual_performance_160k_source.csv,"Rank by full withdrawals funded, then total cash delivered, then ending balance; greedily enforce max 5 Top-100 appearances per ticker.",228737.2486428091,149130.18186814175,0.0,0.0,0.0,0.0,0.0,0.0,0.0,0.0
49,SHEL + JPM + ASML + NEE,Not rebalanced,SHEL,Energy,Shell PLC American Depositary Shares (each representing two (2) Ordinary Shares),5,JPM,Finance,JP Morgan Chase & Co. Common Stock,5,ASML,Technology,ASML Holding N.V. New York Registry Shares,5,NEE,Utilities,NextEra Energy Inc. Common Stock,5,0.0,0.0,0.0,0.0,0.0,0.0,0.0,-2.9405514128013843,37.07026661447668,27.280612008355277,2018,-2.9405514128013843,2017,37.07026661447668,300000.0,160000.0,10,2,No,2018,459842.47326547746,0.0,459842.47326547746,159842.47326547746,5,82,2016,2025,annual_performance_160k_source.csv,"Rank by full withdrawals funded, then total cash delivered, then ending balance; greedily enforce max 5 Top-100 appearances per ticker.",221841.83602506586,144079.196102008,0.0,0.0,0.0,0.0,0.0,0.0,0.0,0.0
50,MA + SHEL + BNS + ASML,Not rebalanced,MA,Consumer Discretionary,Mastercard Incorporated Common Stock,5,SHEL,Energy,Shell PLC American Depositary Shares (each representing two (2) Ordinary Shares),5,BNS,Finance,Bank Nova Scotia Halifax Pfd 3 Ordinary Shares,5,ASML,Technology,ASML Holding N.V. New York Registry Shares,5,0.0,0.0,0.0,0.0,0.0,0.0,0.0,-3.6066828767731374,37.96688382355384,26.698403852087417,2018,-3.6066828767731374,2017,37.96688382355384,300000.0,160000.0,10,2,No,2018,458477.1981343363,0.0,458477.1981343363,158477.19813433627,5,82,2016,2025,annual_performance_160k_source.csv,"Rank by full withdrawals funded, then total cash delivered, then ending balance; greedily enforce max 5 Top-100 appearances per ticker.",220095.21155626222,143658.5048290334,0.0,0.0,0.0,0.0,0.0,0.0,0.0,0.0
51,BNS + ABBV + TSM + NEE,Not rebalanced,BNS,Finance,Bank Nova Scotia Halifax Pfd 3 Ordinary Shares,5,ABBV,Health Care,AbbVie Inc. Common Stock,5,TSM,Technology,Taiwan Semiconductor Manufacturing Company Ltd.,5,NEE,Utilities,NextEra Energy Inc. Common Stock,5,0.0,0.0,0.0,0.0,0.0,0.0,0.0,-2.684684885311095,38.11238625531858,25.767265662758643,2018,-2.684684885311095,2017,38.11238625531858,300000.0,160000.0,10,2,No,2018,456358.8980173771,0.0,456358.8980173771,156358.89801737713,5,82,2016,2025,annual_performance_160k_source.csv,"Rank by full withdrawals funded, then total cash delivered, then ending balance; greedily enforce max 5 Top-100 appearances per ticker.",217301.79698827595,140120.69719619595,0.0,0.0,0.0,0.0,0.0,0.0,0.0,0.0
52,WMT + BNS + TSM + NEE,Not rebalanced,WMT,Consumer Discretionary,Walmart Inc. Common Stock,5,BNS,Finance,Bank Nova Scotia Halifax Pfd 3 Ordinary Shares,5,TSM,Technology,Taiwan Semiconductor Manufacturing Company Ltd.,5,NEE,Utilities,NextEra Energy Inc. Common Stock,5,0.0,0.0,0.0,0.0,0.0,0.0,0.0,-3.3098514546314517,35.302606882127805,27.32707244155459,2018,-3.3098514546314517,2017,35.302606882127805,300000.0,160000.0,10,2,No,2018,455701.1173332516,0.0,455701.1173332516,155701.11733325158,5,82,2016,2025,annual_performance_160k_source.csv,"Rank by full withdrawals funded, then total cash delivered, then ending balance; greedily enforce max 5 Top-100 appearances per ticker.",221981.21732466377,140346.37382895162,0.0,0.0,0.0,0.0,0.0,0.0,0.0,0.0
53,JPM + ABBV + PLD + TSM,Not rebalanced,JPM,Finance,JP Morgan Chase & Co. Common Stock,5,ABBV,Health Care,AbbVie Inc. Common Stock,5,PLD,Real Estate,Prologis Inc. Common Stock,5,TSM,Technology,Taiwan Semiconductor Manufacturing Company Ltd.,5,0.0,0.0,0.0,0.0,0.0,0.0,0.0,-4.260930848947508,37.90684432765441,25.700857368478758,2018,-4.260930848947508,2017,37.90684432765441,300000.0,160000.0,10,2,No,2018,453459.5981060361,0.0,453459.5981060361,153459.59810603608,5,82,2016,2025,annual_performance_160k_source.csv,"Rank by full withdrawals funded, then total cash delivered, then ending balance; greedily enforce max 5 Top-100 appearances per ticker.",217102.5721054363,139399.30614477769,0.0,0.0,0.0,0.0,0.0,0.0,0.0,0.0
54,WMT + JPM + ABBV + TSM,Not rebalanced,WMT,Consumer Discretionary,Walmart Inc. Common Stock,5,JPM,Finance,JP Morgan Chase & Co. Common Stock,5,ABBV,Health Care,AbbVie Inc. Common Stock,5,TSM,Technology,Taiwan Semiconductor Manufacturing Company Ltd.,5,0.0,0.0,0.0,0.0,0.0,0.0,0.0,-3.6070008972015954,43.050869328313524,22.869145907523425,2018,-3.6070008972015954,2017,43.050869328313524,300000.0,160000.0,10,2,No,2018,453422.1317578338,0.0,453422.1317578338,153422.13175783382,5,82,2016,2025,annual_performance_160k_source.csv,"Rank by full withdrawals funded, then total cash delivered, then ending balance; greedily enforce max 5 Top-100 appearances per ticker.",208607.43772257026,138414.753145657,0.0,0.0,0.0,0.0,0.0,0.0,0.0,0.0
55,WMT + MS + ABBV + TSM,Not rebalanced,WMT,Consumer Discretionary,Walmart Inc. Common Stock,5,MS,Finance,Morgan Stanley Common Stock,5,ABBV,Health Care,AbbVie Inc. Common Stock,5,TSM,Technology,Taiwan Semiconductor Manufacturing Company Ltd.,5,0.0,0.0,0.0,0.0,0.0,0.0,0.0,-7.558556952431839,42.95819028509749,23.253333659504726,2018,-7.558556952431839,2017,42.95819028509749,300000.0,160000.0,10,2,No,2018,449297.01565718115,0.0,449297.01565718115,149297.01565718115,5,82,2016,2025,annual_performance_160k_source.csv,"Rank by full withdrawals funded, then total cash delivered, then ending balance; greedily enforce max 5 Top-100 appearances per ticker.",209760.0009785142,139869.10134088667,0.0,0.0,0.0,0.0,0.0,0.0,0.0,0.0
56,MS + ABBV + PLD + AVGO,Not rebalanced,MS,Finance,Morgan Stanley Common Stock,5,ABBV,Health Care,AbbVie Inc. Common Stock,5,PLD,Real Estate,Prologis Inc. Common Stock,5,AVGO,Technology,Broadcom Inc. Common Stock,5,0.0,0.0,0.0,0.0,0.0,0.0,0.0,-6.401568706047556,39.20134447864343,24.217225156116484,2018,-6.401568706047556,2017,39.20134447864343,300000.0,160000.0,10,2,No,2018,447306.9622048653,0.0,447306.9622048653,147306.9622048653,5,82,2016,2025,annual_performance_160k_source.csv,"Rank by full withdrawals funded, then total cash delivered, then ending balance; greedily enforce max 5 Top-100 appearances per ticker.",212651.67546834942,136013.9913083039,0.0,0.0,0.0,0.0,0.0,0.0,0.0,0.0
57,WMT + MS + PLD + AVGO,Not rebalanced,WMT,Consumer Discretionary,Walmart Inc. Common Stock,5,MS,Finance,Morgan Stanley Common Stock,5,PLD,Real Estate,Prologis Inc. Common Stock,5,AVGO,Technology,Broadcom Inc. Common Stock,5,0.0,0.0,0.0,0.0,0.0,0.0,0.0,-7.0604578240822224,36.34343361301235,25.777031934912387,2018,-7.0604578240822224,2017,36.34343361301235,300000.0,160000.0,10,2,No,2018,446692.09674835776,0.0,446692.09674835776,146692.09674835776,5,82,2016,2025,annual_performance_160k_source.csv,"Rank by full withdrawals funded, then total cash delivered, then ending balance; greedily enforce max 5 Top-100 appearances per ticker.",217331.09580473718,136316.6783289641,0.0,0.0,0.0,0.0,0.0,0.0,0.0,0.0
58,MA + MS + PLD + AVGO,Not rebalanced,MA,Consumer Discretionary,Mastercard Incorporated Common Stock,5,MS,Finance,Morgan Stanley Common Stock,5,PLD,Real Estate,Prologis Inc. Common Stock,5,AVGO,Technology,Broadcom Inc. Common Stock,5,0.0,0.0,0.0,0.0,0.0,0.0,0.0,-0.39028642379994594,36.39815568368541,23.496001788717578,2018,-0.39028642379994594,2017,36.39815568368541,300000.0,160000.0,10,2,No,2018,446605.6963518324,0.0,446605.6963518324,146605.69635183242,5,82,2016,2025,annual_performance_160k_source.csv,"Rank by full withdrawals funded, then total cash delivered, then ending balance; greedily enforce max 5 Top-100 appearances per ticker.",210488.00536615273,127101.75725480908,0.0,0.0,0.0,0.0,0.0,0.0,0.0,0.0
59,MA + CVX + MS + AVGO,Not rebalanced,MA,Consumer Discretionary,Mastercard Incorporated Common Stock,5,CVX,Energy,Chevron Corporation Common Stock,5,MS,Finance,Morgan Stanley Common Stock,5,AVGO,Technology,Broadcom Inc. Common Stock,5,0.0,0.0,0.0,0.0,0.0,0.0,0.0,-1.1044289431240584,32.03658616202436,25.821835453288156,2018,-1.1044289431240584,2017,32.03658616202436,300000.0,160000.0,10,2,No,2018,445729.9256461621,0.0,445729.9256461621,145729.92564616213,5,82,2016,2025,annual_performance_160k_source.csv,"Rank by full withdrawals funded, then total cash delivered, then ending balance; greedily enforce max 5 Top-100 appearances per ticker.",217465.50635986443,127134.03067752498,0.0,0.0,0.0,0.0,0.0,0.0,0.0,0.0
60,WMT + SPGI + PLD + AVGO,Not rebalanced,WMT,Consumer Discretionary,Walmart Inc. Common Stock,5,SPGI,Finance,S&P Global Inc. Common Stock,5,PLD,Real Estate,Prologis Inc. Common Stock,5,AVGO,Technology,Broadcom Inc. Common Stock,5,0.0,0.0,0.0,0.0,0.0,0.0,0.0,-0.9861636436780175,44.43541670413731,19.396235001700866,2018,-0.9861636436780175,2017,44.43541670413731,300000.0,160000.0,10,2,No,2018,445009.6041629724,0.0,445009.6041629724,145009.60416297242,5,82,2016,2025,annual_performance_160k_source.csv,"Rank by full withdrawals funded, then total cash delivered, then ending balance; greedily enforce max 5 Top-100 appearances per ticker.",198188.70500510262,126254.68193465332,0.0,0.0,0.0,0.0,0.0,0.0,0.0,0.0
61,MA + CVX + SPGI + ADI,Not rebalanced,MA,Consumer Discretionary,Mastercard Incorporated Common Stock,5,CVX,Energy,Chevron Corporation Common Stock,5,SPGI,Finance,S&P Global Inc. Common Stock,5,ADI,Technology,Analog Devices Inc. Common Stock,5,0.0,0.0,0.0,0.0,0.0,0.0,0.0,3.803073623004005,33.772266954853535,22.269265642586333,2025,0.0,2017,33.772266954853535,300000.0,160000.0,10,2,No,2018,441087.8197875282,0.0,441087.8197875282,141087.8197875282,5,82,2016,2025,annual_performance_160k_source.csv,"Rank by full withdrawals funded, then total cash delivered, then ending balance; greedily enforce max 5 Top-100 appearances per ticker.",206807.79692775902,116651.4781896532,0.0,0.0,0.0,0.0,0.0,0.0,0.0,0.0
62,SCCO + MA + SPGI + ADI,Not rebalanced,SCCO,Basic Materials,Southern Copper Corporation Common Stock,5,MA,Consumer Discretionary,Mastercard Incorporated Common Stock,5,SPGI,Finance,S&P Global Inc. Common Stock,5,ADI,Technology,Analog Devices Inc. Common Stock,5,0.0,0.0,0.0,0.0,0.0,0.0,0.0,-3.176602581216803,44.832467793828854,18.878200173160266,2018,-3.176602581216803,2017,44.832467793828854,300000.0,160000.0,10,2,No,2018,440826.6384589823,0.0,440826.6384589823,140826.63845898228,5,82,2016,2025,annual_performance_160k_source.csv,"Rank by full withdrawals funded, then total cash delivered, then ending balance; greedily enforce max 5 Top-100 appearances per ticker.",196634.60051948082,124790.74446890107,0.0,0.0,0.0,0.0,0.0,0.0,0.0,0.0
63,SCCO + BP + SPGI + ADI,Not rebalanced,SCCO,Basic Materials,Southern Copper Corporation Common Stock,5,BP,Energy,BP p.l.c. Common Stock,5,SPGI,Finance,S&P Global Inc. Common Stock,5,ADI,Technology,Analog Devices Inc. Common Stock,5,0.0,0.0,0.0,0.0,0.0,0.0,0.0,-10.051580273946147,37.80568597821703,24.388232328324833,2018,-10.051580273946147,2017,37.80568597821703,300000.0,160000.0,10,2,No,2018,440308.77544774296,0.0,440308.77544774296,140308.77544774296,5,82,2016,2025,annual_performance_160k_source.csv,"Rank by full withdrawals funded, then total cash delivered, then ending balance; greedily enforce max 5 Top-100 appearances per ticker.",213164.6969849745,133753.0729435318,0.0,0.0,0.0,0.0,0.0,0.0,0.0,0.0
64,SCCO + CVX + SPGI + ADI,Not rebalanced,SCCO,Basic Materials,Southern Copper Corporation Common Stock,5,CVX,Energy,Chevron Corporation Common Stock,5,SPGI,Finance,S&P Global Inc. Common Stock,5,ADI,Technology,Analog Devices Inc. Common Stock,5,0.0,0.0,0.0,0.0,0.0,0.0,0.0,-11.228841307351855,34.96701238741564,26.316775444881003,2018,-11.228841307351855,2017,34.96701238741564,300000.0,160000.0,10,2,No,2018,440294.43102939316,0.0,440294.43102939316,140294.43102939316,5,82,2016,2025,annual_performance_160k_source.csv,"Rank by full withdrawals funded, then total cash delivered, then ending balance; greedily enforce max 5 Top-100 appearances per ticker.",218950.326334643,135510.71406636457,0.0,0.0,0.0,0.0,0.0,0.0,0.0,0.0
65,SCCO + BP + RY + ADI,Not rebalanced,SCCO,Basic Materials,Southern Copper Corporation Common Stock,5,BP,Energy,BP p.l.c. Common Stock,5,RY,Finance,Royal Bank Of Canada Common Stock,5,ADI,Technology,Analog Devices Inc. Common Stock,5,0.0,0.0,0.0,0.0,0.0,0.0,0.0,-13.729446114067878,29.693271132769162,29.707181439985717,2018,-13.729446114067878,2016,29.707181439985717,300000.0,160000.0,10,2,No,2018,438324.57289357024,0.0,438324.57289357024,138324.57289357024,5,82,2016,2025,annual_performance_160k_source.csv,"Rank by full withdrawals funded, then total cash delivered, then ending balance; greedily enforce max 5 Top-100 appearances per ticker.",229121.54431995715,137155.22569846985,0.0,0.0,0.0,0.0,0.0,0.0,0.0,0.0
66,SCCO + BP + RY + APH,Not rebalanced,SCCO,Basic Materials,Southern Copper Corporation Common Stock,5,BP,Energy,BP p.l.c. Common Stock,5,RY,Finance,Royal Bank Of Canada Common Stock,5,APH,Technology,Amphenol Corporation Common Stock,5,0.0,0.0,0.0,0.0,0.0,0.0,0.0,-15.007118503065097,31.381496808302156,28.43745388824379,2018,-15.007118503065097,2017,31.381496808302156,300000.0,160000.0,10,2,No,2018,435606.25776275113,0.0,435606.25776275113,135606.25776275113,5,82,2016,2025,annual_performance_160k_source.csv,"Rank by full withdrawals funded, then total cash delivered, then ending balance; greedily enforce max 5 Top-100 appearances per ticker.",225312.36166473135,136018.7532492592,0.0,0.0,0.0,0.0,0.0,0.0,0.0,0.0
67,LIN + BP + RY + APH,Not rebalanced,LIN,Basic Materials,Linde plc Ordinary Shares,5,BP,Energy,BP p.l.c. Common Stock,5,RY,Finance,Royal Bank Of Canada Common Stock,5,APH,Technology,Amphenol Corporation Common Stock,5,0.0,0.0,0.0,0.0,0.0,0.0,0.0,-5.402853887514835,27.55709456958815,27.040001033374892,2018,-5.402853887514835,2017,27.55709456958815,300000.0,160000.0,10,2,No,2018,435459.83859645645,0.0,435459.83859645645,135459.83859645645,5,82,2016,2025,annual_performance_160k_source.csv,"Rank by full withdrawals funded, then total cash delivered, then ending balance; greedily enforce max 5 Top-100 appearances per ticker.",221120.0031001247,122054.25146670232,0.0,0.0,0.0,0.0,0.0,0.0,0.0,0.0
68,LIN + CVX + RY + APH,Not rebalanced,LIN,Basic Materials,Linde plc Ordinary Shares,5,CVX,Energy,Chevron Corporation Common Stock,5,RY,Finance,Royal Bank Of Canada Common Stock,5,APH,Technology,Amphenol Corporation Common Stock,5,0.0,0.0,0.0,0.0,0.0,0.0,0.0,-6.621768725958788,24.93004123384459,28.968544149931063,2018,-6.621768725958788,2016,28.968544149931063,300000.0,160000.0,10,2,No,2018,435297.18380511855,0.0,435297.18380511855,135297.18380511855,5,82,2016,2025,annual_performance_160k_source.csv,"Rank by full withdrawals funded, then total cash delivered, then ending balance; greedily enforce max 5 Top-100 appearances per ticker.",226905.63244979322,123473.30018144252,0.0,0.0,0.0,0.0,0.0,0.0,0.0,0.0
69,BP + RY + APH + CSCO,Not rebalanced,BP,Energy,BP p.l.c. Common Stock,5,RY,Finance,Royal Bank Of Canada Common Stock,5,APH,Technology,Amphenol Corporation Common Stock,5,CSCO,Telecommunications,Cisco Systems Inc. Common Stock (DE),5,0.0,0.0,0.0,0.0,0.0,0.0,0.0,-2.3040811160467523,26.639525946188414,26.446577243716597,2018,-2.3040811160467523,2017,26.639525946188414,300000.0,160000.0,10,2,No,2018,435057.26179414877,0.0,435057.26179414877,135057.26179414877,5,82,2016,2025,annual_performance_160k_source.csv,"Rank by full withdrawals funded, then total cash delivered, then ending balance; greedily enforce max 5 Top-100 appearances per ticker.",219339.73173114978,117770.79647596943,0.0,0.0,0.0,0.0,0.0,0.0,0.0,0.0
70,LIN + CVX + TD + APH,Not rebalanced,LIN,Basic Materials,Linde plc Ordinary Shares,5,CVX,Energy,Chevron Corporation Common Stock,5,TD,Finance,Toronto Dominion Bank (The) Common Stock,5,APH,Technology,Amphenol Corporation Common Stock,5,0.0,0.0,0.0,0.0,0.0,0.0,0.0,-6.399949958084683,24.679946254974116,28.749834570864195,2018,-6.399949958084683,2016,28.749834570864195,300000.0,160000.0,10,2,No,2018,434274.204109675,0.0,434274.204109675,134274.20410967502,5,82,2016,2025,annual_performance_160k_source.csv,"Rank by full withdrawals funded, then total cash delivered, then ending balance; greedily enforce max 5 Top-100 appearances per ticker.",226249.5037125926,122087.7596310061,0.0,0.0,0.0,0.0,0.0,0.0,0.0,0.0
71,LIN + TD + MSFT + CSCO,Not rebalanced,LIN,Basic Materials,Linde plc Ordinary Shares,5,TD,Finance,Toronto Dominion Bank (The) Common Stock,5,MSFT,Technology,Microsoft Corporation Common Stock,5,CSCO,Telecommunications,Cisco Systems Inc. Common Stock (DE),5,0.0,0.0,0.0,0.0,0.0,0.0,0.0,6.959343759407344,32.21228383673645,19.66742195518465,2025,0.0,2017,32.21228383673645,300000.0,160000.0,10,2,No,2018,430280.9026328528,0.0,430280.9026328528,130280.90263285278,5,82,2016,2025,annual_performance_160k_source.csv,"Rank by full withdrawals funded, then total cash delivered, then ending balance; greedily enforce max 5 Top-100 appearances per ticker.",199002.26586555393,103105.44058770302,0.0,0.0,0.0,0.0,0.0,0.0,0.0,0.0
72,LIN + TD + ETN + CSCO,Not rebalanced,LIN,Basic Materials,Linde plc Ordinary Shares,5,TD,Finance,Toronto Dominion Bank (The) Common Stock,5,ETN,Technology,Eaton Corporation PLC Ordinary Shares,5,CSCO,Telecommunications,Cisco Systems Inc. Common Stock (DE),5,0.0,0.0,0.0,0.0,0.0,0.0,0.0,-1.338187959797843,27.37053274933341,24.352326954375613,2018,-1.338187959797843,2017,27.37053274933341,300000.0,160000.0,10,2,No,2018,429881.4474117707,0.0,429881.4474117707,129881.4474117707,5,82,2016,2025,annual_performance_160k_source.csv,"Rank by full withdrawals funded, then total cash delivered, then ending balance; greedily enforce max 5 Top-100 appearances per ticker.",213056.98086312687,111371.81158501003,0.0,0.0,0.0,0.0,0.0,0.0,0.0,0.0
73,TD + GD + MSFT + CSCO,Not rebalanced,TD,Finance,Toronto Dominion Bank (The) Common Stock,5,GD,Industrials,General Dynamics Corporation Common Stock,5,MSFT,Technology,Microsoft Corporation Common Stock,5,CSCO,Telecommunications,Cisco Systems Inc. Common Stock (DE),5,0.0,0.0,0.0,0.0,0.0,0.0,0.0,1.0196809557025288,28.266777779483142,22.404647246993203,2025,0.0,2017,28.266777779483142,300000.0,160000.0,10,2,No,2018,426865.33246579417,0.0,426865.33246579417,126865.33246579417,5,82,2016,2025,annual_performance_160k_source.csv,"Rank by full withdrawals funded, then total cash delivered, then ending balance; greedily enforce max 5 Top-100 appearances per ticker.",207213.94174097962,105786.64618101,0.0,0.0,0.0,0.0,0.0,0.0,0.0,0.0
74,TD + GD + ETN + CSCO,Not rebalanced,TD,Finance,Toronto Dominion Bank (The) Common Stock,5,GD,Industrials,General Dynamics Corporation Common Stock,5,ETN,Technology,Eaton Corporation PLC Ordinary Shares,5,CSCO,Telecommunications,Cisco Systems Inc. Common Stock (DE),5,0.0,0.0,0.0,0.0,0.0,0.0,0.0,-7.335211076714421,23.67475048151928,27.08955224618419,2018,-7.335211076714421,2016,27.08955224618419,300000.0,160000.0,10,2,No,2018,425316.7379931259,0.0,425316.7379931259,125316.73799312592,5,82,2016,2025,annual_performance_160k_source.csv,"Rank by full withdrawals funded, then total cash delivered, then ending balance; greedily enforce max 5 Top-100 appearances per ticker.",221268.65673855256,113653.45911521418,0.0,0.0,0.0,0.0,0.0,0.0,0.0,0.0
75,MCD + CM + GD + MSFT,Not rebalanced,MCD,Consumer Discretionary,McDonald's Corporation Common Stock,5,CM,Finance,Canadian Imperial Bank of Commerce Common Stock,5,GD,Industrials,General Dynamics Corporation Common Stock,5,MSFT,Technology,Microsoft Corporation Common Stock,5,0.0,0.0,0.0,0.0,0.0,0.0,0.0,-3.529149899921913,31.812958467346064,19.889387020906703,2018,-3.529149899921913,2017,31.812958467346064,300000.0,160000.0,10,2,No,2018,419546.8330091645,0.0,419546.8330091645,119546.83300916449,5,82,2016,2025,annual_performance_160k_source.csv,"Rank by full withdrawals funded, then total cash delivered, then ending balance; greedily enforce max 5 Top-100 appearances per ticker.",199668.16106272012,103188.51021411689,0.0,0.0,0.0,0.0,0.0,0.0,0.0,0.0
76,CM + GD + EQIX + MSFT,Not rebalanced,CM,Finance,Canadian Imperial Bank of Commerce Common Stock,5,GD,Industrials,General Dynamics Corporation Common Stock,5,EQIX,Real Estate,Equinix Inc. Common Stock REIT,5,MSFT,Technology,Microsoft Corporation Common Stock,5,0.0,0.0,0.0,0.0,0.0,0.0,0.0,-9.943668587092025,28.32787997229915,23.510869849136064,2018,-9.943668587092025,2017,28.32787997229915,300000.0,160000.0,10,2,No,2018,419216.89249794604,0.0,419216.89249794604,119216.89249794604,5,82,2016,2025,annual_performance_160k_source.csv,"Rank by full withdrawals funded, then total cash delivered, then ending balance; greedily enforce max 5 Top-100 appearances per ticker.",210532.60954740818,110172.03448254726,0.0,0.0,0.0,0.0,0.0,0.0,0.0,0.0
77,ACN + CM + GD + MSFT,Not rebalanced,ACN,Consumer Discretionary,Accenture plc Class A Ordinary Shares (Ireland),5,CM,Finance,Canadian Imperial Bank of Commerce Common Stock,5,GD,Industrials,General Dynamics Corporation Common Stock,5,MSFT,Technology,Microsoft Corporation Common Stock,5,0.0,0.0,0.0,0.0,0.0,0.0,0.0,-6.456116571335835,29.287382961762056,21.925795069057187,2018,-6.456116571335835,2017,29.287382961762056,300000.0,160000.0,10,2,No,2018,419197.85914663016,0.0,419197.85914663016,119197.85914663016,5,82,2016,2025,annual_performance_160k_source.csv,"Rank by full withdrawals funded, then total cash delivered, then ending balance; greedily enforce max 5 Top-100 appearances per ticker.",205777.38520717155,106044.19606149627,0.0,0.0,0.0,0.0,0.0,0.0,0.0,0.0
78,MCD + CM + LMT + ETN,Not rebalanced,MCD,Consumer Discretionary,McDonald's Corporation Common Stock,5,CM,Finance,Canadian Imperial Bank of Commerce Common Stock,5,LMT,Industrials,Lockheed Martin Corporation Common Stock,5,ETN,Technology,Eaton Corporation PLC Ordinary Shares,5,0.0,0.0,0.0,0.0,0.0,0.0,0.0,-10.627841103556968,30.030388121631326,22.053128921704147,2018,-10.627841103556968,2017,30.030388121631326,300000.0,160000.0,10,2,No,2018,416584.3587402427,0.0,416584.3587402427,116584.35874024272,5,82,2016,2025,annual_performance_160k_source.csv,"Rank by full withdrawals funded, then total cash delivered, then ending balance; greedily enforce max 5 Top-100 appearances per ticker.",206159.38676511246,108069.85075985081,0.0,0.0,0.0,0.0,0.0,0.0,0.0,0.0
79,MCD + CM + EQIX + ETN,Not rebalanced,MCD,Consumer Discretionary,McDonald's Corporation Common Stock,5,CM,Finance,Canadian Imperial Bank of Commerce Common Stock,5,EQIX,Real Estate,Equinix Inc. Common Stock REIT,5,ETN,Technology,Eaton Corporation PLC Ordinary Shares,5,0.0,0.0,0.0,0.0,0.0,0.0,0.0,-11.626706890692917,29.406183053559598,22.633235302188904,2018,-11.626706890692917,2017,29.406183053559598,300000.0,160000.0,10,2,No,2018,416357.88553201687,0.0,416357.88553201687,116357.88553201687,5,82,2016,2025,annual_performance_160k_source.csv,"Rank by full withdrawals funded, then total cash delivered, then ending balance; greedily enforce max 5 Top-100 appearances per ticker.",207899.7059065667,109035.07399326377,0.0,0.0,0.0,0.0,0.0,0.0,0.0,0.0
80,MCD + BMO + LMT + ETN,Not rebalanced,MCD,Consumer Discretionary,McDonald's Corporation Common Stock,5,BMO,Finance,Bank Of Montreal Common Stock,5,LMT,Industrials,Lockheed Martin Corporation Common Stock,5,ETN,Technology,Eaton Corporation PLC Ordinary Shares,5,0.0,0.0,0.0,0.0,0.0,0.0,0.0,-9.575919446439551,27.41216703173377,22.824791163286218,2018,-9.575919446439551,2017,27.41216703173377,300000.0,160000.0,10,2,No,2018,415507.46643433656,0.0,415507.46643433656,115507.46643433656,5,82,2016,2025,annual_performance_160k_source.csv,"Rank by full withdrawals funded, then total cash delivered, then ending balance; greedily enforce max 5 Top-100 appearances per ticker.",208474.37348985864,105621.7169692592,0.0,0.0,0.0,0.0,0.0,0.0,0.0,0.0
81,MCD + BMO + LMT + ADP,Not rebalanced,MCD,Consumer Discretionary,McDonald's Corporation Common Stock,5,BMO,Finance,Bank Of Montreal Common Stock,5,LMT,Industrials,Lockheed Martin Corporation Common Stock,5,ADP,Technology,Automatic Data Processing Inc. Common Stock,5,0.0,0.0,0.0,0.0,0.0,0.0,0.0,-3.3627813650785154,26.23851497115577,20.442981480250964,2018,-3.3627813650785154,2017,26.23851497115577,300000.0,160000.0,10,2,No,2018,410988.45398312574,0.0,410988.45398312574,110988.45398312574,5,82,2016,2025,annual_performance_160k_source.csv,"Rank by full withdrawals funded, then total cash delivered, then ending balance; greedily enforce max 5 Top-100 appearances per ticker.",201328.9444407529,94154.66966910977,0.0,0.0,0.0,0.0,0.0,0.0,0.0,0.0
82,BMO + LMT + EQIX + ADP,Not rebalanced,BMO,Finance,Bank Of Montreal Common Stock,5,LMT,Industrials,Lockheed Martin Corporation Common Stock,5,EQIX,Real Estate,Equinix Inc. Common Stock REIT,5,ADP,Technology,Automatic Data Processing Inc. Common Stock,5,0.0,0.0,0.0,0.0,0.0,0.0,0.0,-10.029502591489681,22.931707278041568,24.06446430848035,2018,-10.029502591489681,2016,24.06446430848035,300000.0,160000.0,10,2,No,2018,410737.91035201575,0.0,410737.91035201575,110737.91035201575,5,82,2016,2025,annual_performance_160k_source.csv,"Rank by full withdrawals funded, then total cash delivered, then ending balance; greedily enforce max 5 Top-100 appearances per ticker.",212193.39292544103,100852.9606544477,0.0,0.0,0.0,0.0,0.0,0.0,0.0,0.0
83,ACN + BMO + LMT + ADP,Not rebalanced,ACN,Consumer Discretionary,Accenture plc Class A Ordinary Shares (Ireland),5,BMO,Finance,Bank Of Montreal Common Stock,5,LMT,Industrials,Lockheed Martin Corporation Common Stock,5,ADP,Technology,Automatic Data Processing Inc. Common Stock,5,0.0,0.0,0.0,0.0,0.0,0.0,0.0,-6.404816459588735,23.817038500154155,22.479389528401473,2018,-6.404816459588735,2017,23.817038500154155,300000.0,160000.0,10,2,No,2018,410641.1296068936,0.0,410641.1296068936,110641.12960689358,5,82,2016,2025,annual_performance_160k_source.csv,"Rank by full withdrawals funded, then total cash delivered, then ending balance; greedily enforce max 5 Top-100 appearances per ticker.",207438.1685852044,96843.7970611573,0.0,0.0,0.0,0.0,0.0,0.0,0.0,0.0
84,ACN + BMO + EQIX + ADP,Not rebalanced,ACN,Consumer Discretionary,Accenture plc Class A Ordinary Shares (Ireland),5,BMO,Finance,Bank Of Montreal Common Stock,5,EQIX,Real Estate,Equinix Inc. Common Stock REIT,5,ADP,Technology,Automatic Data Processing Inc. Common Stock,5,0.0,0.0,0.0,0.0,0.0,0.0,0.0,-7.449848662267689,23.224285517612596,23.059495908886205,2018,-7.449848662267689,2017,23.224285517612596,300000.0,160000.0,10,2,No,2018,410475.82198016695,0.0,410475.82198016695,110475.82198016695,5,82,2016,2025,annual_performance_160k_source.csv,"Rank by full withdrawals funded, then total cash delivered, then ending balance; greedily enforce max 5 Top-100 appearances per ticker.",209178.48772665864,97758.6969577221,0.0,0.0,0.0,0.0,0.0,0.0,0.0,0.0
85,ACN + SCHW + EQIX + ADP,Not rebalanced,ACN,Consumer Discretionary,Accenture plc Class A Ordinary Shares (Ireland),5,SCHW,Finance,Charles Schwab Corporation (The) Common Stock,5,EQIX,Real Estate,Equinix Inc. Common Stock REIT,5,ADP,Technology,Automatic Data Processing Inc. Common Stock,5,0.0,0.0,0.0,0.0,0.0,0.0,0.0,-8.160079587768475,27.399953410001075,20.08661009211967,2018,-8.160079587768475,2017,27.399953410001075,300000.0,160000.0,10,2,No,2018,407368.170832008,0.0,407368.170832008,107368.170832008,5,82,2016,2025,annual_performance_160k_source.csv,"Rank by full withdrawals funded, then total cash delivered, then ending balance; greedily enforce max 5 Top-100 appearances per ticker.",200259.830276359,95130.93047102861,0.0,0.0,0.0,0.0,0.0,0.0,0.0,0.0
86,ACN + TTE + SCHW + AAPL,Not rebalanced,ACN,Consumer Discretionary,Accenture plc Class A Ordinary Shares (Ireland),5,TTE,Energy,TotalEnergies SE Ordinary Shares,5,SCHW,Finance,Charles Schwab Corporation (The) Common Stock,5,AAPL,Technology,Apple Inc. Common Stock,5,0.0,0.0,0.0,0.0,0.0,0.0,0.0,-7.931473907984598,31.54969793080282,16.96562750688475,2018,-7.931473907984598,2017,31.54969793080282,300000.0,160000.0,10,2,No,2018,403896.7744327161,0.0,403896.7744327161,103896.77443271608,5,82,2016,2025,annual_performance_160k_source.csv,"Rank by full withdrawals funded, then total cash delivered, then ending balance; greedily enforce max 5 Top-100 appearances per ticker.",190896.88252065424,91124.27231524017,0.0,0.0,0.0,0.0,0.0,0.0,0.0,0.0
87,V + TTE + SCHW + AAPL,Not rebalanced,V,Consumer Discretionary,Visa Inc.,5,TTE,Energy,TotalEnergies SE Ordinary Shares,5,SCHW,Finance,Charles Schwab Corporation (The) Common Stock,5,AAPL,Technology,Apple Inc. Common Stock,5,0.0,0.0,0.0,0.0,0.0,0.0,0.0,-2.404514602161778,34.58312371265366,13.720491493680132,2018,-2.404514602161778,2017,34.58312371265366,300000.0,160000.0,10,2,No,2018,401797.48099560844,0.0,401797.48099560844,101797.48099560844,5,82,2016,2025,annual_performance_160k_source.csv,"Rank by full withdrawals funded, then total cash delivered, then ending balance; greedily enforce max 5 Top-100 appearances per ticker.",181161.47448104038,83812.77132048598,0.0,0.0,0.0,0.0,0.0,0.0,0.0,0.0
88,V + SCHW + JNJ + AAPL,Not rebalanced,V,Consumer Discretionary,Visa Inc.,5,SCHW,Finance,Charles Schwab Corporation (The) Common Stock,5,JNJ,Health Care,Johnson & Johnson Common Stock,5,AAPL,Technology,Apple Inc. Common Stock,5,0.0,0.0,0.0,0.0,0.0,0.0,0.0,-3.3995050382984338,37.36268996301089,12.54833387926051,2018,-3.3995050382984338,2017,37.36268996301089,300000.0,160000.0,10,2,No,2018,401161.7582948077,0.0,401161.7582948077,101161.75829480769,5,82,2016,2025,annual_performance_160k_source.csv,"Rank by full withdrawals funded, then total cash delivered, then ending balance; greedily enforce max 5 Top-100 appearances per ticker.",177645.0016377815,84017.95283449141,0.0,0.0,0.0,0.0,0.0,0.0,0.0,0.0
89,TTE + SCHW + JNJ + AAPL,Not rebalanced,TTE,Energy,TotalEnergies SE Ordinary Shares,5,SCHW,Finance,Charles Schwab Corporation (The) Common Stock,5,JNJ,Health Care,Johnson & Johnson Common Stock,5,AAPL,Technology,Apple Inc. Common Stock,5,0.0,0.0,0.0,0.0,0.0,0.0,0.0,-7.697053225772743,29.361494761848128,17.209989314621655,2018,-7.697053225772743,2017,29.361494761848128,300000.0,160000.0,10,2,No,2018,401130.0359198862,0.0,401130.0359198862,101130.0359198862,5,82,2016,2025,annual_performance_160k_source.csv,"Rank by full withdrawals funded, then total cash delivered, then ending balance; greedily enforce max 5 Top-100 appearances per ticker.",191629.96794386493,87895.39094383412,0.0,0.0,0.0,0.0,0.0,0.0,0.0,0.0
90,V + TTE + GS + AAPL,Not rebalanced,V,Consumer Discretionary,Visa Inc.,5,TTE,Energy,TotalEnergies SE Ordinary Shares,5,GS,Finance,Goldman Sachs Group Inc. (The) Common Stock,3,AAPL,Technology,Apple Inc. Common Stock,5,0.0,0.0,0.0,0.0,0.0,0.0,0.0,-5.7103139332554615,27.74123158810584,17.19812286832003,2018,-5.7103139332554615,2017,27.74123158810584,300000.0,160000.0,10,2,No,2018,399905.80021782615,0.0,399905.80021782615,99905.80021782615,5,82,2016,2025,annual_performance_160k_source.csv,"Rank by full withdrawals funded, then total cash delivered, then ending balance; greedily enforce max 5 Top-100 appearances per ticker.",191594.3686049601,84745.00610943121,0.0,0.0,0.0,0.0,0.0,0.0,0.0,0.0
91,V + TTE + HDB + QCOM,Not rebalanced,V,Consumer Discretionary,Visa Inc.,5,TTE,Energy,TotalEnergies SE Ordinary Shares,5,HDB,Finance,HDFC Bank Limited Common Stock,5,QCOM,Technology,QUALCOMM Incorporated Common Stock,5,0.0,0.0,0.0,0.0,0.0,0.0,0.0,2.900186660723314,29.807993860277726,13.905993354141888,2025,0.0,2017,29.807993860277726,300000.0,160000.0,10,2,No,2018,398085.25551661546,0.0,398085.25551661546,98085.25551661546,5,82,2016,2025,annual_performance_160k_source.csv,"Rank by full withdrawals funded, then total cash delivered, then ending balance; greedily enforce max 5 Top-100 appearances per ticker.",181717.98006242566,75884.46440245415,0.0,0.0,0.0,0.0,0.0,0.0,0.0,0.0
92,V + HDB + JNJ + QCOM,Not rebalanced,V,Consumer Discretionary,Visa Inc.,5,HDB,Finance,HDFC Bank Limited Common Stock,5,JNJ,Health Care,Johnson & Johnson Common Stock,5,QCOM,Technology,QUALCOMM Incorporated Common Stock,5,0.0,0.0,0.0,0.0,0.0,0.0,0.0,1.8155757111870452,32.5333366427035,12.733835739722267,2025,0.0,2017,32.5333366427035,300000.0,160000.0,10,2,No,2018,397559.44374411897,0.0,397559.44374411897,97559.44374411897,5,82,2016,2025,annual_performance_160k_source.csv,"Rank by full withdrawals funded, then total cash delivered, then ending balance; greedily enforce max 5 Top-100 appearances per ticker.",178201.5072191668,76176.40346514987,0.0,0.0,0.0,0.0,0.0,0.0,0.0,0.0
93,ENB + HDB + JNJ + KLAC,Not rebalanced,ENB,Energy,Enbridge Inc Common Stock,5,HDB,Finance,HDFC Bank Limited Common Stock,5,JNJ,Health Care,Johnson & Johnson Common Stock,5,KLAC,Technology,KLA Corporation Common Stock,5,0.0,0.0,0.0,0.0,0.0,0.0,0.0,-7.727930301307606,29.234928982952525,15.93163512659328,2018,-7.727930301307606,2017,29.234928982952525,300000.0,160000.0,10,2,No,2018,396305.87601780135,0.0,396305.87601780135,96305.87601780135,5,82,2016,2025,annual_performance_160k_source.csv,"Rank by full withdrawals funded, then total cash delivered, then ending balance; greedily enforce max 5 Top-100 appearances per ticker.",187794.90537977987,82696.61260116144,0.0,0.0,0.0,0.0,0.0,0.0,0.0,0.0
94,ENB + HDB + JNJ + QCOM,Not rebalanced,ENB,Energy,Enbridge Inc Common Stock,5,HDB,Finance,HDFC Bank Limited Common Stock,5,JNJ,Health Care,Johnson & Johnson Common Stock,5,QCOM,Technology,QUALCOMM Incorporated Common Stock,5,0.0,0.0,0.0,0.0,0.0,0.0,0.0,-6.374806568108116,19.775568768145103,20.46772208516623,2018,-6.374806568108116,2016,20.46772208516623,300000.0,160000.0,10,2,No,2018,396053.41854916257,0.0,396053.41854916257,96053.41854916257,5,82,2016,2025,annual_performance_160k_source.csv,"Rank by full withdrawals funded, then total cash delivered, then ending balance; greedily enforce max 5 Top-100 appearances per ticker.",201403.16625549865,81231.78789957642,0.0,0.0,0.0,0.0,0.0,0.0,0.0,0.0
95,ENB + HDB + KLAC + VZ,Not rebalanced,ENB,Energy,Enbridge Inc Common Stock,5,HDB,Finance,HDFC Bank Limited Common Stock,5,KLAC,Technology,KLA Corporation Common Stock,5,VZ,Telecommunications,Verizon Communications Inc. Common Stock,5,0.0,0.0,0.0,0.0,0.0,0.0,0.0,-4.270021404882551,23.918098915534603,17.27420984625987,2018,-4.270021404882551,2017,23.918098915534603,300000.0,160000.0,10,2,No,2018,394385.02296874975,0.0,394385.02296874975,94385.02296874975,5,82,2016,2025,annual_performance_160k_source.csv,"Rank by full withdrawals funded, then total cash delivered, then ending balance; greedily enforce max 5 Top-100 appearances per ticker.",191822.6295387796,77702.9558142444,0.0,0.0,0.0,0.0,0.0,0.0,0.0,0.0
96,ENB + BLK + KLAC + VZ,Not rebalanced,ENB,Energy,Enbridge Inc Common Stock,5,BLK,Finance,BlackRock Inc. Common Stock,3,KLAC,Technology,KLA Corporation Common Stock,5,VZ,Telecommunications,Verizon Communications Inc. Common Stock,5,0.0,0.0,0.0,0.0,0.0,0.0,0.0,-11.02277659819908,18.168479847518746,21.14762404555608,2018,-11.02277659819908,2016,21.14762404555608,300000.0,160000.0,10,2,No,2018,391542.4473288539,0.0,391542.4473288539,91542.44732885389,5,82,2016,2025,annual_performance_160k_source.csv,"Rank by full withdrawals funded, then total cash delivered, then ending balance; greedily enforce max 5 Top-100 appearances per ticker.",203442.87213666824,80405.3493620322,0.0,0.0,0.0,0.0,0.0,0.0,0.0,0.0
97,BKNG + ENB + BLK + KLAC,Not rebalanced,BKNG,Consumer Discretionary,Booking Holdings Inc. Common Stock,3,ENB,Energy,Enbridge Inc Common Stock,5,BLK,Finance,BlackRock Inc. Common Stock,3,KLAC,Technology,KLA Corporation Common Stock,5,0.0,0.0,0.0,0.0,0.0,0.0,0.0,-13.446232342561103,21.832875413395602,19.720152394483016,2018,-13.446232342561103,2017,21.832875413395602,300000.0,160000.0,10,2,No,2018,391530.5537548433,0.0,391530.5537548433,91530.5537548433,5,82,2016,2025,annual_performance_160k_source.csv,"Rank by full withdrawals funded, then total cash delivered, then ending balance; greedily enforce max 5 Top-100 appearances per ticker.",199160.45718344906,82642.91167306059,0.0,0.0,0.0,0.0,0.0,0.0,0.0,0.0
98,BKNG + GS + KLAC + VZ,Not rebalanced,BKNG,Consumer Discretionary,Booking Holdings Inc. Common Stock,3,GS,Finance,Goldman Sachs Group Inc. (The) Common Stock,3,KLAC,Technology,KLA Corporation Common Stock,5,VZ,Telecommunications,Verizon Communications Inc. Common Stock,5,0.0,0.0,0.0,0.0,0.0,0.0,0.0,-9.836458636657719,16.323033266265142,21.889636428940705,2018,-9.836458636657719,2016,21.889636428940705,300000.0,160000.0,10,2,No,2018,391445.8730807203,0.0,391445.8730807203,91445.87308072031,5,82,2016,2025,annual_performance_160k_source.csv,"Rank by full withdrawals funded, then total cash delivered, then ending balance; greedily enforce max 5 Top-100 appearances per ticker.",205668.90928682213,79240.31376807479,0.0,0.0,0.0,0.0,0.0,0.0,0.0,0.0
99,BKNG + BLK + QCOM + VZ,Not rebalanced,BKNG,Consumer Discretionary,Booking Holdings Inc. Common Stock,3,BLK,Finance,BlackRock Inc. Common Stock,3,QCOM,Technology,QUALCOMM Incorporated Common Stock,5,VZ,Telecommunications,Verizon Communications Inc. Common Stock,5,0.0,0.0,0.0,0.0,0.0,0.0,0.0,-5.690309757602819,14.969075628544637,21.354425548220046,2018,-5.690309757602819,2016,21.354425548220046,300000.0,160000.0,10,2,No,2018,390364.14193009393,0.0,390364.14193009393,90364.14193009393,5,82,2016,2025,annual_performance_160k_source.csv,"Rank by full withdrawals funded, then total cash delivered, then ending balance; greedily enforce max 5 Top-100 appearances per ticker.",204063.27664466016,74609.66285568557,0.0,0.0,0.0,0.0,0.0,0.0,0.0,0.0
100,HD + GS + QCOM + VZ,Not rebalanced,HD,Consumer Discretionary,Home Depot Inc. (The) Common Stock,1,GS,Finance,Goldman Sachs Group Inc. (The) Common Stock,3,QCOM,Technology,QUALCOMM Incorporated Common Stock,5,VZ,Telecommunications,Verizon Communications Inc. Common Stock,5,0.0,0.0,0.0,0.0,0.0,0.0,0.0,-10.025844080500601,12.987365410317796,23.563687611673444,2018,-10.025844080500601,2016,23.563687611673444,300000.0,160000.0,10,2,No,2018,390228.6805358287,0.0,390228.6805358287,90228.6805358287,5,82,2016,2025,annual_performance_160k_source.csv,"Rank by full withdrawals funded, then total cash delivered, then ending balance; greedily enforce max 5 Top-100 appearances per ticker.",210691.0628350203,78054.28105228668,0.0,0.0,0.0,0.0,0.0,0.0,0.0,0.0
