Rank,Combo,Strategy,Stock 1,Sector 1,Name 1,Stock 2,Sector 2,Name 2,Stock 3,Sector 3,Name 3,Stock 4,Sector 4,Name 4,2025,2024,2023,2022,2021,2020,2019,2018,2017,2016,Worst Year,Worst Year %,Best Year,Best Year %,Starting Value ($),Annual Withdrawal ($),Total Withdrawn ($),Remaining Balance ($),Net Value incl. Withdrawals ($),Net Profit incl. Withdrawals ($),2016 Balance After Withdrawal ($),2017 Balance After Withdrawal ($),2018 Balance After Withdrawal ($),2019 Balance After Withdrawal ($),2020 Balance After Withdrawal ($),2021 Balance After Withdrawal ($),2022 Balance After Withdrawal ($),2023 Balance After Withdrawal ($),2024 Balance After Withdrawal ($),2025 Balance After Withdrawal ($)
1,PBR + TSLA + NVDA + ANET,Not rebalanced,PBR,Energy,Petroleo Brasileiro S.A. Petrobras ADS,TSLA,Industrials,Tesla Inc. Common Stock,NVDA,Technology,NVIDIA Corporation Common Stock,ANET,Telecommunications,Arista Networks Inc. Common Stock,32.076813306772806,127.02639265355813,165.77067941962284,-46.227810038264984,85.3181011363183,141.9769519963295,36.8838490639873,-11.063168168903218,63.354741655865745,93.85733611576309,2022,-46.227810038264984,2023,165.77067941962284,300000.0,85000.0,850000.0,10949792.632480077,11799792.632480077,11499792.632480077,496572.0083472893,726173.9213710586,560836.0792510593,682694.0122184042,1566962.1622275435,2818864.524564679,1430765.1869128777,3717554.358157792,8354829.554260772,10949792.63248008
2,PBR + DHR + NVDA + ANET,Not rebalanced,PBR,Energy,Petroleo Brasileiro S.A. Petrobras ADS,DHR,Industrials,Danaher Corporation Common Stock,NVDA,Technology,NVIDIA Corporation Common Stock,ANET,Telecommunications,Arista Networks Inc. Common Stock,33.701604248048596,129.68921767112244,151.11534713271436,-34.91642887613985,97.51145666161233,61.283651990974086,40.5663087614385,-9.26276118148976,56.455655057434726,114.86710951211707,2022,-34.91642887613985,2023,151.11534713271436,300000.0,85000.0,850000.0,10467128.416901546,11317128.416901546,11017128.416901546,559601.3285363512,790527.9242716555,632303.2105733838,803805.2832830714,1211406.5157753322,2307666.655401543,1416911.8689698682,3473083.1583283157,7892297.53543182,10467128.416901544
3,FCX + PBR + NVDA + ANET,Not rebalanced,FCX,Basic Materials,Freeport-McMoRan Inc. Common Stock,PBR,Energy,Petroleo Brasileiro S.A. Petrobras ADS,NVDA,Technology,NVIDIA Corporation Common Stock,ANET,Telecommunications,Arista Networks Inc. Common Stock,34.72369339621214,127.93394853085547,154.22450989118937,-33.84628083276813,101.42014058585436,69.62070202052699,37.25971095101938,-19.434815435704,60.80284216423865,120.30641370340969,2022,-33.84628083276813,2023,154.22450989118937,300000.0,85000.0,850000.0,10405617.636160083,11255617.636160083,10955617.636160083,575919.241110229,841094.5082759624,592629.342952687,728441.3231477833,1150587.2861308856,2232514.529287796,1391891.3920726972,3453529.069714467,7786765.172261105,10405617.636160081
4,PBR + ISRG + NVDA + ANET,Not rebalanced,PBR,Energy,Petroleo Brasileiro S.A. Petrobras ADS,ISRG,Health Care,Intuitive Surgical Inc. Common Stock,NVDA,Technology,NVIDIA Corporation Common Stock,ANET,Telecommunications,Arista Networks Inc. Common Stock,33.617891657589524,133.7756754977334,162.43006035186653,-36.18462577352822,95.72499643770233,60.16409053874748,35.295116073399974,-6.465087909902377,66.65646404341385,100.62747064992882,2022,-36.18462577352822,2023,162.43006035186653,300000.0,85000.0,850000.0,10356993.230114413,11206993.230114413,10906993.230114413,516882.4119497865,776417.9510178261,641221.8479362609,782541.8434533646,1168351.0266522304,2201755.005294937,1320058.1961790374,3379229.5209124084,7814816.639131803,10356993.230114412
5,PBR + CAT + NVDA + ANET,Not rebalanced,PBR,Energy,Petroleo Brasileiro S.A. Petrobras ADS,CAT,Industrials,Caterpillar Inc. Common Stock,NVDA,Technology,NVIDIA Corporation Common Stock,ANET,Telecommunications,Arista Networks Inc. Common Stock,35.538255029128976,132.1002361851256,162.6541550953805,-33.46043113943299,97.25031222620785,59.503075664112956,35.19796031319141,-13.909636444322787,67.25499373122602,107.12536160829573,2022,-33.46043113943299,2023,162.6541550953805,300000.0,85000.0,850000.0,10333312.259508997,11183312.259508997,10883312.259508997,536376.0848248872,812115.7870496605,614153.433564102,745322.915372097,1103812.9736479286,2092274.536913928,1307190.4562419527,3348390.0483297505,7686621.210572591,10333312.259508999
6,NEM + PBR + NVDA + ANET,Not rebalanced,NEM,Basic Materials,Newmont Corporation,PBR,Energy,Petroleo Brasileiro S.A. Petrobras ADS,NVDA,Technology,NVIDIA Corporation Common Stock,ANET,Telecommunications,Arista Networks Inc. Common Stock,36.47778961747633,134.25382686128668,164.38922395644903,-36.17363830714797,94.48567051264588,61.35471315112859,37.1291409497097,-12.02206198552076,53.77245010662751,119.12312436608133,2022,-36.17363830714797,2023,164.38922395644903,300000.0,85000.0,850000.0,10286871.683829488,11136871.683829488,10836871.683829488,572369.373098244,795146.4086731137,614553.4145467897,757731.818045121,1137636.0014615369,2127539.005435724,1272930.740765912,3280491.7070140727,7599677.363547614,10286871.683829485
7,FCX + TSLA + NVDA + ANET,Not rebalanced,FCX,Basic Materials,Freeport-McMoRan Inc. Common Stock,TSLA,Industrials,Tesla Inc. Common Stock,NVDA,Technology,NVIDIA Corporation Common Stock,ANET,Telecommunications,Arista Networks Inc. Common Stock,33.57990506435508,130.41623996415947,152.3029839779586,-47.41824786065539,87.38226860020364,183.0887796890304,39.85596041890149,-25.447042875313308,77.85069887407273,83.78580053799557,2022,-47.41824786065539,2020,183.0887796890304,300000.0,85000.0,850000.0,10278557.045687728,11128557.045687728,10828557.045687728,466357.4016139867,744419.8980214414,469987.0473995616,572304.8989850946,1535130.9546374425,2791563.208783603,1382852.847255729,3403978.997650366,7758320.415555659,10278557.045687728
8,PBR + DE + NVDA + ANET,Not rebalanced,PBR,Energy,Petroleo Brasileiro S.A. Petrobras ADS,DE,Industrials,Deere & Company Common Stock,NVDA,Technology,NVIDIA Corporation Common Stock,ANET,Telecommunications,Arista Networks Inc. Common Stock,33.968509495420726,130.19164963190357,149.11191635249875,-31.271462852008884,96.72299040525685,64.20439705990354,34.93517235996691,-11.486157753166268,63.823930037983935,106.33368756448567,2022,-31.271462852008884,2023,149.11191635249875,300000.0,85000.0,850000.0,10237460.762158042,11087460.762158042,10787460.762158042,534001.062693457,789821.5273490195,614101.3807492439,743638.7565789288,1136087.5365441937,2149945.375511153,1392626.0060697002,3384197.3313434958,7705139.66381845,10237460.76215805
9,NEM + TSLA + NVDA + ANET,Not rebalanced,NEM,Basic Materials,Newmont Corporation,TSLA,Industrials,Tesla Inc. Common Stock,NVDA,Technology,NVIDIA Corporation Common Stock,ANET,Telecommunications,Arista Networks Inc. Common Stock,35.18790827428623,136.43699066069246,161.55864028428485,-49.607547723654356,82.4997535882411,168.9293219450994,39.591547537673094,-17.714443804075746,69.52469658573385,82.60251120066717,2022,-49.607547723654356,2020,168.9293219450994,300000.0,85000.0,850000.0,10210344.232730951,11060344.232730951,10760344.232730951,462807.5336020015,699573.0671147113,490647.58927222644,599902.5628213868,1528313.8945268295,2704169.091566315,1277697.118939245,3256927.2112489706,7615580.686286278,10210344.232730951
10,PBR + PH + NVDA + ANET,Not rebalanced,PBR,Energy,Petroleo Brasileiro S.A. Petrobras ADS,PH,Industrials,Parker-Hannifin Corporation Common Stock,NVDA,Technology,NVIDIA Corporation Common Stock,ANET,Telecommunications,Arista Networks Inc. Common Stock,34.88104375234297,132.9317720650161,169.92680790498324,-35.2520106023609,97.62106088420018,60.95544445115978,38.77833142218161,-14.834555965841767,61.976254405266,108.49222531991913,2022,-35.2520106023609,2023,169.92680790498324,300000.0,85000.0,850000.0,10195688.930876596,11045688.930876596,10745688.930876596,540476.6759597574,790443.8756537016,588185.0365412845,731273.3793869436,1092024.317945271,2073070.0422368958,1257271.1711531775,3308711.9390033702,7622041.352047305,10195688.9308766
11,ISRG + TSLA + NVDA + ANET,Not rebalanced,ISRG,Health Care,Intuitive Surgical Inc. Common Stock,TSLA,Industrials,Tesla Inc. Common Stock,NVDA,Technology,NVIDIA Corporation Common Stock,ANET,Telecommunications,Arista Networks Inc. Common Stock,32.565144027674066,135.9253253408024,159.8396755222473,-49.236080504829516,83.62536328538013,162.77321157945067,37.32708923698432,-11.709616929570501,87.05129643764016,64.10685748451469,2022,-49.236080504829516,2020,162.77321157945067,300000.0,85000.0,850000.0,10172582.230565842,11022582.230565842,10722582.230565842,407320.57245354407,676898.4114315715,512636.2004505864,618988.3724538627,1541535.6256003869,2745650.3926822683,1308799.754960059,3315781.036524185,7737767.198008313,10172582.230565839
12,PBR + PGR + NVDA + ANET,Not rebalanced,PBR,Energy,Petroleo Brasileiro S.A. Petrobras ADS,PGR,Finance,Progressive Corporation (The) Common Stock,NVDA,Technology,NVIDIA Corporation Common Stock,ANET,Telecommunications,Arista Networks Inc. Common Stock,32.99795939106595,132.95687694176587,159.178324464735,-32.43592726239073,95.04649148164572,61.59569019537264,36.18234186741049,-9.952171821419158,65.06272748459935,100.32394784333478,2022,-32.43592726239073,2023,159.178324464735,300000.0,85000.0,850000.0,10139601.1829141,10989601.1829141,10689601.1829141,515971.8435300044,766677.1979831944,605376.1659242649,739415.4398628048,1109863.48345745,2079749.7847197317,1320163.6573083117,3336578.047204048,7687788.0154911075,10139601.182914099
13,FCX + PBR + TSLA + NVDA,Not rebalanced,FCX,Basic Materials,Freeport-McMoRan Inc. Common Stock,PBR,Energy,Petroleo Brasileiro S.A. Petrobras ADS,TSLA,Industrials,Tesla Inc. Common Stock,NVDA,Technology,NVIDIA Corporation Common Stock,33.65447412130595,122.27194826003003,153.43518713760616,-45.89737405304658,81.54342492754199,153.70024034774278,46.59054092378501,-18.848620664454334,47.068669451188136,111.48508104367376,2022,-45.89737405304658,2020,153.70024034774278,300000.0,85000.0,850000.0,10139453.880583795,10989453.880583795,10689453.880583795,549455.2431310213,723076.5153025838,501786.5658194446,650571.6411176084,1565501.817149627,2757065.6161563387,1406644.8974211304,3479933.12814083,7649915.16206483,10139453.880583799
14,NFLX + PBR + NVDA + ANET,Not rebalanced,NFLX,Consumer Discretionary,Netflix Inc. Common Stock,PBR,Energy,Petroleo Brasileiro S.A. Petrobras ADS,NVDA,Technology,NVIDIA Corporation Common Stock,ANET,Telecommunications,Arista Networks Inc. Common Stock,33.59121131718293,136.33013735728426,173.0553542308299,-38.81297380206855,91.66050460767595,65.63815138976729,35.0896665275348,-6.352790982335284,64.2023723167156,98.65781664316147,2022,-38.81297380206855,2023,173.0553542308299,300000.0,85000.0,850000.0,10120144.56791785,10970144.56791785,10670144.56791785,510973.4499294844,754030.5266927783,621128.5433889842,754080.4779715132,1164044.9637031357,2146014.4512936682,1228082.4245244516,3268344.814531805,7639083.789492692,10120144.567917846
15,RIO + PBR + NVDA + ANET,Not rebalanced,RIO,Basic Materials,Rio Tinto Plc Common Stock,PBR,Energy,Petroleo Brasileiro S.A. Petrobras ADS,NVDA,Technology,NVIDIA Corporation Common Stock,ANET,Telecommunications,Arista Networks Inc. Common Stock,34.89810700652701,130.6274880298002,160.5497568533826,-33.422969637924226,93.24778550547926,60.544559215140914,38.299237405191676,-11.57686889052226,62.13742538044927,106.41023505338426,2022,-33.422969637924226,2023,160.5497568533826,300000.0,85000.0,850000.0,10105212.75003291,10955212.75003291,10655212.75003291,534230.7051601527,781187.9109384904,605750.8107005316,752748.7517746014,1123497.1655340092,2086133.3926113015,1303885.6621922278,3312270.9224879676,7554007.22527549,10105212.750032913
16,PBR + ISRG + TSLA + NVDA,Not rebalanced,PBR,Energy,Petroleo Brasileiro S.A. Petrobras ADS,ISRG,Health Care,Intuitive Surgical Inc. Common Stock,TSLA,Industrials,Tesla Inc. Common Stock,NVDA,Technology,NVIDIA Corporation Common Stock,32.57460421929931,127.82411947864523,161.26613909483473,-47.81584901774909,77.76445940450427,137.15919667319633,43.48244379454865,-3.912899938437829,51.78240467638432,91.8061379901929,2022,-47.81584901774909,2023,161.26613909483473,300000.0,85000.0,850000.0,10091500.795813669,10941500.795813669,10641500.795813669,490418.4139705787,659368.8617003295,548568.417916779,702099.3719120871,1580093.2302742628,2723844.188884212,1336414.964048605,3406599.7788554127,7676055.95033882,10091500.795813665
17,AMZN + PBR + NVDA + ANET,Not rebalanced,AMZN,Consumer Discretionary,Amazon.com Inc. Common Stock,PBR,Energy,Petroleo Brasileiro S.A. Petrobras ADS,NVDA,Technology,NVIDIA Corporation Common Stock,ANET,Telecommunications,Arista Networks Inc. Common Stock,33.77142486110499,134.20429821751804,174.5935498511009,-38.59835924053997,89.80644958988839,67.15256694618549,35.620860972609655,-7.624402167387635,64.29649543396175,99.33528247077402,2022,-38.59835924053997,2023,174.5935498511009,300000.0,85000.0,850000.0,10057836.892398955,10907836.892398955,10607836.892398955,513005.84741232207,757850.6286697425,615069.0489118858,749161.9397103412,1167243.41280967,2130503.2799258796,1223163.9703086016,3273729.3665700546,7582214.888516195,10057836.892398957
18,PBR + UNH + NVDA + ANET,Not rebalanced,PBR,Energy,Petroleo Brasileiro S.A. Petrobras ADS,UNH,Health Care,UnitedHealth Group Incorporated Common Stock (DE),NVDA,Technology,NVIDIA Corporation Common Stock,ANET,Telecommunications,Arista Networks Inc. Common Stock,33.064877860427494,130.96925170405763,156.11405529642914,-33.434435666570856,100.54401214079193,58.15595920638247,35.07249454510738,-9.091499193720889,61.313504667787186,106.20096138414333,2022,-33.434435666570856,2023,156.11405529642914,300000.0,85000.0,850000.0,10043238.2000187,10893238.2000187,10593238.2000187,533602.88415243,775773.5134346774,620244.0707156635,752779.1385837665,1105565.067332699,2132144.5428560423,1334274.0473565375,3332263.371452626,7611503.773852534,10043238.200018702
19,NEM + PBR + TSLA + NVDA,Not rebalanced,NEM,Basic Materials,Newmont Corporation,PBR,Energy,Petroleo Brasileiro S.A. Petrobras ADS,TSLA,Industrials,Tesla Inc. Common Stock,NVDA,Technology,NVIDIA Corporation Common Stock,35.368526135797914,128.1014114864352,163.09699514349228,-48.16688511198879,76.470064171062,141.74214518382942,46.05282246732805,-10.310292310382776,39.66610306942183,110.30179170634536,2022,-48.16688511198879,2023,163.09699514349228,300000.0,85000.0,850000.0,10041534.033365114,10891534.033365114,10591534.033365114,545905.3751190361,677444.7638752668,522598.2284783444,678269.4628568778,1554663.1496370535,2658515.057808362,1292991.164228886,3316820.900557056,7480715.290647737,10041534.033365114
20,AEM + PBR + NVDA + ANET,Not rebalanced,AEM,Basic Materials,Agnico Eagle Mines Limited Common Stock,PBR,Energy,Petroleo Brasileiro S.A. Petrobras ADS,NVDA,Technology,NVIDIA Corporation Common Stock,ANET,Telecommunications,Arista Networks Inc. Common Stock,36.17789457766096,136.43302234514846,170.37214963450742,-35.73435180828895,93.80063766849723,57.88336911777242,40.62728746539284,-12.893059111399518,55.22377019366467,111.95830796087631,2022,-35.73435180828895,2023,170.37214963450742,300000.0,85000.0,850000.0,10035073.432848135,10885073.432848135,10585073.432848135,550874.9238826289,770088.825902097,585800.8183682571,738795.8008213528,1081435.7012373789,2010829.2849728244,1207272.4740165342,3179128.5399442036,7431509.69122727,10035073.43284813
21,SONY + PBR + NVDA + ANET,Not rebalanced,SONY,Consumer Staples,Sony Group Corporation American Depositary Shares,PBR,Energy,Petroleo Brasileiro S.A. Petrobras ADS,NVDA,Technology,NVIDIA Corporation Common Stock,ANET,Telecommunications,Arista Networks Inc. Common Stock,34.403889360343754,133.1950333121478,166.91896474156422,-37.62998006799664,95.36548573022961,62.65195214367224,39.031029639394966,-10.16483261526641,65.02367527234505,100.24940245138313,2022,-37.62998006799664,2023,166.91896474156422,300000.0,85000.0,850000.0,10009563.921225846,10859563.921225846,10559563.921225846,515748.20735414943,766106.6469270523,603233.1886124873,753681.3132544947,1140877.3689505013,2143880.6134364107,1252138.7659186453,3257195.8311178456,7510618.903417149,10009563.921225848
22,FCX + DHR + NVDA + ANET,Not rebalanced,FCX,Basic Materials,Freeport-McMoRan Inc. Common Stock,DHR,Industrials,Danaher Corporation Common Stock,NVDA,Technology,NVIDIA Corporation Common Stock,ANET,Telecommunications,Arista Networks Inc. Common Stock,35.37479038236452,133.54204003067989,137.3843524441662,-37.02489661561587,99.72610000129356,88.371767867102,43.801411300201615,-22.889934241508705,69.12519989151528,104.7955739343495,2022,-37.02489661561587,2023,137.3843524441662,300000.0,85000.0,850000.0,9981714.247751815,10831714.247751815,10531714.247751815,529386.7218030485,810326.3514485457,539843.1824603569,691302.1151859156,1217218.0156783788,2346102.07122756,1392460.204858733,3220482.6403466146,7436180.857099389,9981714.247751815
23,MA + PBR + NVDA + ANET,Not rebalanced,MA,Consumer Discretionary,Mastercard Incorporated Common Stock,PBR,Energy,Petroleo Brasileiro S.A. Petrobras ADS,NVDA,Technology,NVIDIA Corporation Common Stock,ANET,Telecommunications,Arista Networks Inc. Common Stock,33.98706760682242,133.04116249108608,164.64195866893513,-34.832070845631215,93.05690222257739,56.88421989809711,41.9082776006717,-8.426274595420482,63.22435907996925,98.32567066085315,2022,-34.832070845631215,2023,164.64195866893513,300000.0,85000.0,850000.0,9979442.571681786,10829442.571681786,10529442.571681786,509977.01198255946,747406.7092637107,599428.1675965544,765638.188089538,1116165.498626197,2069834.5353249204,1263868.3035932025,3259725.8336248947,7511502.976701703,9979442.571681788
24,PBR + CME + NVDA + ANET,Not rebalanced,PBR,Energy,Petroleo Brasileiro S.A. Petrobras ADS,CME,Finance,CME Group Inc. Class A Common Stock,NVDA,Technology,NVIDIA Corporation Common Stock,ANET,Telecommunications,Arista Networks Inc. Common Stock,34.43562385988686,134.54110626561706,171.1068318382142,-36.54303604319867,100.84355553377004,54.0003696880381,32.9363063748547,-7.007667428532124,60.2079233069913,105.081516783048,2022,-36.54303604319867,2023,171.1068318382142,300000.0,85000.0,850000.0,9953229.474935265,10803229.474935265,10503229.474935265,530244.550349144,764493.7825628575,625920.6007690469,747075.7275016715,1065499.3822021743,2054986.8434052006,1219032.2605366474,3219879.74062667,7466941.564088273,9953229.474935263
25,PBR + SPGI + NVDA + ANET,Not rebalanced,PBR,Energy,Petroleo Brasileiro S.A. Petrobras ADS,SPGI,Finance,S&P Global Inc. Common Stock,NVDA,Technology,NVIDIA Corporation Common Stock,ANET,Telecommunications,Arista Networks Inc. Common Stock,33.921349638995295,132.18201563229724,166.02680578622935,-36.562493199217464,99.85582448832307,57.65320172445936,42.09859597229684,-11.168585307352883,64.76682120832803,99.23638251440565,2022,-36.562493199217464,2023,166.02680578622935,300000.0,85000.0,850000.0,9950552.730861442,10800552.730861442,10500552.730861442,512709.14754321694,759774.5644512749,589918.4940769654,753265.8974642849,1102547.8048509283,2118506.00576273,1258927.3914807178,3264084.3267240524,7493616.781725803,9950552.73086144
26,RIO + TSLA + NVDA + ANET,Not rebalanced,RIO,Basic Materials,Rio Tinto Plc Common Stock,TSLA,Industrials,Tesla Inc. Common Stock,NVDA,Technology,NVIDIA Corporation Common Stock,ANET,Telecommunications,Arista Networks Inc. Common Stock,33.731064928480315,132.99188676379026,158.0908274953809,-47.645276793682676,81.66424914601139,167.1778706609011,40.95871468084876,-17.271849089898723,80.8666082162814,69.88962188797008,2022,-47.645276793682676,2020,167.1778706609011,300000.0,85000.0,850000.0,9937221.641540725,10787221.641540725,10487221.641540725,424668.8656639102,683084.173476871,480102.90587696375,591746.8852695732,1496016.7277654512,2632727.555593836,1293357.224507597,3253036.363202949,7494310.799738736,9937221.641540721
27,PBR + LLY + NVDA + ANET,Not rebalanced,PBR,Energy,Petroleo Brasileiro S.A. Petrobras ADS,LLY,Health Care,Eli Lilly and Company Common Stock,NVDA,Technology,NVIDIA Corporation Common Stock,ANET,Telecommunications,Arista Networks Inc. Common Stock,34.987725623902975,129.67989783819783,164.76337974325847,-32.16214704680176,104.59156558243834,61.496637464983216,35.540420170064735,-8.558516730104937,60.12246488531634,94.00668251590345,2022,-32.16214704680176,2023,164.76337974325847,300000.0,85000.0,850000.0,9923562.78256344,10773562.78256344,10473562.78256344,497020.04754771036,710840.7511075651,565003.3264996206,680807.8827124286,1014481.8381771191,1990544.2752760667,1265342.4984300835,3265163.564171277,7414424.338438649,9923562.782563444
28,ISRG + DHR + NVDA + ANET,Not rebalanced,ISRG,Health Care,Intuitive Surgical Inc. Common Stock,DHR,Industrials,Danaher Corporation Common Stock,NVDA,Technology,NVIDIA Corporation Common Stock,ANET,Telecommunications,Arista Networks Inc. Common Stock,34.24243959786067,139.71072067609137,144.60544052279005,-39.21603129640033,94.51724308069015,77.32411096981552,41.10717965107091,-9.817047016497305,76.3540077472879,85.11663088086866,2022,-39.21603129640033,2023,144.60544052279005,300000.0,85000.0,850000.0,9913020.30923141,10763020.30923141,10463020.30923141,470349.89264260593,744480.8861103015,586394.8474920173,742445.2309151841,1231534.4051581444,2310546.7725037998,1319442.027080742,3142426.9827836803,7447734.367150716,9913020.30923141
29,PBR + UNP + NVDA + ANET,Not rebalanced,PBR,Energy,Petroleo Brasileiro S.A. Petrobras ADS,UNP,Industrials,Union Pacific Corporation Common Stock,NVDA,Technology,NVIDIA Corporation Common Stock,ANET,Telecommunications,Arista Networks Inc. Common Stock,34.16039568257384,132.83432713845204,167.24372573381834,-35.890367632772886,98.53017338364026,57.88286400303291,37.68893549584587,-10.601414348197116,60.131245879021286,105.59358331150017,2022,-35.890367632772886,2023,167.24372573381834,300000.0,85000.0,850000.0,9906913.195288608,10756913.195288608,10456913.195288608,531780.7499345005,766547.1402149184,600282.3017064794,741522.3111896133,1085736.6621276438,2070514.8778117597,1242399.476273861,3235234.6488917125,7447736.8260970805,9906913.19528861
30,BHP + TSLA + NVDA + ANET,Not rebalanced,BHP,Energy,BHP Group Limited American Depositary Shares (Each representing two Ordinary Shares),TSLA,Industrials,Tesla Inc. Common Stock,NVDA,Technology,NVIDIA Corporation Common Stock,ANET,Telecommunications,Arista Networks Inc. Common Stock,33.40131083029873,132.26418729419396,159.01878548973002,-47.486940528229155,82.623949407991,165.91189312547306,38.26016557093168,-15.308113248032592,78.44661339015771,70.5406460120604,2022,-47.486940528229155,2020,165.91189312547306,300000.0,85000.0,850000.0,9906070.507601712,10756070.507601712,10456070.507601712,426621.9380361812,676292.4004050223,487764.79386318347,589384.4115919512,1482243.2466505873,2621931.1568665323,1291856.2677142113,3261150.4149063053,7489484.507623364,9906070.507601712
31,PGR + TSLA + NVDA + ANET,Not rebalanced,PGR,Finance,Progressive Corporation (The) Common Stock,TSLA,Industrials,Tesla Inc. Common Stock,NVDA,Technology,NVIDIA Corporation Common Stock,ANET,Telecommunications,Arista Networks Inc. Common Stock,31.992796446234955,135.1421532598412,156.86371362867283,-46.855746039308414,82.87587421698372,169.5153319178111,38.477862201108046,-15.575656503423005,85.14002092465232,63.80333467792065,2022,-46.855746039308414,2020,169.5153319178111,300000.0,85000.0,850000.0,9903797.612011852,10753797.612011852,10453797.612011852,406410.004033762,667427.5665079872,478471.341339548,577576.8847319726,1471658.257965929,2606307.9047416262,1300102.8918934695,3254492.5691113356,7567683.904689921,9903797.612011852
32,UNH + TSLA + NVDA + ANET,Not rebalanced,UNH,Health Care,UnitedHealth Group Incorporated Common Stock (DE),TSLA,Industrials,Tesla Inc. Common Stock,NVDA,Technology,NVIDIA Corporation Common Stock,ANET,Telecommunications,Arista Networks Inc. Common Stock,32.03433755590678,133.30621722765852,154.01192020301062,-47.44622722483348,86.50953489889251,164.6924645582831,37.14954050696726,-14.60144819725661,79.88845299687242,69.6803482187292,2022,-47.44622722483348,2020,164.6924645582831,300000.0,85000.0,850000.0,9898333.143443802,10748333.143443802,10448333.143443802,424041.0446561876,677800.8753037928,493832.1316157576,592288.4993867734,1482743.026322122,2680457.122139153,1323681.3453047783,3277308.4025777103,7561164.260938258,9898333.143443802
33,AEM + TSLA + NVDA + ANET,Not rebalanced,AEM,Basic Materials,Agnico Eagle Mines Limited Common Stock,TSLA,Industrials,Tesla Inc. Common Stock,NVDA,Technology,NVIDIA Corporation Common Stock,ANET,Telecommunications,Arista Networks Inc. Common Stock,34.915238655634326,138.48539614406505,167.01518620065673,-49.624748805281236,81.78336525336609,166.02052152171063,43.784808779651065,-18.814427139492125,71.92145233677459,75.43769479546218,2022,-49.624748805281236,2023,167.01518620065673,300000.0,85000.0,850000.0,9882458.020105159,10732458.020105159,10432458.020105159,441313.08438638656,673711.8640292914,461956.83624138625,579223.7536342031,1455854.0501953354,2561500.4856225103,1205362.3039862805,3133500.400381492,7387940.843025665,9882458.020105157
34,NFLX + TSLA + NVDA + ANET,Not rebalanced,NFLX,Consumer Discretionary,Netflix Inc. Common Stock,TSLA,Industrials,Tesla Inc. Common Stock,NVDA,Technology,NVIDIA Corporation Common Stock,ANET,Telecommunications,Arista Networks Inc. Common Stock,32.536537592421446,138.34852001832814,169.53179949131874,-51.290943554713294,80.87337094047763,171.98403161954235,37.14510296228693,-11.730207097377237,84.29219037604658,62.13720347774731,2022,-51.290943554713294,2020,171.98403161954235,300000.0,85000.0,850000.0,9879463.311123274,10729463.311123274,10429463.311123274,401411.61043324193,654770.2492911846,492964.3430373155,591076.4558258876,1522633.5745091524,2669038.673286193,1215063.5539175035,3189982.6618370176,7518276.4633298,9879463.311123274
35,NEM + DHR + NVDA + ANET,Not rebalanced,NEM,Basic Materials,Newmont Corporation,DHR,Industrials,Danaher Corporation Common Stock,NVDA,Technology,NVIDIA Corporation Common Stock,ANET,Telecommunications,Arista Networks Inc. Common Stock,37.17083355069184,140.40757461009093,145.82210314579888,-39.317178169520844,93.34337175552677,79.25260630380741,43.40271615532203,-15.480994204228873,61.607609687900876,103.61228459702114,2022,-39.317178169520844,2023,145.82210314579888,300000.0,85000.0,850000.0,9878498.444303878,10728498.444303878,10428498.444303878,525836.8537910634,764792.3702697996,561394.9077539473,720055.546076825,1205718.333177822,2246176.4792405376,1278043.270895665,3056712.8476290833,7263569.219780124,9878498.44430388
36,PBR + JPM + NVDA + ANET,Not rebalanced,PBR,Energy,Petroleo Brasileiro S.A. Petrobras ADS,JPM,Finance,JP Morgan Chase & Co. Common Stock,NVDA,Technology,NVIDIA Corporation Common Stock,ANET,Telecommunications,Arista Networks Inc. Common Stock,34.76123630649347,135.51539305676846,170.74601689964382,-36.0405740797198,101.23761985422179,54.96149186939995,39.67564083831974,-12.26529455404699,59.27184612616274,105.23299169563587,2022,-36.0405740797198,2023,170.74601689964382,300000.0,85000.0,850000.0,9868795.21098812,10718795.21098812,10418795.21098812,530698.9750869076,760254.0549935423,582006.655789498,727921.5261956552,1042998.0566312924,2013904.4642906012,1203081.7339431627,3172295.874698283,7386245.098219313,9868795.21098812
37,FCX + ISRG + NVDA + ANET,Not rebalanced,FCX,Basic Materials,Freeport-McMoRan Inc. Common Stock,ISRG,Health Care,Intuitive Surgical Inc. Common Stock,NVDA,Technology,NVIDIA Corporation Common Stock,ANET,Telecommunications,Arista Networks Inc. Common Stock,35.26824190542367,137.78543852422658,147.75237311443036,-38.280932259934886,98.06322966383601,87.52429002254387,37.71140022155009,-20.246705010876294,80.81191144727104,90.55593507216125,2022,-38.280932259934886,2023,147.75237311443036,300000.0,85000.0,850000.0,9861380.47588483,10711380.47588483,10411380.47588483,486667.8052164838,794953.3610104062,549001.4990325827,671037.6515550695,1173358.5918625959,2238991.922581166,1296884.9413924562,3128063.2188634994,7353078.842289608,9861380.475884832
38,PBR + PGR + TSLA + NVDA,Not rebalanced,PBR,Energy,Petroleo Brasileiro S.A. Petrobras ADS,PGR,Finance,Progressive Corporation (The) Common Stock,TSLA,Industrials,Tesla Inc. Common Stock,NVDA,Technology,NVIDIA Corporation Common Stock,31.966136844135324,127.07811031206708,158.168533542082,-45.24350603477284,76.85237930790335,142.2110976676968,44.94383952793433,-7.891616773478543,50.0916799036804,91.50261518359886,2022,-45.24350603477284,2023,158.168533542082,300000.0,85000.0,850000.0,9855434.784590866,10705434.784590866,10405434.784590866,489507.8455507966,649710.5486475038,513437.88201137795,659196.5797781963,1511647.2716686842,2588384.1666890737,1332308.4200299978,3354601.1102491273,7532564.80966134,9855434.784590866
39,PBR + NVDA + ANET + NEE,Not rebalanced,PBR,Energy,Petroleo Brasileiro S.A. Petrobras ADS,NVDA,Technology,NVIDIA Corporation Common Stock,ANET,Telecommunications,Arista Networks Inc. Common Stock,NEE,Utilities,NextEra Energy Inc. Common Stock,34.374454874484684,135.16645282310262,158.71546875333124,-35.098301623909045,97.38862969051013,59.70709531976425,39.11178435363632,-9.744910259539694,61.04633150618633,101.20634968970212,2022,-35.098301623909045,2023,158.71546875333124,300000.0,85000.0,850000.0,9852088.94112575,10702088.94112575,10402088.94112575,518619.04906910635,750216.9530180641,592108.9841946008,738693.3732312997,1094745.7297072937,2075903.5944646024,1262296.6894578466,3180756.7971886494,7395072.9328782745,9852088.941125747
40,PBR + GLW + NVDA + ANET,Not rebalanced,PBR,Energy,Petroleo Brasileiro S.A. Petrobras ADS,GLW,Industrials,Corning Incorporated Common Stock,NVDA,Technology,NVIDIA Corporation Common Stock,ANET,Telecommunications,Arista Networks Inc. Common Stock,35.57511756289396,137.14865296333218,170.28824494649757,-36.205036619369075,99.19765760509736,61.037510430435496,32.443992905578654,-11.74634423518038,60.5088656809494,105.65698348233934,2022,-36.205036619369075,2023,170.28824494649757,300000.0,85000.0,850000.0,9846469.749606842,10696469.749606842,10396469.749606842,531970.950447018,768860.538314674,593547.5327957715,701118.0522272687,1044063.056485154,1994749.152438611,1187549.4913336576,3124806.6779968026,7325436.944577668,9846469.74960684
41,PBR + MS + NVDA + ANET,Not rebalanced,PBR,Energy,Petroleo Brasileiro S.A. Petrobras ADS,MS,Finance,Morgan Stanley Common Stock,NVDA,Technology,NVIDIA Corporation Common Stock,ANET,Telecommunications,Arista Networks Inc. Common Stock,34.96405255340661,134.8801094946953,165.96429107556335,-35.5342122794339,102.42411616066778,62.218383331214,37.76749962622323,-14.380994568407804,59.185983156467906,105.61717944761715,2022,-35.5342122794339,2023,165.96429107556335,300000.0,85000.0,850000.0,9843967.115493264,10693967.115493264,10393967.115493264,531851.5383428514,761633.1002438669,567102.6854666003,696283.1900805007,1044499.334355592,2029318.5458733654,1223216.1859568025,3168318.2573015545,7356749.391890312,9843967.11549326
42,PBR + SYK + NVDA + ANET,Not rebalanced,PBR,Energy,Petroleo Brasileiro S.A. Petrobras ADS,SYK,Health Care,Stryker Corporation Common Stock,NVDA,Technology,NVIDIA Corporation Common Stock,ANET,Telecommunications,Arista Networks Inc. Common Stock,33.93884947243477,134.25526434445845,168.4694341226499,-35.59954378236078,97.61268903066964,58.36653102081105,37.98300208623811,-11.079096936609856,60.07735105763054,104.27102167950302,2022,-35.59954378236078,2023,168.4694341226499,300000.0,85000.0,850000.0,9840821.12352174,10690821.12352174,10390821.12352174,527813.0650385091,759909.173049734,590718.0991373636,730090.5670564945,1071219.1043575387,2031864.8775311871,1223530.250856061,3199804.7407927057,7410711.054050466,9840821.123521738
43,RIO + PBR + TSLA + NVDA,Not rebalanced,RIO,Basic Materials,Rio Tinto Plc Common Stock,PBR,Energy,Petroleo Brasileiro S.A. Petrobras ADS,TSLA,Industrials,Tesla Inc. Common Stock,NVDA,Technology,NVIDIA Corporation Common Stock,33.81615103747892,124.74488192413354,159.4623265088296,-46.074919086787816,75.61841765210642,140.3156798356483,47.38740276199484,-9.78565319940558,47.49692790447364,97.58890239364828,2022,-46.074919086787816,2023,159.4623265088296,300000.0,85000.0,850000.0,9839859.729463547,10689859.729463547,10389859.729463547,507766.70718094485,663940.294013598,513969.3993903134,672526.1487528072,1531185.7864478119,2604044.2494736086,1319232.9685444925,3337912.5522570363,7416787.624300908,9839859.729463547
44,SCCO + PBR + NVDA + ANET,Not rebalanced,SCCO,Basic Materials,Southern Copper Corporation Common Stock,PBR,Energy,Petroleo Brasileiro S.A. Petrobras ADS,NVDA,Technology,NVIDIA Corporation Common Stock,ANET,Telecommunications,Arista Networks Inc. Common Stock,35.46742820817192,132.4381504065365,170.31592312101,-35.06041763625736,96.09085062821792,64.55747179138397,39.34918277598648,-15.921023794122075,63.381043670643166,102.3731804631478,2022,-35.06041763625736,2023,170.31592312101,300000.0,85000.0,850000.0,9838956.406851636,10688956.406851636,10388956.406851636,522119.54138944345,768044.3559304484,560763.8312733502,696419.8161827251,1061010.8425644962,1995545.1864423426,1210898.7099554266,3188252.025876413,7325714.039246063,9838956.406851633
45,NFLX + PBR + TSLA + NVDA,Not rebalanced,NFLX,Consumer Discretionary,Netflix Inc. Common Stock,PBR,Energy,Petroleo Brasileiro S.A. Petrobras ADS,TSLA,Industrials,Tesla Inc. Common Stock,NVDA,Technology,NVIDIA Corporation Common Stock,32.54421680831335,130.1971476116107,171.3656119327326,-49.98405142076181,74.97321335350243,144.99718104680653,43.47038045986835,-3.7098693702306584,49.05994983497351,89.8364839834255,2022,-49.98405142076181,2023,171.3656119327326,300000.0,85000.0,850000.0,9824721.840051098,10674721.840051098,10374721.840051098,484509.4519502765,637209.5460227872,528569.9042507021,673341.2526248442,1564667.0877561246,2652748.2817315566,1241797.21652748,3284810.615593437,7476540.341539482,9824721.840051103
46,CME + TSLA + NVDA + ANET,Not rebalanced,CME,Finance,CME Group Inc. Class A Common Stock,TSLA,Industrials,Tesla Inc. Common Stock,NVDA,Technology,NVIDIA Corporation Common Stock,ANET,Telecommunications,Arista Networks Inc. Common Stock,33.29977813509492,136.6978559485539,167.7125621409323,-50.0275547887019,86.4013731095551,160.62487514844,34.65075656062344,-12.402585610772112,78.66669473409262,68.56090361763387,2022,-50.0275547887019,2023,167.7125621409323,300000.0,85000.0,850000.0,9821653.800407138,10671653.800407138,10371653.800407138,420682.7108529016,666619.8947986593,498941.79164781654,586828.8972509145,1444422.080795163,2607422.5920997914,1217992.8262640769,3175719.8018843145,7431860.681993837,9821653.800407136
47,AMZN + TSLA + NVDA + ANET,Not rebalanced,AMZN,Consumer Discretionary,Amazon.com Inc. Common Stock,TSLA,Industrials,Tesla Inc. Common Stock,NVDA,Technology,NVIDIA Corporation Common Stock,ANET,Telecommunications,Arista Networks Inc. Common Stock,32.697676352707234,136.35135943617533,170.94458123476358,-51.191992929457655,79.60888394412575,174.4157366100009,37.78450035161966,-13.094600437635034,84.32383305890262,62.814669305359885,2022,-51.191992929457655,2020,174.4157366100009,300000.0,85000.0,850000.0,9818150.948295245,10668150.948295245,10368150.948295245,403444.00791607966,658643.4596373807,487396.7302892497,586557.149559174,1524605.1226014318,2653326.245259402,1210035.6613907644,3193526.0555465077,7462942.246232638,9818150.948295247
48,WMT + PBR + NVDA + ANET,Not rebalanced,WMT,Consumer Discretionary,Walmart Inc. Common Stock,PBR,Energy,Petroleo Brasileiro S.A. Petrobras ADS,NVDA,Technology,NVIDIA Corporation Common Stock,ANET,Telecommunications,Arista Networks Inc. Common Stock,34.440021858122414,136.7755875090939,168.3831323702462,-35.45016996994102,97.32166040369121,59.65501211192947,37.27186756398429,-11.85207949422002,62.88501768204182,100.60670080704797,2022,-35.45016996994102,2023,168.3831323702462,300000.0,85000.0,850000.0,9816170.656215532,10666170.656215532,10366170.656215532,516820.1024211439,756822.5152130269,582123.3090798235,714091.5378991383,1055082.9313231327,1996907.1587227425,1204000.1768136104,3146333.38827567,7364749.365084497,9816170.65621553
49,LIN + PBR + NVDA + ANET,Not rebalanced,LIN,Basic Materials,Linde plc Ordinary Shares,PBR,Energy,Petroleo Brasileiro S.A. Petrobras ADS,NVDA,Technology,NVIDIA Corporation Common Stock,ANET,Telecommunications,Arista Networks Inc. Common Stock,33.96001042040066,131.85162625669477,165.43201104798172,-34.96805318737845,100.00277162992388,59.707528022158776,38.53717146133877,-11.135522140941365,61.18608106749345,100.97572760827893,2022,-34.96805318737845,2023,165.43201104798172,300000.0,85000.0,850000.0,9805275.035707885,10655275.035707885,10355275.035707885,517927.1828248368,749826.5287786265,581329.4296478305,720357.3487064377,1065464.914545014,2045959.359834428,1245527.2026953779,3221027.9022640125,7383005.573581014,9805275.035707887
50,FCX + CAT + NVDA + ANET,Not rebalanced,FCX,Basic Materials,Freeport-McMoRan Inc. Common Stock,CAT,Industrials,Caterpillar Inc. Common Stock,NVDA,Technology,NVIDIA Corporation Common Stock,ANET,Telecommunications,Arista Networks Inc. Common Stock,37.23528767001399,136.06152987369939,147.93135571888,-35.80652532700732,99.63609083854811,88.30027205576418,37.73469611398511,-27.01214264489656,80.97425350866942,97.05382603052817,2022,-35.80652532700732,2023,147.93135571888,300000.0,85000.0,850000.0,9802776.79867852,10652776.79867852,10352776.79867852,506161.4780915845,831021.9565246921,521545.12021783204,633348.5864293493,1107597.1113078012,2126163.575255577,1279858.2761880844,3088169.975433406,7204981.289108343,9802776.798678517
51,PBR + UNH + TSLA + NVDA,Not rebalanced,PBR,Energy,Petroleo Brasileiro S.A. Petrobras ADS,UNH,Health Care,UnitedHealth Group Incorporated Common Stock (DE),TSLA,Industrials,Tesla Inc. Common Stock,NVDA,Technology,NVIDIA Corporation Common Stock,32.00977342799206,125.08932277146485,155.22760848315252,-45.887778241793086,80.52845513391065,137.96116097026157,43.54720701617188,-6.916401618182998,46.620661621072024,97.37962872440741,2022,-45.887778241793086,2023,155.22760848315252,300000.0,85000.0,850000.0,9790876.269110816,10640876.269110816,10340876.269110816,507138.8861732222,658570.3902449138,528021.0171171403,672959.4225300378,1516382.0547112462,2652501.0972980643,1350327.2759088003,3361408.0129977316,7481170.532042347,9790876.26911081
52,PBR + BX + NVDA + ANET,Not rebalanced,PBR,Energy,Petroleo Brasileiro S.A. Petrobras ADS,BX,Finance,Blackstone Inc. Common Stock,NVDA,Technology,NVIDIA Corporation Common Stock,ANET,Telecommunications,Arista Networks Inc. Common Stock,32.85237504550563,131.307812561684,171.45844995531374,-37.739260617919676,108.28281388022359,58.37764590743548,44.97828107643163,-11.798759116573104,60.83914724777062,96.21762535237897,2022,-37.739260617919676,2023,171.45844995531374,300000.0,85000.0,850000.0,9788131.838706853,10638131.838706853,10338131.838706853,503652.8760571369,725070.9909391701,554521.6112941077,718935.9002515292,1053633.7544018005,2109538.0316599146,1228413.9760576468,3249633.538440527,7431656.254037634,9788131.838706853
53,SONY + TSLA + NVDA + ANET,Not rebalanced,SONY,Consumer Staples,Sony Group Corporation American Depositary Shares,TSLA,Industrials,Tesla Inc. Common Stock,NVDA,Technology,NVIDIA Corporation Common Stock,ANET,Telecommunications,Arista Networks Inc. Common Stock,33.27502367020625,135.4164017938642,163.91382305923733,-50.40945475354264,83.29769585448763,168.5568296838454,41.80033055256816,-15.81127442204486,85.10139905193773,63.728789285968986,2022,-50.40945475354264,2020,168.5568296838454,300000.0,85000.0,850000.0,9779684.314554287,10629684.314554287,10329684.314554287,406186.36785790697,666856.6496632361,476418.11478332756,590562.4615750723,1500995.8241088914,2666290.760463676,1237228.1259698516,3180216.047211192,7401750.187615645,9779684.314554287
54,PBR + PLD + NVDA + ANET,Not rebalanced,PBR,Energy,Petroleo Brasileiro S.A. Petrobras ADS,PLD,Real Estate,Prologis Inc. Common Stock,NVDA,Technology,NVIDIA Corporation Common Stock,ANET,Telecommunications,Arista Networks Inc. Common Stock,34.55188019362204,132.07456550915285,166.81681946804113,-36.897537548949416,104.59902673219486,57.931803860725005,40.75382358940878,-12.262981318537895,59.43054253998524,103.4384122680033,2022,-36.897537548949416,2023,166.81681946804113,300000.0,85000.0,850000.0,9776583.32140851,10626583.32140851,10326583.32140851,525315.2368040099,752512.9320818412,575232.4118010632,724661.61413557,1059471.1590905525,2082667.6800075741,1229214.5907569458,3194751.2754947804,7329205.14170263,9776583.32140851
55,PBR + ABBV + NVDA + ANET,Not rebalanced,PBR,Energy,Petroleo Brasileiro S.A. Petrobras ADS,ABBV,Health Care,AbbVie Inc. Common Stock,NVDA,Technology,NVIDIA Corporation Common Stock,ANET,Telecommunications,Arista Networks Inc. Common Stock,34.667548036187426,133.9457092989342,162.098530292698,-33.782800454361386,101.54197099280628,61.03121164234715,32.91300096555883,-11.484143266117867,64.87651572655186,99.04689402825207,2022,-33.782800454361386,2023,162.098530292698,300000.0,85000.0,850000.0,9770547.433208609,10620547.433208609,10320547.433208609,512140.6820847562,759399.712239543,587189.161323467,695450.7356595165,1034892.7460081363,2000743.2379663743,1239836.1422800652,3164592.3069537356,7318427.918922423,9770547.433208605
56,AEM + PBR + TSLA + NVDA,Not rebalanced,AEM,Basic Materials,Agnico Eagle Mines Limited Common Stock,PBR,Energy,Petroleo Brasileiro S.A. Petrobras ADS,TSLA,Industrials,Tesla Inc. Common Stock,NVDA,Technology,NVIDIA Corporation Common Stock,35.07735182841522,130.16924209365837,168.78221732108733,-48.14690364809876,75.6032476059782,138.80753234311672,50.35297797404452,-11.265480671691769,40.68290448128759,103.13697530114037,2022,-48.14690364809876,2023,168.78221732108733,300000.0,85000.0,850000.0,9768571.042654488,10618571.042654488,10318571.042654488,524410.9259034211,652756.5219781458,494220.36216149037,658075.0322639088,1486532.7455156096,2525399.7778517217,1224497.9800801533,3206232.8219113625,7294761.785951499,9768571.04265449
57,AMZN + PBR + TSLA + NVDA,Not rebalanced,AMZN,Consumer Discretionary,Amazon.com Inc. Common Stock,PBR,Energy,Petroleo Brasileiro S.A. Petrobras ADS,TSLA,Industrials,Tesla Inc. Common Stock,NVDA,Technology,NVIDIA Corporation Common Stock,32.715705443655274,128.16726659849897,172.8318463672657,-49.872405787578224,73.68835931033034,147.08130187001186,44.15826204444152,-5.1869488297536845,49.21227743077805,90.5139498110381,2022,-49.872405787578224,2023,172.8318463672657,300000.0,85000.0,850000.0,9761410.467729043,10611410.467729043,10311410.467729043,486541.8494331143,640980.1741929769,522732.86054872116,668562.6069022305,1566893.192950121,2636511.0789803136,1236619.5750367946,3288892.019111922,7419175.0213838555,9761410.467729047
58,PBR + BA + NVDA + ANET,Not rebalanced,PBR,Energy,Petroleo Brasileiro S.A. Petrobras ADS,BA,Industrials,Boeing Company (The) Common Stock,NVDA,Technology,NVIDIA Corporation Common Stock,ANET,Telecommunications,Arista Networks Inc. Common Stock,34.62067343204495,135.01912995005426,175.58105882455465,-36.42285266994782,100.65450665671538,50.01255679530428,31.551891510584156,-9.170800924575992,69.70094231985271,99.42608802474624,2022,-36.42285266994782,2023,175.58105882455465,300000.0,85000.0,850000.0,9761283.10577947,10611283.10577947,10311283.10577947,513278.2640742387,786038.0508569651,628952.0660214555,742398.3395461227,1028690.730759023,1979114.3108278783,1173264.421225187,3148294.514824153,7314094.377005006,9761283.10577947
59,PBR + BAC + NVDA + ANET,Not rebalanced,PBR,Energy,Petroleo Brasileiro S.A. Petrobras ADS,BAC,Finance,Bank of America Corporation Common Stock,NVDA,Technology,NVIDIA Corporation Common Stock,ANET,Telecommunications,Arista Networks Inc. Common Stock,34.59797126512032,136.1368503762685,169.8206562789964,-36.63711473670488,103.68471214876604,54.46581444874329,39.49593039975792,-13.370303766421982,60.770423786908246,104.94100659823795,2022,-36.63711473670488,2023,169.8206562789964,300000.0,85000.0,850000.0,9760595.709868297,10610595.709868297,10310595.709868297,529823.0197947138,766798.7142445561,579275.3968730409,723065.6044449385,1031889.1749046026,2016800.4955987167,1192902.9840157824,3133698.660243115,7314817.316581415,9760595.709868297
60,NEM + ISRG + NVDA + ANET,Not rebalanced,NEM,Basic Materials,Newmont Corporation,ISRG,Health Care,Intuitive Surgical Inc. Common Stock,NVDA,Technology,NVIDIA Corporation Common Stock,ANET,Telecommunications,Arista Networks Inc. Common Stock,37.0389574597186,144.89091812005802,157.5675965115366,-40.69927073380965,91.53409332397926,78.30591907033714,37.55854232988675,-12.656912715399535,72.80206953497238,89.37264573483289,2022,-40.69927073380965,2023,157.5675965115366,300000.0,85000.0,850000.0,9744629.005972568,10594629.005972568,10294629.005972568,483117.9372044987,749837.7937840418,569931.478717718,698989.4344032616,1161339.5352172868,2139361.149191345,1183656.7631080183,2963716.2756835753,7172871.997995099,9744629.005972572
61,MA + TSLA + NVDA + ANET,Not rebalanced,MA,Consumer Discretionary,Mastercard Incorporated Common Stock,TSLA,Industrials,Tesla Inc. Common Stock,NVDA,Technology,NVIDIA Corporation Common Stock,ANET,Telecommunications,Arista Networks Inc. Common Stock,32.89405184936471,135.25901197657572,161.84385329361083,-48.639229734803244,81.56828800755544,159.7224313757696,45.15354184061973,-14.040479250860798,83.13467168263692,61.80505749543902,2022,-48.639229734803244,2023,161.84385329361083,300000.0,85000.0,850000.0,9741221.009489752,10591221.009489752,10291221.009489752,400415.17248631705,648299.0115002809,472274.7233070483,600523.4880981675,1474694.2042711412,2592577.0200417535,1246567.527211929,3179060.447158595,7394026.1981234215,9741221.009489749
62,V + PBR + NVDA + ANET,Not rebalanced,V,Consumer Discretionary,Visa Inc.,PBR,Energy,Petroleo Brasileiro S.A. Petrobras ADS,NVDA,Technology,NVIDIA Corporation Common Stock,ANET,Telecommunications,Arista Networks Inc. Common Stock,34.21316226726842,134.28242784235636,168.90718109562147,-35.467080147019146,96.00948801816216,57.906029336865195,39.182657251827386,-9.678003295446548,63.26805777740684,96.94168538889521,2022,-35.467080147019146,2023,168.90718109562147,300000.0,85000.0,850000.0,9737567.155358018,10587567.155358018,10287567.155358018,505825.05616668565,740850.7449548249,584151.1854437569,728037.1422686707,1064614.5434540422,2001745.5159911625,1206784.8294952149,3160131.066885184,7318631.786499169,9737567.155358016
63,ISRG + CAT + NVDA + ANET,Not rebalanced,ISRG,Health Care,Intuitive Surgical Inc. Common Stock,CAT,Industrials,Caterpillar Inc. Common Stock,NVDA,Technology,NVIDIA Corporation Common Stock,ANET,Telecommunications,Arista Networks Inc. Common Stock,36.08440864548339,142.30977406867277,156.04172578740062,-38.14628852173673,94.0626598685247,76.53414561077861,35.55336291803975,-14.581059022760826,89.83317073833564,77.3748829770473,2022,-38.14628852173673,2023,156.04172578740062,300000.0,85000.0,850000.0,9736160.993259208,10586160.993259208,10286160.993259208,447124.64893114194,763790.8982186384,567422.0965389037,684159.73379853,1122775.5406742124,2093888.078585586,1210147.4908060785,3013482.520032808,7216962.685890445,9736160.993259206
64,PBR + CME + TSLA + NVDA,Not rebalanced,PBR,Energy,Petroleo Brasileiro S.A. Petrobras ADS,CME,Finance,CME Group Inc. Class A Common Stock,TSLA,Industrials,Tesla Inc. Common Stock,NVDA,Technology,NVIDIA Corporation Common Stock,33.35708587513048,128.40109068992848,169.4936103262579,-48.59651232071971,80.28097113294399,134.04385412469642,41.05454619102318,-4.485791341076889,45.38158132921982,96.26018412331209,2022,-48.59651232071971,2023,169.4936103262579,300000.0,85000.0,850000.0,9720566.378689393,10570566.378689393,10270566.378689393,503780.55236993625,647404.1334644917,533362.9349037677,667332.6673796317,1476851.0945684307,2577481.49547548,1239915.3829624676,3256492.730536201,7352864.914782917,9720566.378689393
65,SONY + PBR + TSLA + NVDA,Not rebalanced,SONY,Consumer Staples,Sony Group Corporation American Depositary Shares,PBR,Energy,Petroleo Brasileiro S.A. Petrobras ADS,TSLA,Industrials,Tesla Inc. Common Stock,NVDA,Technology,NVIDIA Corporation Common Stock,33.330481881261555,127.16590200743092,165.52423485991451,-49.04919515797938,77.3882867505198,141.8306616859661,48.178211761380965,-8.134841369232436,50.04499811459948,91.42806979164722,2022,-49.04919515797938,2023,165.52423485991451,300000.0,85000.0,850000.0,9718964.805424629,10568964.805424629,10268964.805424629,489284.20937494165,649146.4827316641,511339.4461074914,672693.6472726311,1541779.4983188626,2649936.2375385896,1265163.8408262704,3274316.6080782614,7353130.857320098,9718964.805424623
66,FCX + DE + NVDA + ANET,Not rebalanced,FCX,Basic Materials,Freeport-McMoRan Inc. Common Stock,DE,Industrials,Deere & Company Common Stock,NVDA,Technology,NVIDIA Corporation Common Stock,ANET,Telecommunications,Arista Networks Inc. Common Stock,35.64195420264695,134.06034638275347,135.5368943407042,-33.682419276379854,99.06504661390464,93.54633025014085,37.42443459040597,-24.975785728627145,77.42245895647095,96.26215198671811,2022,-33.682419276379854,2023,135.5368943407042,300000.0,85000.0,850000.0,9711140.200137734,10561140.200137734,10261140.200137734,503786.4559601543,808830.3180541643,521818.5909087828,632106.2481440182,1138418.4465645964,2181193.211315103,1361514.5686520159,3121869.1309991935,7222057.701632969,9711140.200137729
67,NEM + CAT + NVDA + ANET,Not rebalanced,NEM,Basic Materials,Newmont Corporation,CAT,Industrials,Caterpillar Inc. Common Stock,NVDA,Technology,NVIDIA Corporation Common Stock,ANET,Telecommunications,Arista Networks Inc. Common Stock,39.05750110007943,143.09899425758965,157.7915392126715,-38.212847815681954,92.78869240925765,78.55952490686303,37.57272103706309,-20.03741324527237,73.23111417375712,95.87053669319977,2022,-38.212847815681954,2023,157.7915392126715,300000.0,85000.0,850000.0,9706054.379430175,10556054.379430175,10256054.379430175,502611.6100795993,785679.6921075496,543249.8054157763,662363.539339034,1097713.189000062,2031266.9034771826,1170061.9729211319,2931320.7697355375,7041011.309690926,9706054.379430177
68,SPGI + TSLA + NVDA + ANET,Not rebalanced,SPGI,Finance,S&P Global Inc. Common Stock,TSLA,Industrials,Tesla Inc. Common Stock,NVDA,Technology,NVIDIA Corporation Common Stock,ANET,Telecommunications,Arista Networks Inc. Common Stock,32.83207472179042,134.44808623102526,163.121195736121,-49.666978856727,86.14548722184642,162.3803779503468,45.43832231669596,-16.94739275419743,84.91189350988496,62.71576934899149,2022,-49.666978856727,2023,163.121195736121,300000.0,85000.0,850000.0,9705639.075963417,10555639.075963417,10255639.075963417,403147.3080469745,660467.3209437893,463535.33005031967,589158.0073703445,1460835.006463042,2634278.440287921,1240911.9243228016,3180102.2933102646,7370688.966854861,9705639.075963411
69,PBR + TMO + NVDA + ANET,Not rebalanced,PBR,Energy,Petroleo Brasileiro S.A. Petrobras ADS,TMO,Industrials,Thermo Fisher Scientific Inc Common Stock,NVDA,Technology,NVIDIA Corporation Common Stock,ANET,Telecommunications,Arista Networks Inc. Common Stock,34.27765180066141,132.86869337463014,160.49075348097622,-35.58666018484307,100.09587501828344,62.19804463569465,39.439667447765665,-9.7900704711933,61.75500206005249,96.56975407777672,2022,-35.58666018484307,2023,160.49075348097622,300000.0,85000.0,850000.0,9704765.681683542,10554765.681683542,10254765.681683542,504709.26223333017,731392.4775227988,574788.6385523104,716483.3661248814,1077122.0099945627,2070276.7109131427,1248534.3729145369,3167316.5954740588,7290688.770918261,9704765.681683544
70,PGR + DHR + NVDA + ANET,Not rebalanced,PGR,Finance,Progressive Corporation (The) Common Stock,DHR,Industrials,Danaher Corporation Common Stock,NVDA,Technology,NVIDIA Corporation Common Stock,ANET,Telecommunications,Arista Networks Inc. Common Stock,33.60961637626437,138.81130777225803,141.78554699150774,-35.861683797266515,93.8568073898846,79.54427033943395,42.36439967342295,-13.427870069692824,74.64243989965024,84.81310807427461,2022,-35.861683797266515,2023,141.78554699150774,300000.0,85000.0,850000.0,9688431.254819434,10538431.254819434,10238431.254819434,469439.32422282384,734840.2896711695,551166.8903543705,699665.4346516728,1171209.199462575,2185468.761934773,1316722.8650416895,3098645.5816033017,7314916.036654135,9688431.254819432
71,MA + PBR + TSLA + NVDA,Not rebalanced,MA,Consumer Discretionary,Mastercard Incorporated Common Stock,PBR,Energy,Petroleo Brasileiro S.A. Petrobras ADS,TSLA,Industrials,Tesla Inc. Common Stock,NVDA,Technology,NVIDIA Corporation Common Stock,32.92475078422708,127.05458920237447,163.3630628208553,-47.1359427847205,75.5386749526312,134.1740892965509,51.430872160009244,-6.079519608442398,48.009870306548855,89.50433800111722,2022,-47.1359427847205,2023,163.3630628208553,300000.0,85000.0,850000.0,9686826.156428263,10536826.156428263,10236826.156428263,483513.0140033517,630646.9849416462,507306.67783206806,683218.9267670689,1514921.699658453,2574273.4781503277,1275865.404367155,3275158.206413029,7351397.01129896,9686826.15642826
72,BABA + PBR + NVDA + ANET,Not rebalanced,BABA,Consumer Discretionary,Alibaba Group Holding Limited American Depositary Shares each representing eight Ordinary share,PBR,Energy,Petroleo Brasileiro S.A. Petrobras ADS,NVDA,Technology,NVIDIA Corporation Common Stock,ANET,Telecommunications,Arista Networks Inc. Common Stock,34.92436784274991,137.5920059154031,175.63876478950195,-37.09639456915709,90.74550443878213,56.422992654893655,40.82838576452449,-14.274481833862376,69.82294448329094,98.61070085677443,2022,-37.09639456915709,2023,175.63876478950195,300000.0,85000.0,850000.0,9675191.702164285,10525191.702164285,10225191.702164285,510832.1025703233,782510.1179508278,585810.8533158019,739987.9683580304,1072511.3253917787,1960767.1377816163,1148393.2237677798,3080416.8969198493,7233824.295948884,9675191.702164287
73,RIO + DHR + NVDA + ANET,Not rebalanced,RIO,Basic Materials,Rio Tinto Plc Common Stock,DHR,Industrials,Danaher Corporation Common Stock,NVDA,Technology,NVIDIA Corporation Common Stock,ANET,Telecommunications,Arista Networks Inc. Common Stock,35.55885226457429,136.47997571311222,142.75542317240158,-36.79301151170481,92.20923824506671,78.30429827344365,44.661792984556605,-15.049204233335548,71.17403092391044,90.89939528432403,2022,-36.79301151170481,2023,142.75542317240158,300000.0,85000.0,850000.0,9671782.426271662,10521782.426271662,10221782.426271662,487698.1858529721,749812.6434673168,551971.8073845482,713492.3133317507,1187187.462521138,2196883.978252816,1303584.2032354588,3079521.348972818,7197451.338131025,9671782.426271662
74,PBR + RY + NVDA + ANET,Not rebalanced,PBR,Energy,Petroleo Brasileiro S.A. Petrobras ADS,RY,Finance,Royal Bank Of Canada Common Stock,NVDA,Technology,NVIDIA Corporation Common Stock,ANET,Telecommunications,Arista Networks Inc. Common Stock,34.86754158884216,135.60663876888177,170.23246797418278,-35.96988642103133,102.80428732264508,59.007573449225944,36.151810828333176,-13.082749992346402,58.9217358661274,104.55533162606652,2022,-35.96988642103133,2023,170.23246797418278,300000.0,85000.0,850000.0,9670969.576465042,10520969.576465042,10220969.576465042,528665.9948781995,755165.1759943669,571368.8039897612,692928.9731402494,1016809.5459169492,1977133.3530254918,1180960.731549894,3106339.330673242,7233741.685755005,9670969.576465042
75,JPM + TSLA + NVDA + ANET,Not rebalanced,JPM,Finance,JP Morgan Chase & Co. Common Stock,TSLA,Industrials,Tesla Inc. Common Stock,NVDA,Technology,NVIDIA Corporation Common Stock,ANET,Telecommunications,Arista Networks Inc. Common Stock,33.60719688744583,137.60821197480612,167.38586367666204,-49.71823703030274,86.592238604843,163.43199914223135,42.668623934484536,-18.17137907301216,77.51141518219568,68.71237853022174,2022,-49.71823703030274,2023,167.38586367666204,300000.0,85000.0,850000.0,9670874.674327621,10520874.674327621,10220874.674327621,421137.1355906652,662566.4892447521,457169.02087333985,567236.7511347503,1409283.1133837164,2544612.9095427045,1194476.2316725794,3108860.588470173,7301908.057053414,9670874.674327627
76,NFLX + DHR + NVDA + ANET,Not rebalanced,NFLX,Consumer Discretionary,Netflix Inc. Common Stock,DHR,Industrials,Danaher Corporation Common Stock,NVDA,Technology,NVIDIA Corporation Common Stock,ANET,Telecommunications,Arista Networks Inc. Common Stock,34.217790549037005,142.46791176103076,153.94708483326497,-41.68169917355007,90.78508212790356,83.3451237686823,41.03564494055562,-9.787871217539077,73.79636957902163,83.14697687410126,2022,-41.68169917355007,2023,153.94708483326497,300000.0,85000.0,850000.0,9667077.094131514,10517077.094131514,10217077.094131514,464440.93062230374,722181.4762605864,566495.2834072777,713960.2765112824,1224011.3526288369,2250231.06436779,1227296.5214082338,3031683.7383762775,7265860.251639712,9667077.09413152
77,PBR + SPGI + TSLA + NVDA,Not rebalanced,PBR,Energy,Petroleo Brasileiro S.A. Petrobras ADS,SPGI,Finance,S&P Global Inc. Common Stock,TSLA,Industrials,Tesla Inc. Common Stock,NVDA,Technology,NVIDIA Corporation Common Stock,32.85882183660246,126.24331683025403,164.6863077977204,-48.25581201081236,80.20122558745535,136.22482851672737,51.82322026365874,-9.275276052904417,49.69655731021003,90.41504985466972,2022,-48.25581201081236,2023,164.6863077977204,300000.0,85000.0,850000.0,9657034.225535238,10507034.225535238,10207034.225535238,486245.14956400916,642892.2489852034,498262.21816910023,671477.7449814649,1501197.1516104534,2620175.665686007,1270788.622099516,3278603.483748735,7332621.267345397,9657034.225535242
78,PBR + AXP + NVDA + ANET,Not rebalanced,PBR,Energy,Petroleo Brasileiro S.A. Petrobras ADS,AXP,Finance,American Express Company Common Stock,NVDA,Technology,NVIDIA Corporation Common Stock,ANET,Telecommunications,Arista Networks Inc. Common Stock,34.49451603223023,136.27949869389482,171.0812279033576,-35.9425287828464,102.92610610033601,57.19271155979872,37.698239953645604,-11.903786153434806,61.625106859193004,98.74443634055517,2022,-35.9425287828464,2023,171.0812279033576,300000.0,85000.0,850000.0,9649490.155598728,10499490.155598728,10199490.155598728,511233.3090216655,741281.3820060552,568040.8314968282,697182.2271891863,1010919.6474316781,1966419.8763363499,1174638.8462925446,3099225.407959664,7237834.257320911,9649490.155598724
79,ACN + PBR + NVDA + ANET,Not rebalanced,ACN,Consumer Discretionary,Accenture plc Class A Ordinary Shares (Ireland),PBR,Energy,Petroleo Brasileiro S.A. Petrobras ADS,NVDA,Technology,NVIDIA Corporation Common Stock,ANET,Telecommunications,Arista Networks Inc. Common Stock,33.60451041850761,133.04197974813727,169.34234717964438,-37.21653727712741,103.29915989740395,59.96992629580385,40.066811855360804,-12.29761041465597,61.03068241222223,100.18682140209985,2022,-37.21653727712741,2023,169.34234717964438,300000.0,85000.0,850000.0,9647446.835217312,10497446.835217312,10197446.835217312,515560.4642062995,745210.5337590249,568567.4455483616,711374.2942270547,1052984.9341623143,2055709.524998217,1205645.623317797,3162314.2205128083,7284519.665339923,9647446.835217314
80,COST + PBR + NVDA + ANET,Not rebalanced,COST,Consumer Discretionary,Costco Wholesale Corporation Common Stock,PBR,Energy,Petroleo Brasileiro S.A. Petrobras ADS,NVDA,Technology,NVIDIA Corporation Common Stock,ANET,Telecommunications,Arista Networks Inc. Common Stock,33.395906046944624,133.63013184129576,169.3356880440009,-36.01206744913416,102.55142439669278,61.2068180609607,39.32893868284032,-10.801694748448954,60.12857758393408,96.66833408393265,2022,-36.01206744913416,2023,169.3356880440009,300000.0,85000.0,850000.0,9647131.246472998,10497131.246472998,10197131.246472998,505005.00225179794,723657.3268335183,560490.0713641761,695924.8678544009,1036878.3355630252,2015211.8379436275,1204492.391620432,3159127.870408533,7295674.608670575,9647131.246472996
81,FCX + PBR + DHR + NVDA,Not rebalanced,FCX,Basic Materials,Freeport-McMoRan Inc. Common Stock,PBR,Energy,Petroleo Brasileiro S.A. Petrobras ADS,DHR,Industrials,Danaher Corporation Common Stock,NVDA,Technology,NVIDIA Corporation Common Stock,35.5836909131987,124.56486790348949,138.08424310881296,-34.2887112963328,92.32875786892319,68.74928118954621,49.840087682012275,-16.55821596736864,42.164388399945125,132.4948544400277,2022,-34.2887112963328,2023,138.08424310881296,300000.0,85000.0,850000.0,9645806.45823172,10495806.45823172,10195806.45823172,612484.5633200831,785734.9334880707,570631.2462700556,770034.3597520108,1214427.4469940425,2250693.2240229174,1393959.5222715745,3233797.977843503,7176974.1572099775,9645806.458231725
82,FCX + PH + NVDA + ANET,Not rebalanced,FCX,Basic Materials,Freeport-McMoRan Inc. Common Stock,PH,Industrials,Parker-Hannifin Corporation Common Stock,NVDA,Technology,NVIDIA Corporation Common Stock,ANET,Telecommunications,Arista Networks Inc. Common Stock,36.55985968815706,136.91774364838992,154.63719804399287,-37.49132079299043,99.99177035092502,90.26689182549009,41.96738306717302,-28.238371439262195,75.3330652397048,98.42068974215157,2022,-37.49132079299043,2023,154.63719804399287,300000.0,85000.0,850000.0,9643945.596013749,10493945.596013749,10193945.596013749,510262.0692264547,809658.1267302874,496023.8575160166,619192.0899043317,1093117.543890266,2101145.128042693,1228398.0677619174,3042958.4205754953,7124308.430186147,9643945.596013747
83,SYK + TSLA + NVDA + ANET,Not rebalanced,SYK,Health Care,Stryker Corporation Common Stock,TSLA,Industrials,Tesla Inc. Common Stock,NVDA,Technology,NVIDIA Corporation Common Stock,ANET,Telecommunications,Arista Networks Inc. Common Stock,32.842249808097655,136.42125204090698,165.31625551163506,-49.34616776851057,84.35994986534642,167.135636411816,40.64460508747011,-16.87448468977523,78.59688040085474,67.75040851408887,2022,-49.34616776851057,2020,167.135636411816,300000.0,85000.0,850000.0,9642650.244988315,10492650.244988315,10192650.244988315,418251.2255422666,661983.6410568312,465277.31289787963,569387.4392868156,1436036.7595877768,2562476.6500239708,1212992.623274233,3133266.607703549,7322708.143712384,9642650.244988317
84,ISRG + DE + NVDA + ANET,Not rebalanced,ISRG,Health Care,Intuitive Surgical Inc. Common Stock,DE,Industrials,Deere & Company Common Stock,NVDA,Technology,NVIDIA Corporation Common Stock,ANET,Telecommunications,Arista Networks Inc. Common Stock,34.50909333905313,140.23473367599792,142.61556812123052,-35.94293912846392,93.65804240753644,81.37392453312874,35.27972401421376,-12.10308224667401,85.92527104860305,76.58320893323724,2022,-35.94293912846392,2023,142.61556812123052,300000.0,85000.0,850000.0,9639385.653777268,10489385.653777268,10189385.653777268,444749.6267997117,741901.9491150145,567108.9460239467,682183.4170411116,1152302.8360016649,2146527.114807349,1290002.1805561709,3044746.1191326166,7229537.730408523,9639385.653777264
85,PBR + BNS + NVDA + ANET,Not rebalanced,PBR,Energy,Petroleo Brasileiro S.A. Petrobras ADS,BNS,Finance,Bank Nova Scotia Halifax Pfd 3 Ordinary Shares,NVDA,Technology,NVIDIA Corporation Common Stock,ANET,Telecommunications,Arista Networks Inc. Common Stock,34.7923971804901,136.51752572587284,173.01300295336148,-37.036079176730524,103.76801919798142,58.502979434754195,35.851534608958055,-13.911975183051755,57.824734720400606,107.53146256821695,2022,-37.036079176730524,2023,173.01300295336148,300000.0,85000.0,850000.0,9630240.94810348,10480240.94810348,10180240.94810348,537594.3877046509,763456.9162666271,572244.9795423218,692403.5864309622,1012480.3142061685,1978111.0810274081,1160496.2948544172,3083305.7837445405,7207558.550275317,9630240.94810348
86,BHP + DHR + NVDA + ANET,Not rebalanced,BHP,Energy,BHP Group Limited American Depositary Shares (Each representing two Ordinary Shares),DHR,Industrials,Danaher Corporation Common Stock,NVDA,Technology,NVIDIA Corporation Common Stock,ANET,Telecommunications,Arista Networks Inc. Common Stock,35.200286885465346,135.66405255035016,143.69506547966955,-36.52387806852842,93.64286011150733,76.73700853705887,42.141207030949104,-13.183455575002922,69.0524099919064,91.55041940841436,2022,-36.52387806852842,2023,143.69506547966955,300000.0,85000.0,850000.0,9628183.712300092,10478183.712300092,10178183.712300092,489651.2582252431,742767.2525854663,559844.8618151916,710770.2440848624,1171194.0669671376,2182933.688731448,1300641.649942344,3084599.52048285,7184292.2349185515,9628183.712300092
87,TSLA + NVDA + ANET + NEE,Not rebalanced,TSLA,Industrials,Tesla Inc. Common Stock,NVDA,Technology,NVIDIA Corporation Common Stock,ANET,Telecommunications,Arista Networks Inc. Common Stock,NEE,Utilities,NextEra Energy Inc. Common Stock,33.242091769634754,137.29033416493965,156.35428154098082,-48.76761091763415,84.40737374990864,166.94458825907446,41.94322816154642,-15.474840835123635,80.12537526100283,64.68573652428796,2022,-48.76761091763415,2020,166.94458825907446,300000.0,85000.0,850000.0,9622149.925880173,10472149.925880173,10172149.925880173,409057.2095728639,651815.8337753079,465948.370960445,576382.1593073931,1453620.9819618831,2595584.2771135415,1244779.8358115223,3106046.4048616285,7285347.893414253,9622149.925880173
88,NEM + DE + NVDA + ANET,Not rebalanced,NEM,Basic Materials,Newmont Corporation,DE,Industrials,Deere & Company Common Stock,NVDA,Technology,NVIDIA Corporation Common Stock,ANET,Telecommunications,Arista Networks Inc. Common Stock,37.438240673745156,140.94885902867688,143.74582883056212,-35.92303689501845,92.40797619660866,83.6116993976929,37.27560132233395,-17.71741693276866,69.62635210416221,95.07886264938973,2022,-35.92303689501845,2023,143.74582883056212,300000.0,85000.0,850000.0,9618655.682247292,10468655.682247292,10168655.682247292,500236.5879481692,763533.0760268086,543254.7375275453,660756.2076530048,1128225.7017474307,2085796.239662217,1251514.8869334513,2965515.334093814,7060375.361819498,9618655.682247289
89,UNH + DHR + NVDA + ANET,Not rebalanced,UNH,Health Care,UnitedHealth Group Incorporated Common Stock (DE),DHR,Industrials,Danaher Corporation Common Stock,NVDA,Technology,NVIDIA Corporation Common Stock,ANET,Telecommunications,Arista Networks Inc. Common Stock,33.69139410294631,136.81975790761035,138.78340554176623,-36.74172133434778,98.87877686367507,75.90605796886697,41.08202543342484,-12.525180772829184,70.29300930604825,90.69012161508316,2022,-36.74172133434778,2023,138.78340554176623,300000.0,85000.0,850000.0,9617203.372995509,10467203.372995509,10167203.372995509,487070.36484524945,744446.7817329238,566203.476563366,713811.3328100638,1170637.376881213,2243149.2966503664,1333977.6329617065,3100317.221151406,7257163.737498712,9617203.37299551
90,PBR + TSLA + NVDA + TMUS,Not rebalanced,PBR,Energy,Petroleo Brasileiro S.A. Petrobras ADS,TSLA,Industrials,Tesla Inc. Common Stock,NVDA,Technology,NVIDIA Corporation Common Stock,TMUS,Telecommunications,T-Mobile US Inc. Common Stock,32.487123649899374,128.30494118291514,163.09432233388523,-46.65916212461798,74.80598842064282,149.98702747580356,45.435849930294516,-9.580832423257837,41.13185355865478,99.52986474982485,2022,-46.65916212461798,2023,163.09432233388523,300000.0,85000.0,850000.0,9615117.67520072,10465117.67520072,10165117.67520072,513589.5942494746,639838.5140486576,493536.6582381927,632779.2336262882,1496865.9966265284,2531611.400735509,1265382.7329010158,3244150.126055925,7321555.037177446,9615117.67520072
91,PBR + ISRG + DHR + NVDA,Not rebalanced,PBR,Energy,Petroleo Brasileiro S.A. Petrobras ADS,ISRG,Health Care,Intuitive Surgical Inc. Common Stock,DHR,Industrials,Danaher Corporation Common Stock,NVDA,Technology,NVIDIA Corporation Common Stock,34.36971764425035,130.78938424723543,145.5830713109262,-36.62611997569102,87.06595789355654,59.81144812458159,46.678832121475224,-2.413211428290245,45.959275146268496,112.81591138654683,2022,-36.62611997569102,2023,145.5830713109262,300000.0,85000.0,850000.0,9615088.663535168,10465088.663535168,10165088.663535168,553447.7341596405,722808.3010928583,620365.4085662549,824944.7361706009,1233356.1291017462,2222189.457143072,1323287.6804826935,3164770.528008514,7218954.414428832,9615088.663535167
92,PBR + TD + NVDA + ANET,Not rebalanced,PBR,Energy,Petroleo Brasileiro S.A. Petrobras ADS,TD,Finance,Toronto Dominion Bank (The) Common Stock,NVDA,Technology,NVIDIA Corporation Common Stock,ANET,Telecommunications,Arista Networks Inc. Common Stock,35.181644360529454,134.99767010592166,170.26243101472525,-36.183877187471495,103.5983602927065,58.858470984386926,35.82251593464897,-12.98486727807376,58.80053694601369,104.33662204699962,2022,-36.183877187471495,2023,170.26243101472525,300000.0,85000.0,850000.0,9614840.623986412,10464840.623986412,10164840.623986412,528009.8661409989,753482.5025598344,570643.7996389312,690062.7656946736,1011223.158415131,1973833.7694333245,1174624.182416731,3089567.8706862982,7175412.512453935,9614840.62398641
93,AEM + DHR + NVDA + ANET,Not rebalanced,AEM,Basic Materials,Agnico Eagle Mines Limited Common Stock,DHR,Industrials,Danaher Corporation Common Stock,NVDA,Technology,NVIDIA Corporation Common Stock,ANET,Telecommunications,Arista Networks Inc. Common Stock,36.86252324718602,142.71320518679914,151.13190280794277,-39.01255772200064,92.68422051743379,75.87152591489948,47.37029874623306,-16.458956214863147,63.459284505660065,96.44746819181613,2022,-39.01255772200064,2023,151.13190280794277,300000.0,85000.0,850000.0,9610851.248930305,10460851.248930305,10160851.248930305,504342.40457544837,739394.4859776692,532697.8712754922,700038.444313517,1146168.2940051062,2123485.4431217075,1210059.4589055702,2953845.344257055,7084372.711307338,9610851.248930307
94,PBR + EQIX + NVDA + ANET,Not rebalanced,PBR,Energy,Petroleo Brasileiro S.A. Petrobras ADS,EQIX,Real Estate,Equinix Inc. Common Stock REIT,NVDA,Technology,NVIDIA Corporation Common Stock,ANET,Telecommunications,Arista Networks Inc. Common Stock,33.7618111568397,134.76481197497574,170.35387951522935,-36.42889268544456,99.3360565167917,59.87103424204797,41.84703903499268,-13.99216500547819,60.1939724667777,101.77189618217872,2022,-36.42889268544456,2023,170.35387951522935,300000.0,85000.0,850000.0,9610079.900924139,10460079.900924139,10160079.900924139,520315.68854653614,748514.3708505629,558781.0049914352,707614.3102703255,1046270.3162739037,2000593.988966164,1186799.7516542256,3123559.1706743063,7248017.813960646,9610079.90092414
95,PBR + IBN + NVDA + ANET,Not rebalanced,PBR,Energy,Petroleo Brasileiro S.A. Petrobras ADS,IBN,Finance,ICICI Bank Limited Common Stock,NVDA,Technology,NVIDIA Corporation Common Stock,ANET,Telecommunications,Arista Networks Inc. Common Stock,33.958521762194074,134.48782711268495,165.58297700364176,-34.64323623272848,101.92687178101008,56.11670480141665,39.57315980828187,-11.034219846321996,62.9524702730589,96.01511693478977,2022,-34.64323623272848,2023,165.58297700364176,300000.0,85000.0,850000.0,9606676.18317646,10456676.18317646,10156676.18317646,503045.3508043693,734724.8257294948,568653.6731929962,708687.9000413255,1021380.1968708748,1977441.0805320798,1207391.4956403328,3121626.2782103913,7234833.630354124,9606676.183176463
96,AMZN + DHR + NVDA + ANET,Not rebalanced,AMZN,Consumer Discretionary,Amazon.com Inc. Common Stock,DHR,Industrials,Danaher Corporation Common Stock,NVDA,Technology,NVIDIA Corporation Common Stock,ANET,Telecommunications,Arista Networks Inc. Common Stock,34.40509865652579,140.23283348782275,155.38583718171998,-41.50031625907775,89.0805170276899,84.99287879679792,41.66275849225748,-11.076933823320967,73.86307699120059,83.82444270171383,2022,-41.50031625907775,2023,155.38583718171998,300000.0,85000.0,850000.0,9606053.79791538,10456053.79791538,10156053.79791538,466473.3281051415,726024.8815868577,560603.5859126372,709166.5040103544,1226907.5312313635,2234843.1035039285,1222376.14765561,3036775.5581999365,7210331.970129355,9606053.797915379
97,FCX + NFLX + NVDA + ANET,Not rebalanced,FCX,Basic Materials,Freeport-McMoRan Inc. Common Stock,NFLX,Consumer Discretionary,Netflix Inc. Common Stock,NVDA,Technology,NVIDIA Corporation Common Stock,ANET,Telecommunications,Arista Networks Inc. Common Stock,35.24768258997272,140.48873959259646,157.30589078500844,-40.78432350320446,94.16100691695381,94.44093231136505,37.542412733420534,-20.472027782904327,78.37460175552337,88.5862810653939,2022,-40.78432350320446,2023,157.30589078500844,300000.0,85000.0,850000.0,9605909.958687918,10455909.958687918,10155909.958687918,480758.8431961817,772551.6719556502,529394.6790355977,643142.2144279089,1165531.7178215845,2178008.1192588573,1204722.241974266,3014821.29619701,7165305.736193371,9605909.958687918
98,FCX + PGR + NVDA + ANET,Not rebalanced,FCX,Basic Materials,Freeport-McMoRan Inc. Common Stock,PGR,Finance,Progressive Corporation (The) Common Stock,NVDA,Technology,NVIDIA Corporation Common Stock,ANET,Telecommunications,Arista Networks Inc. Common Stock,34.631713653134035,136.9085476129152,144.86056603714056,-34.82539847833443,97.49262387906037,90.47097006938212,38.867654298696905,-23.779088874130295,79.15638921547031,90.25241226556723,2022,-34.82539847833443,2023,144.86056603714056,300000.0,85000.0,850000.0,9605517.140226651,10455517.140226651,10155517.140226651,485757.2367967017,785265.1257978127,513536.23363679985,628135.7216252997,1111416.202332022,2109965.0202025166,1290161.2941635207,3074096.2476808946,7197796.772603934,9605517.140226651
99,PBR + JPM + TSLA + NVDA,Not rebalanced,PBR,Energy,Petroleo Brasileiro S.A. Petrobras ADS,JPM,Finance,JP Morgan Chase & Co. Common Stock,TSLA,Industrials,Tesla Inc. Common Stock,NVDA,Technology,NVIDIA Corporation Common Stock,33.6840499198322,129.3433851989396,169.1519761411232,-48.261013231023654,80.44481822461091,136.24216006067724,49.27007117213323,-10.529809191100664,44.41489685459972,96.41165903589992,2022,-48.261013231023654,2023,169.1519761411232,300000.0,85000.0,850000.0,9599390.896426532,10449390.896426532,10149390.896426532,504234.9771076997,643190.4220948992,490463.6979128714,647115.5109480195,1443759.6611512895,2520189.496164703,1218920.5099737872,3195748.640183905,7244238.113846848,9599390.89642653
100,ISRG + PH + NVDA + ANET,Not rebalanced,ISRG,Health Care,Intuitive Surgical Inc. Common Stock,PH,Industrials,Parker-Hannifin Corporation Common Stock,NVDA,Technology,NVIDIA Corporation Common Stock,ANET,Telecommunications,Arista Networks Inc. Common Stock,35.42220883712726,143.17268617715905,163.29520339226255,-39.84447036419169,94.40582170176212,78.21658491501789,39.284662929060495,-15.551212449194582,83.5031587476308,78.74174668867072,2022,-39.84447036419169,2023,163.29520339226255,300000.0,85000.0,850000.0,9595582.91164373,10445582.91164373,10145582.91164373,451225.24006601213,743012.5685877125,542465.1055224198,670570.6937346747,1110068.189814881,2073037.1858594958,1162046.4987010355,2974612.692267557,7148445.587153728,9595582.91164373
