Rank,Ranking,Combo,Stock 1,Sector 1,Stock 2,Sector 2,Stock 3,Sector 3,Stock 4,Sector 4,Includes Semiconductor,2025,2024,2023,2022,2021,2020,2019,2018,2017,2016,Worst Year,Worst Year %,Starting Value ($),Ending Value ($),Total Profit ($),Total Return %,10Y CAGR %
1,Best Worst Year,AVGO + PGR + PBR + LLY,AVGO,Technology,PGR,Finance,PBR,Energy,LLY,Health Care,Yes,21.700005,48.231483,69.358095,26.255864,38.457139,22.12998,23.51456,20.288851,32.346961,40.823319,2018,20.288851,100000.0,1619660.61,1519660.61,1519.660605,32.112041
2,Best Worst Year,PANW + PBR + LLY + CAT,PANW,Technology,PBR,Energy,LLY,Health Care,CAT,Industrials,No,25.181061,19.777938,71.840491,21.318391,39.779967,20.701238,20.540453,20.132694,27.638521,34.461992,2024,19.777938,100000.0,1037521.96,937521.96,937.521964,26.357123
3,Best Worst Year,SHOP + PGR + MPC + MRK,SHOP,Technology,PGR,Finance,MPC,Energy,MRK,Health Care,No,19.330749,19.39301,44.764721,22.012746,23.819524,47.900828,60.155397,19.548643,57.619282,24.210429,2025,19.330749,100000.0,1966866.91,1866866.91,1866.866906,34.703071
4,Best Worst Year,GOOG + PGR + PBR + LLY,GOOG,Technology,PGR,Finance,PBR,Energy,LLY,Health Care,No,25.396206,29.512373,58.019569,19.905447,40.628557,18.667147,23.527794,19.125572,29.194345,35.338198,2020,18.667147,100000.0,1048181.07,948181.07,948.181074,26.486342
5,Best Worst Year,GOOGL + PGR + PBR + LLY,GOOGL,Technology,PGR,Finance,PBR,Energy,LLY,Health Care,No,25.540157,29.609654,57.89324,19.800892,40.659864,18.623375,23.295687,19.183063,28.532809,35.37592,2020,18.623375,100000.0,1042552.45,942552.45,942.552446,26.418255
6,Best Worst Year,TSM + PGR + PBR + LLY,TSM,Technology,PGR,Finance,PBR,Energy,LLY,Health Care,Yes,23.029141,43.753865,53.89447,20.386168,27.359578,34.077051,32.462132,18.506896,30.9021,42.691139,2018,18.506896,100000.0,1273449.52,1173449.52,1173.44952,28.972813
7,Best Worst Year,LIN + AVGO + PBR + LLY,LIN,Basic Materials,AVGO,Technology,PBR,Energy,LLY,Health Care,Yes,23.259208,36.178632,70.482837,18.455696,44.095022,18.228951,26.991271,18.693037,25.735916,41.475099,2020,18.228951,100000.0,1515295.48,1415295.48,1415.295484,31.235017
8,Best Worst Year,AVGO + TMUS + PBR + LLY,AVGO,Technology,TMUS,Telecommunications,PBR,Energy,LLY,Health Care,Yes,20.810601,45.309097,67.323971,24.73173,32.249022,29.748885,23.05141,17.9795,19.558453,48.850569,2018,17.9795,100000.0,1525498.64,1425498.64,1425.498638,31.323117
9,Best Worst Year,SHOP + PGR + XOM + LLY,SHOP,Technology,PGR,Finance,XOM,Energy,LLY,Health Care,No,26.147096,33.112751,50.559101,18.417808,39.043938,55.255467,58.918248,17.95888,52.802607,22.644055,2018,17.95888,100000.0,2226629.29,2126629.29,2126.629293,36.38443
10,Best Worst Year,AVGO + TJX + BHP + MRK,AVGO,Technology,TJX,Consumer Discretionary,BHP,Energy,MRK,Health Care,Yes,28.81707,27.539846,35.345763,17.901742,17.993714,18.823898,28.644996,18.267857,21.008522,21.976664,2022,17.901742,100000.0,1093347.89,993347.89,993.347885,27.021091
11,Best Worst Year,AAPL + TJX + PBR + LLY,AAPL,Technology,TJX,Consumer Discretionary,PBR,Energy,LLY,Health Care,No,19.24185,23.077264,54.697032,17.953357,33.494848,24.179413,41.896503,20.422704,17.885211,36.146298,2017,17.885211,100000.0,1022406.81,922406.81,922.406813,26.171822
12,Best Worst Year,AVGO + COP + LLY + DHR,AVGO,Technology,COP,Energy,LLY,Health Care,DHR,Industrials,Yes,22.222358,32.820216,41.459284,18.414138,64.432632,21.305162,25.343684,17.877525,24.495,24.120419,2018,17.877525,100000.0,1376414.93,1276414.93,1276.414934,29.979523
13,Best Worst Year,SHOP + PGR + MPC + LLY,SHOP,Technology,PGR,Finance,MPC,Energy,LLY,Health Care,No,26.945131,29.283287,59.739516,18.221231,39.900349,57.46199,58.622525,19.673861,62.449488,17.854676,2016,17.854676,100000.0,2274312.3,2174312.3,2174.312298,36.673718
14,Best Worst Year,NEM + PGR + PBR + LLY,NEM,Basic Materials,PGR,Finance,PBR,Energy,LLY,Health Care,No,52.2463,18.650213,41.121801,24.381134,26.186897,20.981092,23.880776,17.84662,23.026702,57.436147,2018,17.84662,100000.0,1016702.26,916702.26,916.702259,26.101246
15,Best Worst Year,SHOP + PGR + XOM + MRK,SHOP,Technology,PGR,Finance,XOM,Energy,MRK,Health Care,No,18.532713,23.222474,35.584306,22.209323,22.963113,45.694305,60.45112,17.833662,47.9724,28.999807,2018,17.833662,100000.0,1919183.9,1819183.9,1819.183901,34.37289
16,Best Worst Year,NOW + PBR + LLY + RTX,NOW,Technology,PBR,Energy,LLY,Health Care,RTX,Industrials,No,18.220167,30.464148,54.402604,17.82895,31.924703,18.792417,35.56376,22.50827,28.535735,31.942558,2022,17.82895,100000.0,928760.8,828760.8,828.760797,24.965574
17,Best Worst Year,SHOP + PGR + VLO + MRK,SHOP,Technology,PGR,Finance,VLO,Energy,MRK,Health Care,No,23.782054,19.667689,38.615277,19.09554,18.632647,45.824378,66.209884,17.674309,58.920903,24.194231,2018,17.674309,100000.0,1945245.37,1845245.37,1845.245366,34.554256
18,Best Worst Year,NOW + PBR + LLY + CAT,NOW,Technology,PBR,Energy,LLY,Health Care,CAT,Industrials,No,17.936116,26.438332,64.499367,17.475181,30.096494,31.022373,29.486816,21.783087,42.511316,38.183981,2022,17.475181,100000.0,1101877.49,1001877.49,1001.877493,27.119838
19,Best Worst Year,AVGO + PBR + LLY + NEE,AVGO,Technology,PBR,Energy,LLY,Health Care,NEE,Utilities,Yes,26.324201,40.749421,57.245375,17.418104,41.595496,19.275299,27.902248,21.516062,25.549203,41.705721,2022,17.418104,100000.0,1491004.9,1391004.9,1391.004902,31.023111
20,Best Worst Year,WMT + PBR + LLY + TMO,WMT,Consumer Discretionary,PBR,Energy,LLY,Health Care,TMO,Industrials,No,18.863909,25.827403,39.904012,18.434288,33.003723,17.299718,28.896097,20.729186,25.300395,35.165529,2020,17.299718,100000.0,880047.44,780047.44,780.04744,24.294127
21,Best Worst Year,TJX + PBR + LLY + DE,TJX,Consumer Discretionary,PBR,Energy,LLY,Health Care,DE,Industrials,No,19.825006,17.289808,41.075013,31.201197,32.047581,18.092148,24.230904,21.046294,19.476528,42.760992,2024,17.289808,100000.0,916272.78,816272.78,816.272785,24.796521
22,Best Worst Year,ORCL + PBR + LLY + TMO,ORCL,Technology,PBR,Energy,LLY,Health Care,TMO,Industrials,No,17.273506,22.326923,44.419045,17.388767,41.733396,17.531817,26.191168,20.844785,19.89444,32.879357,2025,17.273506,100000.0,871666.77,771666.77,771.666773,24.175252
23,Best Worst Year,AMD + TMUS + PGR + MPC,AMD,Technology,TMUS,Telecommunications,PGR,Finance,MPC,Energy,Yes,21.717005,17.245349,49.057331,19.787665,28.688652,46.508744,50.724165,20.222732,24.363293,89.438983,2024,17.245349,100000.0,2335773.27,2235773.27,2235.773272,37.038649
24,Best Worst Year,AVGO + PBR + LLY + DE,AVGO,Technology,PBR,Energy,LLY,Health Care,DE,Industrials,Yes,25.301705,37.272125,62.198616,26.200915,42.962132,26.248613,21.804662,17.216172,30.657608,46.833059,2018,17.216172,100000.0,1571432.8,1471432.8,1471.432801,31.713285
25,Best Worst Year,RIO + AVGO + PBR + LLY,RIO,Basic Materials,AVGO,Technology,PBR,Energy,LLY,Health Care,Yes,33.571751,31.543758,66.333263,24.173088,35.647765,20.814261,26.610897,17.208579,28.162564,46.909606,2018,17.208579,100000.0,1538133.87,1438133.87,1438.133868,31.431485
26,Best Worst Year,SHOP + TJX + XOM + MRK,SHOP,Technology,TJX,Consumer Discretionary,XOM,Energy,MRK,Health Care,No,26.469645,18.015182,34.717289,17.190444,23.459998,38.387083,63.856501,20.220554,33.441097,27.114089,2022,17.190444,100000.0,1815337.32,1715337.32,1715.33732,33.627466
27,Best Worst Year,MSFT + PBR + LLY + CAT,MSFT,Technology,PBR,Energy,LLY,Health Care,CAT,Industrials,No,28.769359,17.156541,58.557577,20.515061,38.73376,17.914214,29.235786,17.843942,33.844766,45.482762,2024,17.156541,100000.0,1129542.01,1029542.01,1029.542012,27.435445
28,Best Worst Year,FTNT + PBR + LLY + CAT,FTNT,Technology,PBR,Energy,LLY,Health Care,CAT,Industrials,No,20.885686,29.280084,48.939191,19.52528,61.107371,17.061984,27.742046,27.9461,34.92539,40.871169,2020,17.061984,100000.0,1199113.36,1099113.36,1099.113357,28.199409
29,Best Worst Year,NEM + FTNT + MPC + LLY,NEM,Basic Materials,FTNT,Technology,MPC,Energy,LLY,Health Care,No,54.070645,20.708541,25.581489,17.031415,69.113639,20.766132,26.072403,21.819586,27.143288,19.270996,2022,17.031415,100000.0,981335.76,881335.76,881.335757,25.655575
30,Best Worst Year,AEM + NOW + COP + MRK,AEM,Basic Materials,NOW,Technology,COP,Energy,MRK,Health Care,No,24.806717,19.416124,23.482389,20.501308,20.868612,16.975638,35.410516,20.157097,24.193453,18.126618,2020,16.975638,100000.0,553885.39,453885.39,453.885395,18.670287
31,Best Worst Year,ASML + PGR + PBR + LLY,ASML,Technology,PGR,Finance,PBR,Energy,LLY,Health Care,No,23.001307,18.683473,53.287842,21.942536,40.369177,27.480182,39.559116,16.963962,34.41492,41.886069,2018,16.963962,100000.0,1173038.74,1073038.74,1073.038743,27.917875
32,Best Worst Year,RIO + FTNT + PBR + LLY,RIO,Basic Materials,FTNT,Technology,PBR,Energy,LLY,Health Care,No,16.925893,19.275901,45.216641,19.494536,57.019372,19.37554,32.243761,31.604077,27.379317,40.156043,2025,16.925893,100000.0,1076806.87,976806.87,976.806874,26.827602
33,Best Worst Year,SHOP + IBN + XOM + MRK,SHOP,Technology,IBN,Finance,XOM,Energy,MRK,Health Care,No,19.435511,16.955606,32.247088,18.325215,28.646656,34.942491,65.919318,16.923799,43.583734,24.690976,2018,16.923799,100000.0,1802373.91,1702373.91,1702.373907,33.531734
34,Best Worst Year,SHOP + COP + LLY + LMT,SHOP,Technology,COP,Energy,LLY,Health Care,LMT,Industrials,No,22.939626,16.912702,45.753636,17.905662,44.378513,43.3052,65.620237,19.204227,49.285689,21.074392,2024,16.912702,100000.0,2079209.42,1979209.42,1979.209418,35.453373
35,Best Worst Year,ANET + PBR + LLY + NEE,ANET,Telecommunications,PBR,Energy,LLY,Health Care,NEE,Utilities,No,18.302709,35.05838,54.718067,16.839865,51.946002,18.769404,19.77317,17.970281,49.363485,41.874093,2022,16.839865,100000.0,1384552.59,1284552.59,1284.55259,30.056166
36,Best Worst Year,VZ + PGR + BHP + LLY,VZ,Telecommunications,PGR,Finance,BHP,Energy,LLY,Health Care,No,18.051967,18.299835,25.819829,17.44111,17.569213,24.439544,19.902939,17.915126,29.317375,16.77009,2016,16.77009,100000.0,761979.96,661979.96,661.979963,22.516436
37,Best Worst Year,RIO + PGR + PBR + LLY,RIO,Basic Materials,PGR,Finance,PBR,Energy,LLY,Health Care,No,20.15812,16.768733,46.076677,34.192249,24.236328,19.965018,25.631758,18.651808,31.512788,44.723257,2024,16.768733,100000.0,986820.43,886820.43,886.820433,25.725628
38,Best Worst Year,NFLX + CVX + LLY + DE,NFLX,Consumer Discretionary,CVX,Energy,LLY,Health Care,DE,Industrials,No,16.731885,31.302818,26.726879,17.063125,38.147731,32.539777,17.649393,16.811697,34.577513,18.366875,2025,16.731885,100000.0,828705.4,728705.4,728.705401,23.549223
39,Best Worst Year,SHOP + TMUS + MPC + LLY,SHOP,Technology,TMUS,Telecommunications,MPC,Energy,LLY,Health Care,No,26.055727,26.360901,57.705392,16.697097,33.692232,65.080895,58.159375,17.36451,49.66098,25.881926,2022,16.697097,100000.0,2180150.33,2080150.33,2080.150331,36.097029
40,Best Worst Year,SHOP + MPC + LLY + DE,SHOP,Technology,MPC,Energy,LLY,Health Care,DE,Industrials,No,30.546832,18.323929,52.580037,18.166281,44.405342,61.580623,56.912627,16.601183,60.760135,23.864416,2018,16.601183,100000.0,2226084.49,2126084.49,2126.084493,36.381092
41,Best Worst Year,SHOP + TMUS + MPC + MRK,SHOP,Technology,TMUS,Telecommunications,MPC,Energy,MRK,Health Care,No,18.441345,16.470624,42.730597,20.488612,17.611407,55.519733,59.692246,17.239292,44.830774,32.237678,2024,16.470624,100000.0,1872704.94,1772704.94,1772.704939,34.043863
42,Best Worst Year,APH + PGR + PBR + LLY,APH,Technology,PGR,Finance,PBR,Energy,LLY,Health Care,No,33.062667,30.933854,51.187035,26.584309,33.071613,16.432166,24.978477,17.677341,28.2523,42.381819,2020,16.432166,100000.0,1124195.21,1024195.21,1024.195206,27.374993
43,Best Worst Year,GOOG + TMUS + PBR + LLY,GOOG,Technology,TMUS,Telecommunications,PBR,Energy,LLY,Health Care,No,24.506802,26.589987,55.985444,18.381313,34.42044,26.286052,23.064644,16.81622,16.405838,43.365448,2017,16.405838,100000.0,954019.11,854019.11,854.019107,25.301338
44,Best Worst Year,NEM + FTNT + XOM + LLY,NEM,Basic Materials,FTNT,Technology,XOM,Energy,LLY,Health Care,No,53.272609,24.538005,16.401073,17.227993,68.257228,18.559609,26.368126,20.104604,17.496406,24.060374,2023,16.401073,100000.0,933652.75,833652.75,833.652752,25.03124
45,Best Worst Year,TJX + TMUS + BHP + LLY,TJX,Consumer Discretionary,TMUS,Telecommunications,BHP,Energy,LLY,Health Care,No,22.128417,19.732713,28.029847,22.605254,16.454985,35.154721,25.669836,17.526953,16.400445,21.461812,2017,16.400445,100000.0,755317.88,655317.88,655.317875,22.408895
46,Best Worst Year,TMUS + BHP + LLY + NEE,TMUS,Telecommunications,BHP,Energy,LLY,Health Care,NEE,Utilities,No,18.815681,17.457943,16.784144,18.786373,19.096457,39.607262,26.652142,16.367272,24.133991,24.229931,2018,16.367272,100000.0,730508.75,630508.75,630.508752,22.000762
47,Best Worst Year,FTNT + MNST + PBR + LLY,FTNT,Technology,MNST,Consumer Staples,PBR,Energy,LLY,Health Care,No,17.277382,20.92396,45.82293,16.304657,58.081331,21.7013,30.14219,26.777882,26.851449,27.669481,2022,16.304657,100000.0,1007070.09,907070.09,907.070086,25.981266
48,Best Worst Year,MA + ANET + PBR + LLY,MA,Consumer Discretionary,ANET,Telecommunications,PBR,Energy,LLY,Health Care,No,16.693339,35.735815,66.892292,18.311241,46.388009,16.299904,23.891214,20.722578,52.685879,38.993414,2020,16.299904,100000.0,1440411.59,1340411.59,1340.411589,30.57158
49,Best Worst Year,KLAC + PGR + PBR + LLY,KLAC,Technology,PGR,Finance,PBR,Energy,LLY,Health Care,No,32.6621,22.948782,57.324402,26.773642,41.347717,22.895479,42.248584,16.260992,29.501638,39.148512,2018,16.260992,100000.0,1363048.16,1263048.16,1263.048164,29.852741
50,Best Worst Year,FTNT + CVX + LLY + CAT,FTNT,Technology,CVX,Energy,LLY,Health Care,CAT,Industrials,No,23.676033,30.167083,23.235702,19.833172,67.561105,17.794711,25.627587,18.588286,37.127687,16.257466,2016,16.257466,100000.0,1031237.26,931237.26,931.23726,26.280374
